ISO-10303-21;
HEADER;
FILE_DESCRIPTION (( 'STEP AP203' ),
    '1' );
FILE_NAME ('Bauteil_A.STEP',
    '2024-08-19T12:18:59',
    ( '' ),
    ( '' ),
    'SwSTEP 2.0',
    'SolidWorks 2023',
    '' );
FILE_SCHEMA (( 'CONFIG_CONTROL_DESIGN' ));
ENDSEC;

DATA;
#1 = DIRECTION ( 'NONE',  ( 0.000000000000000000, 0.000000000000000000, 1.000000000000000000 ) ) ;
#2 = ORIENTED_EDGE ( 'NONE', *, *, #1452, .T. ) ;
#3 = DATE_AND_TIME ( #824, #1352 ) ;
#4 = DIRECTION ( 'NONE',  ( -0.000000000000000000, 1.000000000000000000, -0.000000000000000000 ) ) ;
#5 = ADVANCED_FACE ( 'NONE', ( #191 ), #263, .F. ) ;
#6 = ORIENTED_EDGE ( 'NONE', *, *, #698, .T. ) ;
#7 = EDGE_LOOP ( 'NONE', ( #1078, #10, #904, #1153 ) ) ;
#8 = DIRECTION ( 'NONE',  ( 0.000000000000000000, 1.000000000000000000, -0.000000000000000000 ) ) ;
#9 = CARTESIAN_POINT ( 'NONE',  ( -40.00000000000000711, 12.00000000000000000, -20.00000000000000000 ) ) ;
#10 = ORIENTED_EDGE ( 'NONE', *, *, #928, .T. ) ;
#11 = ORIENTED_EDGE ( 'NONE', *, *, #1040, .T. ) ;
#12 = ORIENTED_EDGE ( 'NONE', *, *, #327, .F. ) ;
#13 = DIRECTION ( 'NONE',  ( 0.000000000000000000, 0.000000000000000000, 1.000000000000000000 ) ) ;
#14 = CARTESIAN_POINT ( 'NONE',  ( -40.00000000000000711, 12.00000000000000000, -15.00000000000000355 ) ) ;
#15 = ORIENTED_EDGE ( 'NONE', *, *, #423, .T. ) ;
#16 = EDGE_LOOP ( 'NONE', ( #88, #1168 ) ) ;
#17 = PLANE ( 'NONE',  #998 ) ;
#18 = CARTESIAN_POINT ( 'NONE',  ( 0.000000000000000000, 7.000000000000000000, -18.50000000000000355 ) ) ;
#19 = APPROVAL_PERSON_ORGANIZATION ( #290, #475, #55 ) ;
#20 = ADVANCED_FACE ( 'NONE', ( #47 ), #329, .F. ) ;
#21 = ORIENTED_EDGE ( 'NONE', *, *, #983, .T. ) ;
#22 = CARTESIAN_POINT ( 'NONE',  ( -1.649999999999987255, 7.000000000000000000, 18.50000000000000355 ) ) ;
#23 = DIRECTION ( 'NONE',  ( 0.000000000000000000, 1.000000000000000000, 0.000000000000000000 ) ) ;
#24 = AXIS2_PLACEMENT_3D ( 'NONE', #947, #373, #257 ) ;
#25 = DIRECTION ( 'NONE',  ( -0.000000000000000000, 1.000000000000000000, -0.000000000000000000 ) ) ;
#26 = LINE ( 'NONE', #982, #1222 ) ;
#27 = EDGE_CURVE ( 'NONE', #1031, #34, #1010, .T. ) ;
#28 = VERTEX_POINT ( 'NONE', #1059 ) ;
#29 = CARTESIAN_POINT ( 'NONE',  ( 25.00000000000002132, 0.000000000000000000, -7.500000000000000000 ) ) ;
#30 = VERTEX_POINT ( 'NONE', #1044 ) ;
#31 = CYLINDRICAL_SURFACE ( 'NONE', #249, 2.749999999999997335 ) ;
#32 = LINE ( 'NONE', #410, #844 ) ;
#33 = CC_DESIGN_PERSON_AND_ORGANIZATION_ASSIGNMENT ( #1465, #1363, ( #379 ) ) ;
#34 = VERTEX_POINT ( 'NONE', #207 ) ;
#35 = DIRECTION ( 'NONE',  ( -1.000000000000000000, -0.000000000000000000, -0.000000000000000000 ) ) ;
#36 = CARTESIAN_POINT ( 'NONE',  ( 22.25000000000002842, 0.000000000000000000, -7.500000000000000000 ) ) ;
#37 = ORIENTED_EDGE ( 'NONE', *, *, #508, .T. ) ;
#38 = AXIS2_PLACEMENT_3D ( 'NONE', #339, #813, #1290 ) ;
#39 = CARTESIAN_POINT ( 'NONE',  ( 39.99999999999999289, 12.00000000000000000, -20.00000000000000000 ) ) ;
#40 = AXIS2_PLACEMENT_3D ( 'NONE', #123, #1079, #596 ) ;
#41 = DIRECTION ( 'NONE',  ( -0.000000000000000000, -0.000000000000000000, -1.000000000000000000 ) ) ;
#42 = ORIENTED_EDGE ( 'NONE', *, *, #989, .T. ) ;
#43 =( NAMED_UNIT ( * ) SI_UNIT ( $, .STERADIAN. ) SOLID_ANGLE_UNIT ( ) );
#44 = CARTESIAN_POINT ( 'NONE',  ( -40.00000000000000711, 6.599999999999999645, 20.00000000000000000 ) ) ;
#45 = AXIS2_PLACEMENT_3D ( 'NONE', #735, #463, #98 ) ;
#46 = ORIENTED_EDGE ( 'NONE', *, *, #528, .F. ) ;
#47 = FACE_OUTER_BOUND ( 'NONE', #480, .T. ) ;
#48 = CIRCLE ( 'NONE', #151, 4.999999999999997335 ) ;
#49 = EDGE_CURVE ( 'NONE', #1090, #674, #438, .T. ) ;
#50 = AXIS2_PLACEMENT_3D ( 'NONE', #1470, #757, #273 ) ;
#51 = CARTESIAN_POINT ( 'NONE',  ( 0.000000000000000000, 7.000000000000000000, 18.50000000000000355 ) ) ;
#52 = DIRECTION ( 'NONE',  ( 0.000000000000000000, 0.000000000000000000, 1.000000000000000000 ) ) ;
#53 = ADVANCED_FACE ( 'NONE', ( #936 ), #570, .F. ) ;
#54 = VERTEX_POINT ( 'NONE', #805 ) ;
#55 = APPROVAL_ROLE ( '' ) ;
#56 = DIRECTION ( 'NONE',  ( -0.000000000000000000, -0.000000000000000000, -1.000000000000000000 ) ) ;
#57 = ORIENTED_EDGE ( 'NONE', *, *, #348, .F. ) ;
#58 = CARTESIAN_POINT ( 'NONE',  ( -49.99999999999998579, 12.00000000000000000, 30.00000000000000000 ) ) ;
#59 = CARTESIAN_POINT ( 'NONE',  ( 39.99999999999999289, 12.00000000000000000, -20.00000000000000000 ) ) ;
#60 = FACE_OUTER_BOUND ( 'NONE', #1473, .T. ) ;
#61 = EDGE_LOOP ( 'NONE', ( #708, #477, #12, #799 ) ) ;
#62 = LINE ( 'NONE', #1374, #515 ) ;
#63 = VECTOR ( 'NONE', #478, 1000.000000000000000 ) ;
#64 = AXIS2_PLACEMENT_3D ( 'NONE', #1334, #979, #284 ) ;
#65 = ORIENTED_EDGE ( 'NONE', *, *, #581, .F. ) ;
#66 = CARTESIAN_POINT ( 'NONE',  ( 39.99999999999999289, 6.599999999999999645, 24.99999999999999645 ) ) ;
#67 = PLANE ( 'NONE',  #1073 ) ;
#68 = FACE_OUTER_BOUND ( 'NONE', #187, .T. ) ;
#69 = EDGE_LOOP ( 'NONE', ( #1476, #496 ) ) ;
#70 = VERTEX_POINT ( 'NONE', #338 ) ;
#71 = DATE_AND_TIME ( #1145, #971 ) ;
#72 = EDGE_CURVE ( 'NONE', #1312, #542, #1282, .T. ) ;
#73 = ORIENTED_EDGE ( 'NONE', *, *, #1082, .T. ) ;
#74 = VECTOR ( 'NONE', #897, 1000.000000000000000 ) ;
#75 = DIRECTION ( 'NONE',  ( -1.000000000000000000, 0.000000000000000000, 0.000000000000000000 ) ) ;
#76 = EDGE_CURVE ( 'NONE', #1464, #108, #812, .T. ) ;
#77 = DIRECTION ( 'NONE',  ( 0.000000000000000000, 0.000000000000000000, 1.000000000000000000 ) ) ;
#78 = AXIS2_PLACEMENT_3D ( 'NONE', #1041, #79, #1513 ) ;
#79 = DIRECTION ( 'NONE',  ( 0.000000000000000000, -1.000000000000000000, 0.000000000000000000 ) ) ;
#80 = EDGE_CURVE ( 'NONE', #457, #452, #224, .T. ) ;
#81 = ORIENTED_EDGE ( 'NONE', *, *, #195, .T. ) ;
#82 = DIRECTION ( 'NONE',  ( -0.000000000000000000, -0.000000000000000000, -1.000000000000000000 ) ) ;
#83 = CARTESIAN_POINT ( 'NONE',  ( -1.649999999999987255, 7.000000000000000000, 18.50000000000000355 ) ) ;
#84 = DIRECTION ( 'NONE',  ( -0.000000000000000000, -0.000000000000000000, -1.000000000000000000 ) ) ;
#85 = APPROVAL ( #1327, 'UNSPECIFIED' ) ;
#86 = ORIENTED_EDGE ( 'NONE', *, *, #575, .T. ) ;
#87 = ORIENTED_EDGE ( 'NONE', *, *, #133, .F. ) ;
#88 = ORIENTED_EDGE ( 'NONE', *, *, #1322, .T. ) ;
#89 = DIRECTION ( 'NONE',  ( -0.000000000000000000, 1.000000000000000000, -0.000000000000000000 ) ) ;
#90 = DIRECTION ( 'NONE',  ( 0.000000000000000000, 0.000000000000000000, -1.000000000000000000 ) ) ;
#91 = DIRECTION ( 'NONE',  ( -0.000000000000000000, -1.000000000000000000, -0.000000000000000000 ) ) ;
#92 = CIRCLE ( 'NONE', #1512, 2.750000000000002665 ) ;
#93 = ADVANCED_FACE ( 'NONE', ( #694 ), #1170, .F. ) ;
#94 = PLANE ( 'NONE',  #385 ) ;
#95 = VERTEX_POINT ( 'NONE', #701 ) ;
#96 = DIRECTION ( 'NONE',  ( -0.000000000000000000, 1.000000000000000000, -0.000000000000000000 ) ) ;
#97 = CARTESIAN_POINT ( 'NONE',  ( -40.00000000000000711, 12.00000000000000000, 24.99999999999999645 ) ) ;
#98 = DIRECTION ( 'NONE',  ( -1.000000000000000000, 0.000000000000000000, 0.000000000000000000 ) ) ;
#99 = EDGE_CURVE ( 'NONE', #70, #413, #1051, .T. ) ;
#100 = CC_DESIGN_APPROVAL ( #1515, ( #379 ) ) ;
#101 = CARTESIAN_POINT ( 'NONE',  ( -22.25000000000000000, 0.000000000000000000, -7.500000000000000000 ) ) ;
#102 = AXIS2_PLACEMENT_3D ( 'NONE', #1360, #287, #558 ) ;
#103 = CARTESIAN_POINT ( 'NONE',  ( 39.99999999999999289, 12.00000000000000000, -20.00000000000000000 ) ) ;
#104 = DIRECTION ( 'NONE',  ( 0.000000000000000000, -0.000000000000000000, -1.000000000000000000 ) ) ;
#105 = ADVANCED_FACE ( 'NONE', ( #345 ), #1524, .F. ) ;
#106 = CARTESIAN_POINT ( 'NONE',  ( -40.00000000000000711, 12.00000000000000000, 17.25000000000000000 ) ) ;
#107 = DIRECTION ( 'NONE',  ( 0.000000000000000000, 0.000000000000000000, 1.000000000000000000 ) ) ;
#108 = VERTEX_POINT ( 'NONE', #945 ) ;
#109 = DIRECTION ( 'NONE',  ( 0.000000000000000000, 0.000000000000000000, 1.000000000000000000 ) ) ;
#110 = PLANE ( 'NONE',  #267 ) ;
#111 = LINE ( 'NONE', #603, #1541 ) ;
#112 = CARTESIAN_POINT ( 'NONE',  ( 0.000000000000000000, 7.000000000000000000, -30.00000000000000000 ) ) ;
#113 = CIRCLE ( 'NONE', #1268, 4.999999999999997335 ) ;
#114 = DIRECTION ( 'NONE',  ( -0.000000000000000000, 1.000000000000000000, -0.000000000000000000 ) ) ;
#115 = AXIS2_PLACEMENT_3D ( 'NONE', #1436, #1325, #855 ) ;
#116 = EDGE_CURVE ( 'NONE', #965, #352, #637, .T. ) ;
#117 = DIRECTION ( 'NONE',  ( -0.000000000000000000, 1.000000000000000000, -0.000000000000000000 ) ) ;
#118 = EDGE_LOOP ( 'NONE', ( #926, #602, #432, #680 ) ) ;
#119 = AXIS2_PLACEMENT_3D ( 'NONE', #59, #782, #797 ) ;
#120 = AXIS2_PLACEMENT_3D ( 'NONE', #18, #41, #636 ) ;
#121 = AXIS2_PLACEMENT_3D ( 'NONE', #112, #343, #1427 ) ;
#122 = ORIENTED_EDGE ( 'NONE', *, *, #142, .F. ) ;
#123 = CARTESIAN_POINT ( 'NONE',  ( 39.99999999999999289, 6.599999999999999645, 20.00000000000000000 ) ) ;
#124 = ORIENTED_EDGE ( 'NONE', *, *, #394, .F. ) ;
#125 = DIRECTION ( 'NONE',  ( 0.000000000000000000, 1.000000000000000000, -0.000000000000000000 ) ) ;
#126 = VERTEX_POINT ( 'NONE', #322 ) ;
#127 = VERTEX_POINT ( 'NONE', #1376 ) ;
#128 = CYLINDRICAL_SURFACE ( 'NONE', #607, 2.749999999999997335 ) ;
#129 = ORIENTED_EDGE ( 'NONE', *, *, #682, .T. ) ;
#130 = AXIS2_PLACEMENT_3D ( 'NONE', #1217, #1147, #1102 ) ;
#131 = DIRECTION ( 'NONE',  ( 0.000000000000000000, 0.000000000000000000, 1.000000000000000000 ) ) ;
#132 = VECTOR ( 'NONE', #117, 1000.000000000000000 ) ;
#133 = EDGE_CURVE ( 'NONE', #34, #1030, #1272, .T. ) ;
#134 = AXIS2_PLACEMENT_3D ( 'NONE', #1088, #278, #985 ) ;
#135 = VERTEX_POINT ( 'NONE', #688 ) ;
#136 = VERTEX_POINT ( 'NONE', #1389 ) ;
#137 = EDGE_LOOP ( 'NONE', ( #668, #1017 ) ) ;
#138 = DIRECTION ( 'NONE',  ( 0.000000000000000000, 0.000000000000000000, 1.000000000000000000 ) ) ;
#139 = LINE ( 'NONE', #992, #867 ) ;
#140 = ORIENTED_EDGE ( 'NONE', *, *, #235, .T. ) ;
#141 = ORIENTED_EDGE ( 'NONE', *, *, #1528, .F. ) ;
#142 = EDGE_CURVE ( 'NONE', #474, #513, #437, .T. ) ;
#143 = CARTESIAN_POINT ( 'NONE',  ( -49.99999999999998579, 12.00000000000000000, 30.00000000000000000 ) ) ;
#144 = ORIENTED_EDGE ( 'NONE', *, *, #1528, .T. ) ;
#145 = DIRECTION ( 'NONE',  ( 1.000000000000000000, -0.000000000000000000, 0.000000000000000000 ) ) ;
#146 = ORIENTED_EDGE ( 'NONE', *, *, #743, .F. ) ;
#147 = ORIENTED_EDGE ( 'NONE', *, *, #490, .F. ) ;
#148 = DIRECTION ( 'NONE',  ( -1.000000000000000000, 0.000000000000000000, -0.000000000000000000 ) ) ;
#149 = CARTESIAN_POINT ( 'NONE',  ( -1.649999999999987255, 7.000000000000000000, -18.50000000000000355 ) ) ;
#150 = AXIS2_PLACEMENT_3D ( 'NONE', #618, #744, #517 ) ;
#151 = AXIS2_PLACEMENT_3D ( 'NONE', #1046, #1130, #409 ) ;
#152 = DIRECTION ( 'NONE',  ( 0.000000000000000000, -1.000000000000000000, 0.000000000000000000 ) ) ;
#153 = CARTESIAN_POINT ( 'NONE',  ( 22.25000000000002842, 12.00000000000000000, -7.500000000000000000 ) ) ;
#154 = ORIENTED_EDGE ( 'NONE', *, *, #604, .F. ) ;
#155 = DIRECTION ( 'NONE',  ( 0.000000000000000000, 0.000000000000000000, 1.000000000000000000 ) ) ;
#156 = FACE_OUTER_BOUND ( 'NONE', #1502, .T. ) ;
#157 = VERTEX_POINT ( 'NONE', #890 ) ;
#158 = DIRECTION ( 'NONE',  ( 0.000000000000000000, -0.000000000000000000, -1.000000000000000000 ) ) ;
#159 = CYLINDRICAL_SURFACE ( 'NONE', #1243, 2.749999999999997335 ) ;
#160 = VERTEX_POINT ( 'NONE', #66 ) ;
#161 = COORDINATED_UNIVERSAL_TIME_OFFSET ( 1, 0, .AHEAD. ) ;
#162 = CARTESIAN_POINT ( 'NONE',  ( 0.000000000000000000, 0.000000000000000000, 0.000000000000000000 ) ) ;
#163 = VECTOR ( 'NONE', #525, 1000.000000000000000 ) ;
#164 = ORIENTED_EDGE ( 'NONE', *, *, #536, .T. ) ;
#165 = DIRECTION ( 'NONE',  ( 0.000000000000000000, 1.000000000000000000, 0.000000000000000000 ) ) ;
#166 = EDGE_CURVE ( 'NONE', #320, #126, #1283, .T. ) ;
#167 = AXIS2_PLACEMENT_3D ( 'NONE', #1250, #527, #1463 ) ;
#168 = FACE_OUTER_BOUND ( 'NONE', #595, .T. ) ;
#169 = VERTEX_POINT ( 'NONE', #1022 ) ;
#170 = DIRECTION ( 'NONE',  ( -0.000000000000000000, 1.000000000000000000, -0.000000000000000000 ) ) ;
#171 = DIRECTION ( 'NONE',  ( 0.000000000000000000, -1.000000000000000000, 0.000000000000000000 ) ) ;
#172 = VECTOR ( 'NONE', #1383, 1000.000000000000000 ) ;
#173 = ORIENTED_EDGE ( 'NONE', *, *, #259, .T. ) ;
#174 = AXIS2_PLACEMENT_3D ( 'NONE', #1398, #689, #1038 ) ;
#175 = LINE ( 'NONE', #58, #387 ) ;
#176 = CONICAL_SURFACE ( 'NONE', #1328, 1.649999999999987255, 1.029744258676648316 ) ;
#177 = CARTESIAN_POINT ( 'NONE',  ( -3.059515509201426723E-15, 7.000000000000000000, -17.50857997860452286 ) ) ;
#178 = CARTESIAN_POINT ( 'NONE',  ( 22.25000000000002842, 0.000000000000000000, -7.500000000000000000 ) ) ;
#179 = ORIENTED_EDGE ( 'NONE', *, *, #235, .F. ) ;
#180 = CARTESIAN_POINT ( 'NONE',  ( -49.99999999999998579, 12.00000000000000000, 30.00000000000000000 ) ) ;
#181 = CARTESIAN_POINT ( 'NONE',  ( 9.949999999999999289, 0.000000000000000000, 0.000000000000000000 ) ) ;
#182 = EDGE_LOOP ( 'NONE', ( #276, #679, #1371 ) ) ;
#183 = DIRECTION ( 'NONE',  ( -0.000000000000000000, 1.000000000000000000, -0.000000000000000000 ) ) ;
#184 = DIRECTION ( 'NONE',  ( 0.000000000000000000, 1.000000000000000000, 0.000000000000000000 ) ) ;
#185 = FACE_BOUND ( 'NONE', #745, .T. ) ;
#186 = EDGE_CURVE ( 'NONE', #1143, #1362, #92, .T. ) ;
#187 = EDGE_LOOP ( 'NONE', ( #841, #300, #1007, #1003 ) ) ;
#188 = EDGE_CURVE ( 'NONE', #1085, #1155, #842, .T. ) ;
#189 = AXIS2_PLACEMENT_3D ( 'NONE', #366, #1069, #1540 ) ;
#190 = VECTOR ( 'NONE', #23, 1000.000000000000000 ) ;
#191 = FACE_OUTER_BOUND ( 'NONE', #586, .T. ) ;
#192 = FACE_OUTER_BOUND ( 'NONE', #238, .T. ) ;
#193 = CIRCLE ( 'NONE', #1067, 2.749999999999997335 ) ;
#194 = CARTESIAN_POINT ( 'NONE',  ( 39.99999999999999289, 12.00000000000000000, 20.00000000000000000 ) ) ;
#195 = EDGE_CURVE ( 'NONE', #589, #169, #1037, .T. ) ;
#196 = CARTESIAN_POINT ( 'NONE',  ( -40.00000000000000711, 0.000000000000000000, -20.00000000000000000 ) ) ;
#197 = EDGE_LOOP ( 'NONE', ( #356, #980, #617, #1210 ) ) ;
#198 = ORGANIZATION ( 'UNSPECIFIED', 'UNSPECIFIED', '' ) ;
#199 = DIRECTION ( 'NONE',  ( -0.000000000000000000, -0.000000000000000000, 1.000000000000000000 ) ) ;
#200 = CIRCLE ( 'NONE', #1198, 1.649999999999987255 ) ;
#201 = DIRECTION ( 'NONE',  ( -0.000000000000000000, 1.000000000000000000, -0.000000000000000000 ) ) ;
#202 = CC_DESIGN_PERSON_AND_ORGANIZATION_ASSIGNMENT ( #669, #1421, ( #1323 ) ) ;
#203 = CIRCLE ( 'NONE', #1402, 2.749999999999995559 ) ;
#204 = DIRECTION ( 'NONE',  ( -0.000000000000000000, 1.000000000000000000, -0.000000000000000000 ) ) ;
#205 = ORIENTED_EDGE ( 'NONE', *, *, #1484, .T. ) ;
#206 = VERTEX_POINT ( 'NONE', #1004 ) ;
#207 = CARTESIAN_POINT ( 'NONE',  ( 39.99999999999999289, 6.599999999999999645, -24.99999999999999645 ) ) ;
#208 = DIRECTION ( 'NONE',  ( -0.000000000000000000, 1.000000000000000000, -0.000000000000000000 ) ) ;
#209 = EDGE_CURVE ( 'NONE', #524, #1331, #962, .T. ) ;
#210 = LINE ( 'NONE', #1248, #803 ) ;
#211 = CARTESIAN_POINT ( 'NONE',  ( 0.000000000000000000, 7.000000000000000000, -30.00000000000000000 ) ) ;
#212 = ORIENTED_EDGE ( 'NONE', *, *, #545, .F. ) ;
#213 = EDGE_CURVE ( 'NONE', #896, #1155, #1246, .T. ) ;
#214 = DIRECTION ( 'NONE',  ( -0.000000000000000000, 1.000000000000000000, -0.000000000000000000 ) ) ;
#215 = DIRECTION ( 'NONE',  ( -1.000000000000000000, 0.000000000000000000, 0.000000000000000000 ) ) ;
#216 = VECTOR ( 'NONE', #716, 1000.000000000000000 ) ;
#217 = DIRECTION ( 'NONE',  ( -0.000000000000000000, 1.000000000000000000, -0.000000000000000000 ) ) ;
#218 = VECTOR ( 'NONE', #214, 1000.000000000000000 ) ;
#219 = ADVANCED_FACE ( 'NONE', ( #543 ), #428, .F. ) ;
#220 = DIRECTION ( 'NONE',  ( -0.000000000000000000, 1.000000000000000000, -0.000000000000000000 ) ) ;
#221 = ORIENTED_EDGE ( 'NONE', *, *, #485, .T. ) ;
#222 = CC_DESIGN_DATE_AND_TIME_ASSIGNMENT ( #1117, #886, ( #379 ) ) ;
#223 = EDGE_LOOP ( 'NONE', ( #647, #65, #520, #1128, #46 ) ) ;
#224 = LINE ( 'NONE', #1289, #218 ) ;
#225 = CARTESIAN_POINT ( 'NONE',  ( -40.00000000000000711, 12.00000000000000000, 20.00000000000000000 ) ) ;
#226 = CARTESIAN_POINT ( 'NONE',  ( 25.00000000000002132, 0.000000000000000000, 7.500000000000000000 ) ) ;
#227 = VECTOR ( 'NONE', #1261, 1000.000000000000000 ) ;
#228 = FACE_BOUND ( 'NONE', #862, .T. ) ;
#229 = ORIENTED_EDGE ( 'NONE', *, *, #1284, .F. ) ;
#230 = CARTESIAN_POINT ( 'NONE',  ( 39.99999999999999289, 6.599999999999999645, -20.00000000000000000 ) ) ;
#231 = LINE ( 'NONE', #1186, #216 ) ;
#232 = FACE_OUTER_BOUND ( 'NONE', #1324, .T. ) ;
#233 = FACE_OUTER_BOUND ( 'NONE', #118, .T. ) ;
#234 = VERTEX_POINT ( 'NONE', #315 ) ;
#235 = EDGE_CURVE ( 'NONE', #375, #993, #1192, .T. ) ;
#236 = EDGE_CURVE ( 'NONE', #1509, #754, #175, .T. ) ;
#237 = DIRECTION ( 'NONE',  ( 0.000000000000000000, -1.000000000000000000, 0.000000000000000000 ) ) ;
#238 = EDGE_LOOP ( 'NONE', ( #569, #960, #762, #1028 ) ) ;
#239 = SHAPE_DEFINITION_REPRESENTATION ( #1039, #1276 ) ;
#240 = LINE ( 'NONE', #1293, #458 ) ;
#241 = VERTEX_POINT ( 'NONE', #1487 ) ;
#242 = AXIS2_PLACEMENT_3D ( 'NONE', #672, #82, #75 ) ;
#243 = EDGE_LOOP ( 'NONE', ( #124, #861 ) ) ;
#244 = LINE ( 'NONE', #571, #1392 ) ;
#245 = VECTOR ( 'NONE', #1134, 1000.000000000000000 ) ;
#246 = DIRECTION ( 'NONE',  ( -0.000000000000000000, -1.000000000000000000, -0.000000000000000000 ) ) ;
#247 = VECTOR ( 'NONE', #1188, 1000.000000000000000 ) ;
#248 = ORIENTED_EDGE ( 'NONE', *, *, #597, .T. ) ;
#249 = AXIS2_PLACEMENT_3D ( 'NONE', #1330, #986, #874 ) ;
#250 = VECTOR ( 'NONE', #1535, 1000.000000000000000 ) ;
#251 = ORIENTED_EDGE ( 'NONE', *, *, #1225, .T. ) ;
#252 = LINE ( 'NONE', #729, #923 ) ;
#253 = ADVANCED_FACE ( 'NONE', ( #681 ), #921, .F. ) ;
#254 = DIRECTION ( 'NONE',  ( 0.000000000000000000, 0.000000000000000000, 1.000000000000000000 ) ) ;
#255 = ORIENTED_EDGE ( 'NONE', *, *, #1113, .T. ) ;
#256 = ORIENTED_EDGE ( 'NONE', *, *, #892, .F. ) ;
#257 = DIRECTION ( 'NONE',  ( 0.000000000000000000, 0.000000000000000000, -1.000000000000000000 ) ) ;
#258 = CARTESIAN_POINT ( 'NONE',  ( -40.00000000000000711, 12.00000000000000000, 22.75000000000000000 ) ) ;
#259 = EDGE_CURVE ( 'NONE', #1509, #1418, #661, .T. ) ;
#260 = EDGE_LOOP ( 'NONE', ( #852, #1495 ) ) ;
#261 = CLOSED_SHELL ( 'NONE', ( #271, #1410, #253, #1054, #1472, #1329, #1047, #1184, #938, #105, #776, #1417, #865, #1231, #642, #362, #354, #219, #53, #951, #381, #914, #883, #793, #1346, #717, #1050, #1372, #408, #1092, #93, #857, #20, #792, #1308, #5, #1169, #888, #723, #1071, #1190, #1132, #461, #370, #1354, #652, #750, #834 ) ) ;
#262 = CARTESIAN_POINT ( 'NONE',  ( 39.99999999999999289, 12.00000000000000000, -22.75000000000000000 ) ) ;
#263 = PLANE ( 'NONE',  #130 ) ;
#264 = AXIS2_PLACEMENT_3D ( 'NONE', #917, #1131, #451 ) ;
#265 = VECTOR ( 'NONE', #383, 999.9999999999998863 ) ;
#266 = DIRECTION ( 'NONE',  ( -0.000000000000000000, 1.000000000000000000, -0.000000000000000000 ) ) ;
#267 = AXIS2_PLACEMENT_3D ( 'NONE', #330, #470, #1060 ) ;
#268 = ORIENTED_EDGE ( 'NONE', *, *, #1183, .F. ) ;
#269 = DIRECTION ( 'NONE',  ( -0.000000000000000000, 1.000000000000000000, -0.000000000000000000 ) ) ;
#270 = DIRECTION ( 'NONE',  ( -0.000000000000000000, 1.000000000000000000, -0.000000000000000000 ) ) ;
#271 = ADVANCED_FACE ( 'NONE', ( #192 ), #323, .F. ) ;
#272 = ORIENTED_EDGE ( 'NONE', *, *, #821, .F. ) ;
#273 = DIRECTION ( 'NONE',  ( 0.000000000000000000, 0.000000000000000000, 1.000000000000000000 ) ) ;
#274 = DIRECTION ( 'NONE',  ( -0.000000000000000000, 1.000000000000000000, -0.000000000000000000 ) ) ;
#275 = CIRCLE ( 'NONE', #676, 2.749999999999997335 ) ;
#276 = ORIENTED_EDGE ( 'NONE', *, *, #485, .F. ) ;
#277 = APPROVAL_STATUS ( 'not_yet_approved' ) ;
#278 = DIRECTION ( 'NONE',  ( 0.000000000000000000, 1.000000000000000000, -0.000000000000000000 ) ) ;
#279 = VECTOR ( 'NONE', #1407, 1000.000000000000000 ) ;
#280 = CARTESIAN_POINT ( 'NONE',  ( -40.00000000000000711, 6.599999999999999645, -20.00000000000000000 ) ) ;
#281 = DIRECTION ( 'NONE',  ( -0.000000000000000000, 1.000000000000000000, -0.000000000000000000 ) ) ;
#282 = EDGE_LOOP ( 'NONE', ( #795, #1318 ) ) ;
#283 = PERSON_AND_ORGANIZATION ( #635, #198 ) ;
#284 = DIRECTION ( 'NONE',  ( 0.000000000000000000, 0.000000000000000000, 1.000000000000000000 ) ) ;
#285 = ORIENTED_EDGE ( 'NONE', *, *, #1504, .F. ) ;
#286 = EDGE_CURVE ( 'NONE', #1331, #352, #551, .T. ) ;
#287 = DIRECTION ( 'NONE',  ( -0.000000000000000000, 1.000000000000000000, -0.000000000000000000 ) ) ;
#288 = FACE_OUTER_BOUND ( 'NONE', #197, .T. ) ;
#289 = ORIENTED_EDGE ( 'NONE', *, *, #1020, .T. ) ;
#290 = PERSON_AND_ORGANIZATION ( #635, #198 ) ;
#291 = CARTESIAN_POINT ( 'NONE',  ( 27.75000000000002132, 12.00000000000000000, -7.500000000000000888 ) ) ;
#292 = ORIENTED_EDGE ( 'NONE', *, *, #559, .T. ) ;
#293 = DIRECTION ( 'NONE',  ( -0.000000000000000000, 1.000000000000000000, -0.000000000000000000 ) ) ;
#294 = LINE ( 'NONE', #1257, #724 ) ;
#295 = DIRECTION ( 'NONE',  ( -0.000000000000000000, -1.000000000000000000, -0.000000000000000000 ) ) ;
#296 = EDGE_LOOP ( 'NONE', ( #501, #122, #685, #140 ) ) ;
#297 =( LENGTH_UNIT ( ) NAMED_UNIT ( * ) SI_UNIT ( .MILLI., .METRE. ) );
#298 = LINE ( 'NONE', #291, #798 ) ;
#299 = SECURITY_CLASSIFICATION ( '', '', #1319 ) ;
#300 = ORIENTED_EDGE ( 'NONE', *, *, #1255, .T. ) ;
#301 = AXIS2_PLACEMENT_3D ( 'NONE', #772, #312, #1149 ) ;
#302 = DIRECTION ( 'NONE',  ( 0.000000000000000000, 0.000000000000000000, 1.000000000000000000 ) ) ;
#303 = EDGE_CURVE ( 'NONE', #1418, #157, #557, .T. ) ;
#304 = CARTESIAN_POINT ( 'NONE',  ( -9.949999999999997513, -3.000000000000000000, -30.00000000000000000 ) ) ;
#305 = DIRECTION ( 'NONE',  ( -1.000000000000000000, -0.000000000000000000, -0.000000000000000000 ) ) ;
#306 = ORIENTED_EDGE ( 'NONE', *, *, #188, .T. ) ;
#307 = EDGE_LOOP ( 'NONE', ( #488, #780, #715, #21 ) ) ;
#308 = CARTESIAN_POINT ( 'NONE',  ( -49.99999999999998579, 0.000000000000000000, 30.00000000000000000 ) ) ;
#309 = VERTEX_POINT ( 'NONE', #1510 ) ;
#310 = EDGE_CURVE ( 'NONE', #899, #309, #244, .T. ) ;
#311 = CARTESIAN_POINT ( 'NONE',  ( -40.00000000000000711, 6.599999999999999645, 20.00000000000000000 ) ) ;
#312 = DIRECTION ( 'NONE',  ( -0.000000000000000000, 1.000000000000000000, -0.000000000000000000 ) ) ;
#313 = FACE_OUTER_BOUND ( 'NONE', #61, .T. ) ;
#314 = ORIENTED_EDGE ( 'NONE', *, *, #333, .T. ) ;
#315 = CARTESIAN_POINT ( 'NONE',  ( 39.99999999999999289, 6.599999999999999645, 22.75000000000000355 ) ) ;
#316 = VECTOR ( 'NONE', #454, 999.9999999999998863 ) ;
#317 = DIRECTION ( 'NONE',  ( 0.000000000000000000, 0.000000000000000000, 1.000000000000000000 ) ) ;
#318 = CARTESIAN_POINT ( 'NONE',  ( -22.25000000000000000, 0.000000000000000000, -7.500000000000000000 ) ) ;
#319 = CIRCLE ( 'NONE', #442, 2.750000000000002665 ) ;
#320 = VERTEX_POINT ( 'NONE', #1306 ) ;
#321 = ORIENTED_EDGE ( 'NONE', *, *, #1435, .F. ) ;
#322 = CARTESIAN_POINT ( 'NONE',  ( -27.74999999999999289, 12.00000000000000000, -7.500000000000000888 ) ) ;
#323 = CYLINDRICAL_SURFACE ( 'NONE', #242, 1.649999999999988809 ) ;
#324 = CIRCLE ( 'NONE', #1498, 4.999999999999997335 ) ;
#325 = PLANE ( 'NONE',  #875 ) ;
#326 = CARTESIAN_POINT ( 'NONE',  ( 27.75000000000001776, 0.000000000000000000, 7.500000000000000888 ) ) ;
#327 = EDGE_CURVE ( 'NONE', #754, #1464, #721, .T. ) ;
#328 = VERTEX_POINT ( 'NONE', #1053 ) ;
#329 = CYLINDRICAL_SURFACE ( 'NONE', #335, 4.999999999999997335 ) ;
#330 = CARTESIAN_POINT ( 'NONE',  ( 42.74999999999999289, 6.599999999999999645, 20.00000000000000000 ) ) ;
#331 = EDGE_CURVE ( 'NONE', #135, #70, #193, .T. ) ;
#332 = DIRECTION ( 'NONE',  ( -0.000000000000000000, 1.000000000000000000, -0.000000000000000000 ) ) ;
#333 = EDGE_CURVE ( 'NONE', #126, #625, #955, .T. ) ;
#334 = CARTESIAN_POINT ( 'NONE',  ( -1.649999999999988809, 7.000000000000000000, 30.00000000000000000 ) ) ;
#335 = AXIS2_PLACEMENT_3D ( 'NONE', #103, #445, #828 ) ;
#336 = ORIENTED_EDGE ( 'NONE', *, *, #493, .F. ) ;
#337 = AXIS2_PLACEMENT_3D ( 'NONE', #359, #1414, #107 ) ;
#338 = CARTESIAN_POINT ( 'NONE',  ( -22.25000000000000000, 0.000000000000000000, 7.500000000000000000 ) ) ;
#339 = CARTESIAN_POINT ( 'NONE',  ( 39.99999999999999289, 12.00000000000000000, 20.00000000000000000 ) ) ;
#340 = CIRCLE ( 'NONE', #1213, 4.999999999999997335 ) ;
#341 = APPROVAL_ROLE ( '' ) ;
#342 = CARTESIAN_POINT ( 'NONE',  ( 50.00000000000001421, 12.00000000000000000, -30.00000000000000000 ) ) ;
#343 = DIRECTION ( 'NONE',  ( -0.000000000000000000, -0.000000000000000000, -1.000000000000000000 ) ) ;
#344 = ORIENTED_EDGE ( 'NONE', *, *, #1479, .F. ) ;
#345 = FACE_OUTER_BOUND ( 'NONE', #1375, .T. ) ;
#346 = CARTESIAN_POINT ( 'NONE',  ( 0.000000000000000000, 7.000000000000000000, 30.00000000000000000 ) ) ;
#347 = DIRECTION ( 'NONE',  ( 0.000000000000000000, 0.000000000000000000, -1.000000000000000000 ) ) ;
#348 = EDGE_CURVE ( 'NONE', #1312, #1135, #460, .T. ) ;
#349 = DIRECTION ( 'NONE',  ( 0.000000000000000000, 0.000000000000000000, 1.000000000000000000 ) ) ;
#350 = VECTOR ( 'NONE', #1034, 1000.000000000000000 ) ;
#351 = EDGE_CURVE ( 'NONE', #95, #500, #113, .T. ) ;
#352 = VERTEX_POINT ( 'NONE', #97 ) ;
#353 = CARTESIAN_POINT ( 'NONE',  ( -27.74999999999999289, 12.00000000000000000, -7.500000000000000888 ) ) ;
#354 = ADVANCED_FACE ( 'NONE', ( #1525, #565 ), #110, .F. ) ;
#355 = DIRECTION ( 'NONE',  ( 0.000000000000000000, 0.000000000000000000, 1.000000000000000000 ) ) ;
#356 = ORIENTED_EDGE ( 'NONE', *, *, #1215, .F. ) ;
#357 = LINE ( 'NONE', #577, #893 ) ;
#358 = ORIENTED_EDGE ( 'NONE', *, *, #1183, .T. ) ;
#359 = CARTESIAN_POINT ( 'NONE',  ( -40.00000000000000711, 12.00000000000000000, 20.00000000000000000 ) ) ;
#360 = AXIS2_PLACEMENT_3D ( 'NONE', #453, #1178, #920 ) ;
#361 = EDGE_LOOP ( 'NONE', ( #285, #1508, #306, #977 ) ) ;
#362 = ADVANCED_FACE ( 'NONE', ( #1045 ), #702, .F. ) ;
#363 = ORIENTED_EDGE ( 'NONE', *, *, #1140, .T. ) ;
#364 = CARTESIAN_POINT ( 'NONE',  ( 9.949999999999999289, 3.000000000000000000, -30.00000000000000000 ) ) ;
#365 = CIRCLE ( 'NONE', #1074, 2.750000000000002665 ) ;
#366 = CARTESIAN_POINT ( 'NONE',  ( -40.00000000000000711, 6.599999999999999645, 20.00000000000000000 ) ) ;
#367 = LOCAL_TIME ( 14, 18, 59.00000000000000000, #1438 ) ;
#368 = EDGE_LOOP ( 'NONE', ( #845, #633, #2, #129 ) ) ;
#369 = CIRCLE ( 'NONE', #1249, 2.749999999999997335 ) ;
#370 = ADVANCED_FACE ( 'NONE', ( #1531 ), #1426, .F. ) ;
#371 = ORIENTED_EDGE ( 'NONE', *, *, #839, .T. ) ;
#372 = EDGE_LOOP ( 'NONE', ( #321, #15, #856, #785 ) ) ;
#373 = DIRECTION ( 'NONE',  ( 0.000000000000000000, 1.000000000000000000, -0.000000000000000000 ) ) ;
#374 = DIRECTION ( 'NONE',  ( 0.000000000000000000, 0.000000000000000000, -1.000000000000000000 ) ) ;
#375 = VERTEX_POINT ( 'NONE', #1517 ) ;
#376 = CARTESIAN_POINT ( 'NONE',  ( -27.74999999999999289, -0.000000000000000000, 7.499999999999999112 ) ) ;
#377 = DIRECTION ( 'NONE',  ( 1.000000000000000000, -0.000000000000000000, 0.000000000000000000 ) ) ;
#378 = ORIENTED_EDGE ( 'NONE', *, *, #1506, .T. ) ;
#379 = PRODUCT_DEFINITION ( 'UNKNOWN', '', #1323, #579 ) ;
#380 = ORIENTED_EDGE ( 'NONE', *, *, #303, .T. ) ;
#381 = ADVANCED_FACE ( 'NONE', ( #937 ), #588, .F. ) ;
#382 = DIRECTION ( 'NONE',  ( -0.000000000000000000, -0.000000000000000000, 1.000000000000000000 ) ) ;
#383 = DIRECTION ( 'NONE',  ( 0.8571673007021091140, 0.000000000000000000, 0.5150380749100594846 ) ) ;
#384 = DIRECTION ( 'NONE',  ( -0.000000000000000000, 1.000000000000000000, -0.000000000000000000 ) ) ;
#385 = AXIS2_PLACEMENT_3D ( 'NONE', #664, #924, #1391 ) ;
#386 = DIRECTION ( 'NONE',  ( -0.000000000000000000, 1.000000000000000000, -0.000000000000000000 ) ) ;
#387 = VECTOR ( 'NONE', #781, 1000.000000000000000 ) ;
#388 = VERTEX_POINT ( 'NONE', #829 ) ;
#389 = CARTESIAN_POINT ( 'NONE',  ( 50.00000000000001421, 0.000000000000000000, 30.00000000000000000 ) ) ;
#390 = CARTESIAN_POINT ( 'NONE',  ( 39.99999999999999289, 6.599999999999999645, -20.00000000000000000 ) ) ;
#391 = CARTESIAN_POINT ( 'NONE',  ( 39.99999999999999289, 0.000000000000000000, -20.00000000000000000 ) ) ;
#392 = FACE_OUTER_BOUND ( 'NONE', #582, .T. ) ;
#393 = APPROVAL_PERSON_ORGANIZATION ( #830, #85, #341 ) ;
#394 = EDGE_CURVE ( 'NONE', #1155, #1085, #919, .T. ) ;
#395 = ORIENTED_EDGE ( 'NONE', *, *, #682, .F. ) ;
#396 = AXIS2_PLACEMENT_3D ( 'NONE', #1341, #269, #623 ) ;
#397 = ORIENTED_EDGE ( 'NONE', *, *, #331, .T. ) ;
#398 = DIRECTION ( 'NONE',  ( 1.000000000000000000, 0.000000000000000000, 0.000000000000000000 ) ) ;
#399 = DIRECTION ( 'NONE',  ( 0.000000000000000000, 1.000000000000000000, 0.000000000000000000 ) ) ;
#400 = AXIS2_PLACEMENT_3D ( 'NONE', #870, #377, #1006 ) ;
#401 = CIRCLE ( 'NONE', #121, 1.649999999999989919 ) ;
#402 = CYLINDRICAL_SURFACE ( 'NONE', #102, 2.749999999999997335 ) ;
#403 = LINE ( 'NONE', #1361, #550 ) ;
#404 = ORIENTED_EDGE ( 'NONE', *, *, #663, .F. ) ;
#405 = LINE ( 'NONE', #541, #719 ) ;
#406 = ORIENTED_EDGE ( 'NONE', *, *, #908, .F. ) ;
#407 = CARTESIAN_POINT ( 'NONE',  ( 39.99999999999999289, 6.599999999999999645, -20.00000000000000000 ) ) ;
#408 = ADVANCED_FACE ( 'NONE', ( #1429, #446 ), #710, .F. ) ;
#409 = DIRECTION ( 'NONE',  ( 0.000000000000000000, 0.000000000000000000, 1.000000000000000000 ) ) ;
#410 = CARTESIAN_POINT ( 'NONE',  ( -40.00000000000000711, 12.00000000000000000, 15.00000000000000355 ) ) ;
#411 = CIRCLE ( 'NONE', #337, 4.999999999999997335 ) ;
#412 = AXIS2_PLACEMENT_3D ( 'NONE', #390, #514, #614 ) ;
#413 = VERTEX_POINT ( 'NONE', #1171 ) ;
#414 = CARTESIAN_POINT ( 'NONE',  ( -9.949999999999997513, 3.000000000000000000, 30.00000000000000000 ) ) ;
#415 = CARTESIAN_POINT ( 'NONE',  ( 0.000000000000000000, 7.000000000000000000, 30.00000000000000000 ) ) ;
#416 = AXIS2_PLACEMENT_3D ( 'NONE', #930, #1530, #1162 ) ;
#417 = EDGE_CURVE ( 'NONE', #1135, #1245, #357, .T. ) ;
#418 = ORIENTED_EDGE ( 'NONE', *, *, #479, .T. ) ;
#419 = CARTESIAN_POINT ( 'NONE',  ( 0.000000000000000000, 7.000000000000000000, 30.00000000000000000 ) ) ;
#420 = DIRECTION ( 'NONE',  ( -0.000000000000000000, 1.000000000000000000, -0.000000000000000000 ) ) ;
#421 = CARTESIAN_POINT ( 'NONE',  ( -9.949999999999997513, 0.000000000000000000, -30.00000000000000000 ) ) ;
#422 = ORIENTED_EDGE ( 'NONE', *, *, #626, .F. ) ;
#423 = EDGE_CURVE ( 'NONE', #1070, #54, #231, .T. ) ;
#424 = EDGE_LOOP ( 'NONE', ( #1146, #1133, #164, #1160 ) ) ;
#425 = LINE ( 'NONE', #505, #74 ) ;
#426 = ORIENTED_EDGE ( 'NONE', *, *, #27, .F. ) ;
#427 = CIRCLE ( 'NONE', #972, 2.749999999999997335 ) ;
#428 = CYLINDRICAL_SURFACE ( 'NONE', #987, 2.749999999999999112 ) ;
#429 = FACE_OUTER_BOUND ( 'NONE', #1202, .T. ) ;
#430 = DIRECTION ( 'NONE',  ( 0.000000000000000000, 0.000000000000000000, -1.000000000000000000 ) ) ;
#431 = PRODUCT_RELATED_PRODUCT_CATEGORY ( 'detail', '', ( #1521 ) ) ;
#432 = ORIENTED_EDGE ( 'NONE', *, *, #761, .T. ) ;
#433 = CARTESIAN_POINT ( 'NONE',  ( -49.99999999999998579, 0.000000000000000000, 30.00000000000000000 ) ) ;
#434 = CYLINDRICAL_SURFACE ( 'NONE', #995, 2.749999999999997335 ) ;
#435 = DIRECTION ( 'NONE',  ( 0.000000000000000000, 0.000000000000000000, 1.000000000000000000 ) ) ;
#436 = EDGE_CURVE ( 'NONE', #136, #738, #1485, .T. ) ;
#437 = CIRCLE ( 'NONE', #765, 2.749999999999995559 ) ;
#438 = LINE ( 'NONE', #687, #469 ) ;
#439 = DIRECTION ( 'NONE',  ( 0.000000000000000000, 0.000000000000000000, 1.000000000000000000 ) ) ;
#440 = CARTESIAN_POINT ( 'NONE',  ( -40.00000000000000711, 6.599999999999999645, 24.99999999999999645 ) ) ;
#441 = FACE_OUTER_BOUND ( 'NONE', #1116, .T. ) ;
#442 = AXIS2_PLACEMENT_3D ( 'NONE', #44, #779, #1253 ) ;
#443 = VERTEX_POINT ( 'NONE', #476 ) ;
#444 = EDGE_CURVE ( 'NONE', #206, #589, #1105, .T. ) ;
#445 = DIRECTION ( 'NONE',  ( -0.000000000000000000, 1.000000000000000000, -0.000000000000000000 ) ) ;
#446 = FACE_OUTER_BOUND ( 'NONE', #954, .T. ) ;
#447 = CIRCLE ( 'NONE', #174, 2.749999999999995559 ) ;
#448 = CARTESIAN_POINT ( 'NONE',  ( 27.75000000000002132, 12.00000000000000000, -7.500000000000000888 ) ) ;
#449 = ORIENTED_EDGE ( 'NONE', *, *, #209, .T. ) ;
#450 = AXIS2_PLACEMENT_3D ( 'NONE', #466, #948, #1057 ) ;
#451 = DIRECTION ( 'NONE',  ( 0.000000000000000000, 0.000000000000000000, 1.000000000000000000 ) ) ;
#452 = VERTEX_POINT ( 'NONE', #1358 ) ;
#453 = CARTESIAN_POINT ( 'NONE',  ( -40.00000000000000711, 12.00000000000000000, -20.00000000000000000 ) ) ;
#454 = DIRECTION ( 'NONE',  ( 0.8571673007021091140, 1.049727191138614875E-16, -0.5150380749100594846 ) ) ;
#455 = DIRECTION ( 'NONE',  ( 0.000000000000000000, 1.000000000000000000, 0.000000000000000000 ) ) ;
#456 = FACE_OUTER_BOUND ( 'NONE', #1486, .T. ) ;
#457 = VERTEX_POINT ( 'NONE', #506 ) ;
#458 = VECTOR ( 'NONE', #472, 1000.000000000000000 ) ;
#459 = DIRECTION ( 'NONE',  ( -0.000000000000000000, 1.000000000000000000, -0.000000000000000000 ) ) ;
#460 = LINE ( 'NONE', #1405, #316 ) ;
#461 = ADVANCED_FACE ( 'NONE', ( #156 ), #128, .F. ) ;
#462 = CIRCLE ( 'NONE', #666, 2.749999999999997335 ) ;
#463 = DIRECTION ( 'NONE',  ( -0.000000000000000000, -0.000000000000000000, -1.000000000000000000 ) ) ;
#464 = EDGE_CURVE ( 'NONE', #1030, #671, #1015, .T. ) ;
#465 = AXIS2_PLACEMENT_3D ( 'NONE', #835, #215, #1317 ) ;
#466 = CARTESIAN_POINT ( 'NONE',  ( 39.99999999999999289, 6.599999999999999645, 20.00000000000000000 ) ) ;
#467 = ORIENTED_EDGE ( 'NONE', *, *, #746, .T. ) ;
#468 = EDGE_CURVE ( 'NONE', #1382, #707, #820, .T. ) ;
#469 = VECTOR ( 'NONE', #89, 1000.000000000000000 ) ;
#470 = DIRECTION ( 'NONE',  ( 0.000000000000000000, -1.000000000000000000, 0.000000000000000000 ) ) ;
#471 = LOCAL_TIME ( 14, 18, 59.00000000000000000, #161 ) ;
#472 = DIRECTION ( 'NONE',  ( -1.000000000000000000, -0.000000000000000000, -0.000000000000000000 ) ) ;
#473 = AXIS2_PLACEMENT_3D ( 'NONE', #1218, #145, #1103 ) ;
#474 = VERTEX_POINT ( 'NONE', #632 ) ;
#475 = APPROVAL ( #1126, 'UNSPECIFIED' ) ;
#476 = CARTESIAN_POINT ( 'NONE',  ( -40.00000000000000711, 0.000000000000000000, -17.25000000000000355 ) ) ;
#477 = ORIENTED_EDGE ( 'NONE', *, *, #76, .F. ) ;
#478 = DIRECTION ( 'NONE',  ( -0.000000000000000000, -0.000000000000000000, -1.000000000000000000 ) ) ;
#479 = EDGE_CURVE ( 'NONE', #836, #388, #872, .T. ) ;
#480 = EDGE_LOOP ( 'NONE', ( #87, #426, #205, #251 ) ) ;
#481 = ORIENTED_EDGE ( 'NONE', *, *, #1348, .T. ) ;
#482 = CARTESIAN_POINT ( 'NONE',  ( 0.000000000000000000, 7.000000000000000000, -18.50000000000000355 ) ) ;
#483 = ORIENTED_EDGE ( 'NONE', *, *, #1273, .T. ) ;
#484 = PERSON_AND_ORGANIZATION_ROLE ( 'classification_officer' ) ;
#485 = EDGE_CURVE ( 'NONE', #1537, #896, #749, .T. ) ;
#486 = CARTESIAN_POINT ( 'NONE',  ( -37.25000000000000711, 6.599999999999999645, 20.00000000000000000 ) ) ;
#487 = ORIENTED_EDGE ( 'NONE', *, *, #983, .F. ) ;
#488 = ORIENTED_EDGE ( 'NONE', *, *, #705, .F. ) ;
#489 = LINE ( 'NONE', #704, #1175 ) ;
#490 = EDGE_CURVE ( 'NONE', #160, #1090, #340, .T. ) ;
#491 = CARTESIAN_POINT ( 'NONE',  ( 9.949999999999999289, -3.000000000000000000, -30.00000000000000000 ) ) ;
#492 = ORIENTED_EDGE ( 'NONE', *, *, #116, .T. ) ;
#493 = EDGE_CURVE ( 'NONE', #707, #388, #139, .T. ) ;
#494 = CARTESIAN_POINT ( 'NONE',  ( 1.649999999999987255, 7.000000000000000000, -18.50000000000000355 ) ) ;
#495 = DIRECTION ( 'NONE',  ( -0.000000000000000000, 1.000000000000000000, -0.000000000000000000 ) ) ;
#496 = ORIENTED_EDGE ( 'NONE', *, *, #761, .F. ) ;
#497 = ORIENTED_EDGE ( 'NONE', *, *, #209, .F. ) ;
#498 = LINE ( 'NONE', #713, #247 ) ;
#499 = LINE ( 'NONE', #181, #245 ) ;
#500 = VERTEX_POINT ( 'NONE', #1351 ) ;
#501 = ORIENTED_EDGE ( 'NONE', *, *, #1165, .F. ) ;
#502 = FACE_OUTER_BOUND ( 'NONE', #918, .T. ) ;
#503 = CARTESIAN_POINT ( 'NONE',  ( -40.00000000000000711, 0.000000000000000000, 17.25000000000000355 ) ) ;
#504 = VERTEX_POINT ( 'NONE', #14 ) ;
#505 = CARTESIAN_POINT ( 'NONE',  ( -40.00000000000000711, 12.00000000000000000, -22.75000000000000000 ) ) ;
#506 = CARTESIAN_POINT ( 'NONE',  ( -22.25000000000000000, 0.000000000000000000, -7.500000000000000000 ) ) ;
#507 = ORIENTED_EDGE ( 'NONE', *, *, #601, .T. ) ;
#508 = EDGE_CURVE ( 'NONE', #1259, #1362, #969, .T. ) ;
#509 = DIRECTION ( 'NONE',  ( 0.000000000000000000, 0.000000000000000000, 1.000000000000000000 ) ) ;
#510 = EDGE_CURVE ( 'NONE', #589, #1096, #1443, .T. ) ;
#511 = MANIFOLD_SOLID_BREP ( 'Spiegeln1', #261 ) ;
#512 = FACE_BOUND ( 'NONE', #1196, .T. ) ;
#513 = VERTEX_POINT ( 'NONE', #1228 ) ;
#514 = DIRECTION ( 'NONE',  ( -0.000000000000000000, 1.000000000000000000, -0.000000000000000000 ) ) ;
#515 = VECTOR ( 'NONE', #1364, 1000.000000000000000 ) ;
#516 = FACE_OUTER_BOUND ( 'NONE', #1125, .T. ) ;
#517 = DIRECTION ( 'NONE',  ( 0.000000000000000000, 0.000000000000000000, 1.000000000000000000 ) ) ;
#518 = CIRCLE ( 'NONE', #1377, 2.749999999999995559 ) ;
#519 = AXIS2_PLACEMENT_3D ( 'NONE', #39, #731, #973 ) ;
#520 = ORIENTED_EDGE ( 'NONE', *, *, #966, .F. ) ;
#521 = CARTESIAN_POINT ( 'NONE',  ( 39.99999999999999289, 12.00000000000000000, -15.00000000000000355 ) ) ;
#522 = AXIS2_PLACEMENT_3D ( 'NONE', #1062, #725, #1081 ) ;
#523 = ORIENTED_EDGE ( 'NONE', *, *, #1068, .F. ) ;
#524 = VERTEX_POINT ( 'NONE', #1110 ) ;
#525 = DIRECTION ( 'NONE',  ( -1.000000000000000000, -0.000000000000000000, -0.000000000000000000 ) ) ;
#526 = LINE ( 'NONE', #143, #1124 ) ;
#527 = DIRECTION ( 'NONE',  ( 0.000000000000000000, -1.000000000000000000, 0.000000000000000000 ) ) ;
#528 = EDGE_CURVE ( 'NONE', #625, #30, #462, .T. ) ;
#529 = ORIENTED_EDGE ( 'NONE', *, *, #1523, .F. ) ;
#530 = VERTEX_POINT ( 'NONE', #36 ) ;
#531 = COORDINATED_UNIVERSAL_TIME_OFFSET ( 1, 0, .AHEAD. ) ;
#532 = CARTESIAN_POINT ( 'NONE',  ( -27.74999999999998934, 12.00000000000000000, 7.499999999999999112 ) ) ;
#533 = ORIENTED_EDGE ( 'NONE', *, *, #133, .T. ) ;
#534 = CARTESIAN_POINT ( 'NONE',  ( -40.00000000000000711, 6.599999999999999645, 20.00000000000000000 ) ) ;
#535 = CARTESIAN_POINT ( 'NONE',  ( 1.649999999999990141, 7.000000000000000000, -30.00000000000000000 ) ) ;
#536 = EDGE_CURVE ( 'NONE', #993, #375, #1087, .T. ) ;
#537 = CARTESIAN_POINT ( 'NONE',  ( 50.00000000000001421, 12.00000000000000000, 30.00000000000000000 ) ) ;
#538 = AXIS2_PLACEMENT_3D ( 'NONE', #318, #933, #911 ) ;
#539 = AXIS2_PLACEMENT_3D ( 'NONE', #346, #1311, #1179 ) ;
#540 = ORIENTED_EDGE ( 'NONE', *, *, #1452, .F. ) ;
#541 = CARTESIAN_POINT ( 'NONE',  ( 39.99999999999999289, 12.00000000000000000, 22.75000000000000000 ) ) ;
#542 = VERTEX_POINT ( 'NONE', #149 ) ;
#543 = FACE_OUTER_BOUND ( 'NONE', #1182, .T. ) ;
#544 = DIRECTION ( 'NONE',  ( -1.000000000000000000, 0.000000000000000000, 0.000000000000000000 ) ) ;
#545 = EDGE_CURVE ( 'NONE', #711, #234, #1294, .T. ) ;
#546 = CYLINDRICAL_SURFACE ( 'NONE', #877, 1.649999999999988809 ) ;
#547 = ORIENTED_EDGE ( 'NONE', *, *, #1205, .T. ) ;
#548 = APPROVAL_DATE_TIME ( #71, #475 ) ;
#549 = EDGE_LOOP ( 'NONE', ( #314, #344, #691, #811 ) ) ;
#550 = VECTOR ( 'NONE', #495, 1000.000000000000000 ) ;
#551 = LINE ( 'NONE', #1032, #869 ) ;
#552 = DIRECTION ( 'NONE',  ( -0.8571673007021091140, 1.049727191138614875E-16, 0.5150380749100594846 ) ) ;
#553 = ORIENTED_EDGE ( 'NONE', *, *, #999, .T. ) ;
#554 = DIRECTION ( 'NONE',  ( -0.000000000000000000, 1.000000000000000000, -0.000000000000000000 ) ) ;
#555 = ORIENTED_EDGE ( 'NONE', *, *, #743, .T. ) ;
#556 = ORIENTED_EDGE ( 'NONE', *, *, #72, .T. ) ;
#557 = LINE ( 'NONE', #433, #1114 ) ;
#558 = DIRECTION ( 'NONE',  ( 0.000000000000000000, 0.000000000000000000, 1.000000000000000000 ) ) ;
#559 = EDGE_CURVE ( 'NONE', #970, #530, #568, .T. ) ;
#560 = CARTESIAN_POINT ( 'NONE',  ( 22.25000000000002842, 0.000000000000000000, 7.500000000000000000 ) ) ;
#561 = ORIENTED_EDGE ( 'NONE', *, *, #27, .T. ) ;
#562 = ORIENTED_EDGE ( 'NONE', *, *, #597, .F. ) ;
#563 = VECTOR ( 'NONE', #199, 1000.000000000000000 ) ;
#564 = DIRECTION ( 'NONE',  ( -0.8571673007021091140, 0.000000000000000000, -0.5150380749100594846 ) ) ;
#565 = FACE_OUTER_BOUND ( 'NONE', #282, .T. ) ;
#566 = CARTESIAN_POINT ( 'NONE',  ( -24.99999999999999289, 12.00000000000000000, 7.500000000000000000 ) ) ;
#567 = CARTESIAN_POINT ( 'NONE',  ( 27.75000000000002132, 0.000000000000000000, -7.500000000000000888 ) ) ;
#568 = CIRCLE ( 'NONE', #1270, 2.749999999999997335 ) ;
#569 = ORIENTED_EDGE ( 'NONE', *, *, #1348, .F. ) ;
#570 = CYLINDRICAL_SURFACE ( 'NONE', #416, 4.999999999999997335 ) ;
#571 = CARTESIAN_POINT ( 'NONE',  ( 27.75000000000001776, 0.000000000000000000, 7.500000000000000888 ) ) ;
#572 = CIRCLE ( 'NONE', #849, 2.749999999999995559 ) ;
#573 = DIRECTION ( 'NONE',  ( -0.000000000000000000, 1.000000000000000000, -0.000000000000000000 ) ) ;
#574 = DIRECTION ( 'NONE',  ( 0.000000000000000000, 0.000000000000000000, 1.000000000000000000 ) ) ;
#575 = EDGE_CURVE ( 'NONE', #542, #1135, #1194, .T. ) ;
#576 = DIRECTION ( 'NONE',  ( -0.000000000000000000, 1.000000000000000000, -0.000000000000000000 ) ) ;
#577 = CARTESIAN_POINT ( 'NONE',  ( 1.649999999999988809, 7.000000000000000000, -30.00000000000000000 ) ) ;
#578 = DIRECTION ( 'NONE',  ( 0.000000000000000000, 0.000000000000000000, -1.000000000000000000 ) ) ;
#579 = DESIGN_CONTEXT ( 'detailed design', #1229, 'design' ) ;
#580 = FACE_OUTER_BOUND ( 'NONE', #1296, .T. ) ;
#581 = EDGE_CURVE ( 'NONE', #452, #126, #587, .T. ) ;
#582 = EDGE_LOOP ( 'NONE', ( #154, #1080, #878, #1111 ) ) ;
#583 = DIRECTION ( 'NONE',  ( -0.000000000000000000, 1.000000000000000000, -0.000000000000000000 ) ) ;
#584 = DIRECTION ( 'NONE',  ( 0.000000000000000000, 0.000000000000000000, -1.000000000000000000 ) ) ;
#585 = CC_DESIGN_DATE_AND_TIME_ASSIGNMENT ( #3, #847, ( #299 ) ) ;
#586 = EDGE_LOOP ( 'NONE', ( #742, #540, #656, #1336 ) ) ;
#587 = CIRCLE ( 'NONE', #115, 2.749999999999997335 ) ;
#588 = CYLINDRICAL_SURFACE ( 'NONE', #1167, 2.749999999999999112 ) ;
#589 = VERTEX_POINT ( 'NONE', #364 ) ;
#590 = CC_DESIGN_SECURITY_CLASSIFICATION ( #299, ( #1323 ) ) ;
#591 = LINE ( 'NONE', #1076, #63 ) ;
#592 = CIRCLE ( 'NONE', #1353, 2.749999999999997335 ) ;
#593 = AXIS2_PLACEMENT_3D ( 'NONE', #608, #1093, #994 ) ;
#594 = ORIENTED_EDGE ( 'NONE', *, *, #1066, .F. ) ;
#595 = EDGE_LOOP ( 'NONE', ( #507, #255, #853, #1064 ) ) ;
#596 = DIRECTION ( 'NONE',  ( 0.000000000000000000, 0.000000000000000000, 1.000000000000000000 ) ) ;
#597 = EDGE_CURVE ( 'NONE', #899, #970, #252, .T. ) ;
#598 = ORIENTED_EDGE ( 'NONE', *, *, #236, .F. ) ;
#599 = APPROVAL_DATE_TIME ( #696, #85 ) ;
#600 = CARTESIAN_POINT ( 'NONE',  ( 39.99999999999999289, 6.599999999999999645, -20.00000000000000000 ) ) ;
#601 = EDGE_CURVE ( 'NONE', #206, #1203, #499, .T. ) ;
#602 = ORIENTED_EDGE ( 'NONE', *, *, #908, .T. ) ;
#603 = CARTESIAN_POINT ( 'NONE',  ( -40.00000000000000711, 12.00000000000000000, -17.25000000000000000 ) ) ;
#604 = EDGE_CURVE ( 'NONE', #135, #30, #887, .T. ) ;
#605 = DIRECTION ( 'NONE',  ( -0.000000000000000000, 1.000000000000000000, -0.000000000000000000 ) ) ;
#606 = VECTOR ( 'NONE', #305, 1000.000000000000000 ) ;
#607 = AXIS2_PLACEMENT_3D ( 'NONE', #880, #605, #1466 ) ;
#608 = CARTESIAN_POINT ( 'NONE',  ( 27.75000000000002132, 0.000000000000000000, -7.500000000000000888 ) ) ;
#609 = FACE_BOUND ( 'NONE', #615, .T. ) ;
#610 = ORIENTED_EDGE ( 'NONE', *, *, #351, .T. ) ;
#611 = ORIENTED_EDGE ( 'NONE', *, *, #394, .T. ) ;
#612 = ORIENTED_EDGE ( 'NONE', *, *, #910, .F. ) ;
#613 = DIRECTION ( 'NONE',  ( 0.000000000000000000, 0.000000000000000000, 1.000000000000000000 ) ) ;
#614 = DIRECTION ( 'NONE',  ( 0.000000000000000000, 0.000000000000000000, 1.000000000000000000 ) ) ;
#615 = EDGE_LOOP ( 'NONE', ( #1254, #1226 ) ) ;
#616 = CARTESIAN_POINT ( 'NONE',  ( 39.99999999999999289, 6.599999999999999645, 15.00000000000000355 ) ) ;
#617 = ORIENTED_EDGE ( 'NONE', *, *, #186, .T. ) ;
#618 = CARTESIAN_POINT ( 'NONE',  ( -40.00000000000000711, 12.00000000000000000, -20.00000000000000000 ) ) ;
#619 = EDGE_LOOP ( 'NONE', ( #1314, #766, #37, #1219 ) ) ;
#620 = AXIS2_PLACEMENT_3D ( 'NONE', #194, #201, #1488 ) ;
#621 = EDGE_CURVE ( 'NONE', #309, #1382, #298, .T. ) ;
#622 = ORIENTED_EDGE ( 'NONE', *, *, #72, .F. ) ;
#623 = DIRECTION ( 'NONE',  ( 0.000000000000000000, 0.000000000000000000, 1.000000000000000000 ) ) ;
#624 = DIRECTION ( 'NONE',  ( -0.000000000000000000, -0.000000000000000000, 1.000000000000000000 ) ) ;
#625 = VERTEX_POINT ( 'NONE', #532 ) ;
#626 = EDGE_CURVE ( 'NONE', #108, #206, #62, .T. ) ;
#627 = CARTESIAN_POINT ( 'NONE',  ( 1.649999999999989919, 7.000000000000000000, 30.00000000000000000 ) ) ;
#628 = FACE_BOUND ( 'NONE', #964, .T. ) ;
#629 = EDGE_CURVE ( 'NONE', #738, #234, #405, .T. ) ;
#630 = ORIENTED_EDGE ( 'NONE', *, *, #303, .F. ) ;
#631 = PERSON_AND_ORGANIZATION_ROLE ( 'design_owner' ) ;
#632 = CARTESIAN_POINT ( 'NONE',  ( 39.99999999999999289, 0.000000000000000000, -17.25000000000000355 ) ) ;
#633 = ORIENTED_EDGE ( 'NONE', *, *, #999, .F. ) ;
#634 = FACE_OUTER_BOUND ( 'NONE', #424, .T. ) ;
#635 = PERSON ( 'UNSPECIFIED', 'UNSPECIFIED', 'UNSPECIFIED', ('UNSPECIFIED'), ('UNSPECIFIED'), ('UNSPECIFIED') ) ;
#636 = DIRECTION ( 'NONE',  ( -1.000000000000000000, 0.000000000000000000, 0.000000000000000000 ) ) ;
#637 = CIRCLE ( 'NONE', #1237, 4.999999999999997335 ) ;
#638 = ORIENTED_EDGE ( 'NONE', *, *, #1435, .T. ) ;
#639 = CALENDAR_DATE ( 2024, 19, 8 ) ;
#640 = DIRECTION ( 'NONE',  ( -0.000000000000000000, 1.000000000000000000, -0.000000000000000000 ) ) ;
#641 = VECTOR ( 'NONE', #1107, 1000.000000000000000 ) ;
#642 = ADVANCED_FACE ( 'NONE', ( #658, #760, #1482, #1244 ), #1236, .T. ) ;
#643 = DIRECTION ( 'NONE',  ( -0.000000000000000000, -0.000000000000000000, 1.000000000000000000 ) ) ;
#644 = PLANE ( 'NONE',  #400 ) ;
#645 = AXIS2_PLACEMENT_3D ( 'NONE', #905, #1474, #398 ) ;
#646 = CIRCLE ( 'NONE', #1444, 4.999999999999997335 ) ;
#647 = ORIENTED_EDGE ( 'NONE', *, *, #333, .F. ) ;
#648 = LINE ( 'NONE', #389, #172 ) ;
#649 = DIRECTION ( 'NONE',  ( 0.000000000000000000, -0.000000000000000000, -1.000000000000000000 ) ) ;
#650 = AXIS2_PLACEMENT_3D ( 'NONE', #1423, #152, #158 ) ;
#651 = ORIENTED_EDGE ( 'NONE', *, *, #76, .T. ) ;
#652 = ADVANCED_FACE ( 'NONE', ( #1009 ), #1019, .F. ) ;
#653 = DIRECTION ( 'NONE',  ( 1.000000000000000000, 0.000000000000000000, 0.000000000000000000 ) ) ;
#654 = CARTESIAN_POINT ( 'NONE',  ( -27.74999999999999289, 0.000000000000000000, -7.500000000000000888 ) ) ;
#655 = LINE ( 'NONE', #690, #350 ) ;
#656 = ORIENTED_EDGE ( 'NONE', *, *, #195, .F. ) ;
#657 = CARTESIAN_POINT ( 'NONE',  ( -3.059515509201426723E-15, 7.000000000000000000, 17.50857997860452286 ) ) ;
#658 = FACE_BOUND ( 'NONE', #881, .T. ) ;
#659 = CC_DESIGN_PERSON_AND_ORGANIZATION_ASSIGNMENT ( #1430, #484, ( #299 ) ) ;
#660 = EDGE_LOOP ( 'NONE', ( #404, #1297 ) ) ;
#661 = LINE ( 'NONE', #907, #1460 ) ;
#662 = CARTESIAN_POINT ( 'NONE',  ( 9.949999999999999289, 0.000000000000000000, 30.00000000000000000 ) ) ;
#663 = EDGE_CURVE ( 'NONE', #1362, #1143, #319, .T. ) ;
#664 = CARTESIAN_POINT ( 'NONE',  ( -49.99999999999998579, 12.00000000000000000, -30.00000000000000000 ) ) ;
#665 = VECTOR ( 'NONE', #246, 1000.000000000000000 ) ;
#666 = AXIS2_PLACEMENT_3D ( 'NONE', #736, #399, #1221 ) ;
#667 = ORIENTED_EDGE ( 'NONE', *, *, #1459, .T. ) ;
#668 = ORIENTED_EDGE ( 'NONE', *, *, #1140, .F. ) ;
#669 = PERSON_AND_ORGANIZATION ( #635, #198 ) ;
#670 = VECTOR ( 'NONE', #823, 1000.000000000000000 ) ;
#671 = VERTEX_POINT ( 'NONE', #521 ) ;
#672 = CARTESIAN_POINT ( 'NONE',  ( 0.000000000000000000, 7.000000000000000000, -30.00000000000000000 ) ) ;
#673 = CARTESIAN_POINT ( 'NONE',  ( -24.99999999999999289, 0.000000000000000000, -7.500000000000000000 ) ) ;
#674 = VERTEX_POINT ( 'NONE', #1002 ) ;
#675 = LINE ( 'NONE', #178, #279 ) ;
#676 = AXIS2_PLACEMENT_3D ( 'NONE', #1411, #932, #347 ) ;
#677 = ORIENTED_EDGE ( 'NONE', *, *, #976, .T. ) ;
#678 = CIRCLE ( 'NONE', #1278, 2.749999999999997335 ) ;
#679 = ORIENTED_EDGE ( 'NONE', *, *, #1284, .T. ) ;
#680 = ORIENTED_EDGE ( 'NONE', *, *, #800, .F. ) ;
#681 = FACE_OUTER_BOUND ( 'NONE', #361, .T. ) ;
#682 = EDGE_CURVE ( 'NONE', #990, #157, #1475, .T. ) ;
#683 = DIRECTION ( 'NONE',  ( 0.000000000000000000, 0.000000000000000000, 1.000000000000000000 ) ) ;
#684 = DIRECTION ( 'NONE',  ( -0.000000000000000000, -0.000000000000000000, 1.000000000000000000 ) ) ;
#685 = ORIENTED_EDGE ( 'NONE', *, *, #773, .T. ) ;
#686 = ORIENTED_EDGE ( 'NONE', *, *, #705, .T. ) ;
#687 = CARTESIAN_POINT ( 'NONE',  ( 39.99999999999999289, 12.00000000000000000, 15.00000000000000355 ) ) ;
#688 = CARTESIAN_POINT ( 'NONE',  ( -24.99999999999999289, 0.000000000000000000, 10.24999999999999645 ) ) ;
#689 = DIRECTION ( 'NONE',  ( -0.000000000000000000, 1.000000000000000000, -0.000000000000000000 ) ) ;
#690 = CARTESIAN_POINT ( 'NONE',  ( 39.99999999999999289, 12.00000000000000000, 24.99999999999999645 ) ) ;
#691 = ORIENTED_EDGE ( 'NONE', *, *, #1209, .F. ) ;
#692 = VERTEX_POINT ( 'NONE', #503 ) ;
#693 = AXIS2_PLACEMENT_3D ( 'NONE', #1305, #96, #709 ) ;
#694 = FACE_OUTER_BOUND ( 'NONE', #296, .T. ) ;
#695 = CARTESIAN_POINT ( 'NONE',  ( 50.00000000000001421, 12.00000000000000000, 30.00000000000000000 ) ) ;
#696 = DATE_AND_TIME ( #961, #367 ) ;
#697 = CYLINDRICAL_SURFACE ( 'NONE', #1195, 2.749999999999997335 ) ;
#698 = EDGE_CURVE ( 'NONE', #1203, #838, #1224, .T. ) ;
#699 = CARTESIAN_POINT ( 'NONE',  ( 25.00000000000002132, 12.00000000000000000, 7.500000000000000000 ) ) ;
#700 = ORIENTED_EDGE ( 'NONE', *, *, #934, .F. ) ;
#701 = CARTESIAN_POINT ( 'NONE',  ( -40.00000000000000711, 6.599999999999999645, -24.99999999999999645 ) ) ;
#702 = CYLINDRICAL_SURFACE ( 'NONE', #38, 4.999999999999997335 ) ;
#703 = CIRCLE ( 'NONE', #24, 2.749999999999997335 ) ;
#704 = CARTESIAN_POINT ( 'NONE',  ( -27.74999999999998934, 0.000000000000000000, 7.499999999999999112 ) ) ;
#705 = EDGE_CURVE ( 'NONE', #524, #965, #32, .T. ) ;
#706 = FACE_BOUND ( 'NONE', #260, .T. ) ;
#707 = VERTEX_POINT ( 'NONE', #153 ) ;
#708 = ORIENTED_EDGE ( 'NONE', *, *, #1534, .T. ) ;
#709 = DIRECTION ( 'NONE',  ( 0.000000000000000000, 0.000000000000000000, 1.000000000000000000 ) ) ;
#710 = PLANE ( 'NONE',  #740 ) ;
#711 = VERTEX_POINT ( 'NONE', #894 ) ;
#712 = CC_DESIGN_PERSON_AND_ORGANIZATION_ASSIGNMENT ( #1500, #1029, ( #1323 ) ) ;
#713 = CARTESIAN_POINT ( 'NONE',  ( -9.949999999999997513, 3.000000000000000000, -30.00000000000000000 ) ) ;
#714 = CARTESIAN_POINT ( 'NONE',  ( 39.99999999999999289, 6.599999999999999645, -15.00000000000000355 ) ) ;
#715 = ORIENTED_EDGE ( 'NONE', *, *, #286, .T. ) ;
#716 = DIRECTION ( 'NONE',  ( -0.000000000000000000, 1.000000000000000000, -0.000000000000000000 ) ) ;
#717 = ADVANCED_FACE ( 'NONE', ( #996, #628, #609, #876, #1347, #512, #1447 ), #1370, .F. ) ;
#718 = DIRECTION ( 'NONE',  ( 0.000000000000000000, -1.000000000000000000, 0.000000000000000000 ) ) ;
#719 = VECTOR ( 'NONE', #769, 1000.000000000000000 ) ;
#720 = ORIENTED_EDGE ( 'NONE', *, *, #575, .F. ) ;
#721 = LINE ( 'NONE', #695, #794 ) ;
#722 = AXIS2_PLACEMENT_3D ( 'NONE', #1457, #155, #768 ) ;
#723 = ADVANCED_FACE ( 'NONE', ( #392 ), #159, .F. ) ;
#724 = VECTOR ( 'NONE', #91, 1000.000000000000000 ) ;
#725 = DIRECTION ( 'NONE',  ( -0.000000000000000000, 1.000000000000000000, -0.000000000000000000 ) ) ;
#726 = CIRCLE ( 'NONE', #50, 4.999999999999997335 ) ;
#727 = ORIENTED_EDGE ( 'NONE', *, *, #99, .T. ) ;
#728 = ORIENTED_EDGE ( 'NONE', *, *, #814, .F. ) ;
#729 = CARTESIAN_POINT ( 'NONE',  ( 27.75000000000002132, 0.000000000000000000, -7.500000000000000888 ) ) ;
#730 = ORIENTED_EDGE ( 'NONE', *, *, #1023, .T. ) ;
#731 = DIRECTION ( 'NONE',  ( -0.000000000000000000, 1.000000000000000000, -0.000000000000000000 ) ) ;
#732 = EDGE_LOOP ( 'NONE', ( #1281, #912, #958, #1492 ) ) ;
#733 = ORIENTED_EDGE ( 'NONE', *, *, #1113, .F. ) ;
#734 = ORIENTED_EDGE ( 'NONE', *, *, #621, .T. ) ;
#735 = CARTESIAN_POINT ( 'NONE',  ( 0.000000000000000000, 7.000000000000000000, -18.50000000000000355 ) ) ;
#736 = CARTESIAN_POINT ( 'NONE',  ( -24.99999999999999289, 12.00000000000000000, 7.500000000000000000 ) ) ;
#737 = EDGE_LOOP ( 'NONE', ( #378, #1424, #523, #483 ) ) ;
#738 = VERTEX_POINT ( 'NONE', #1356 ) ;
#739 = AXIS2_PLACEMENT_3D ( 'NONE', #9, #4, #355 ) ;
#740 = AXIS2_PLACEMENT_3D ( 'NONE', #931, #237, #104 ) ;
#741 = CYLINDRICAL_SURFACE ( 'NONE', #1469, 4.999999999999997335 ) ;
#742 = ORIENTED_EDGE ( 'NONE', *, *, #1490, .T. ) ;
#743 = EDGE_CURVE ( 'NONE', #1440, #28, #365, .T. ) ;
#744 = DIRECTION ( 'NONE',  ( -0.000000000000000000, 1.000000000000000000, -0.000000000000000000 ) ) ;
#745 = EDGE_LOOP ( 'NONE', ( #1021, #1211 ) ) ;
#746 = EDGE_CURVE ( 'NONE', #674, #241, #1152, .T. ) ;
#747 = ORIENTED_EDGE ( 'NONE', *, *, #1023, .F. ) ;
#748 = CYLINDRICAL_SURFACE ( 'NONE', #1100, 4.999999999999997335 ) ;
#749 = LINE ( 'NONE', #1197, #265 ) ;
#750 = ADVANCED_FACE ( 'NONE', ( #1233 ), #806, .F. ) ;
#751 = LINE ( 'NONE', #1101, #1075 ) ;
#752 = FACE_OUTER_BOUND ( 'NONE', #737, .T. ) ;
#753 = AXIS2_PLACEMENT_3D ( 'NONE', #1094, #386, #52 ) ;
#754 = VERTEX_POINT ( 'NONE', #1115 ) ;
#755 = APPROVAL_ROLE ( '' ) ;
#756 = CARTESIAN_POINT ( 'NONE',  ( 39.99999999999999289, 6.599999999999999645, 20.00000000000000000 ) ) ;
#757 = DIRECTION ( 'NONE',  ( -0.000000000000000000, 1.000000000000000000, -0.000000000000000000 ) ) ;
#758 = DIRECTION ( 'NONE',  ( 0.000000000000000000, 0.000000000000000000, 1.000000000000000000 ) ) ;
#759 = ORIENTED_EDGE ( 'NONE', *, *, #943, .T. ) ;
#760 = FACE_OUTER_BOUND ( 'NONE', #1344, .T. ) ;
#761 = EDGE_CURVE ( 'NONE', #1035, #504, #1425, .T. ) ;
#762 = ORIENTED_EDGE ( 'NONE', *, *, #1263, .T. ) ;
#763 = DIRECTION ( 'NONE',  ( 1.000000000000000000, 0.000000000000000000, 0.000000000000000000 ) ) ;
#764 = CYLINDRICAL_SURFACE ( 'NONE', #997, 2.749999999999999112 ) ;
#765 = AXIS2_PLACEMENT_3D ( 'NONE', #808, #796, #1148 ) ;
#766 = ORIENTED_EDGE ( 'NONE', *, *, #1454, .F. ) ;
#767 = EDGE_CURVE ( 'NONE', #754, #838, #1455, .T. ) ;
#768 = DIRECTION ( 'NONE',  ( 1.000000000000000000, 0.000000000000000000, 0.000000000000000000 ) ) ;
#769 = DIRECTION ( 'NONE',  ( -0.000000000000000000, 1.000000000000000000, -0.000000000000000000 ) ) ;
#770 = ORIENTED_EDGE ( 'NONE', *, *, #1534, .F. ) ;
#771 = CARTESIAN_POINT ( 'NONE',  ( 0.000000000000000000, 7.000000000000000000, 30.00000000000000000 ) ) ;
#772 = CARTESIAN_POINT ( 'NONE',  ( -40.00000000000000711, 6.599999999999999645, -20.00000000000000000 ) ) ;
#773 = EDGE_CURVE ( 'NONE', #474, #375, #403, .T. ) ;
#774 = CARTESIAN_POINT ( 'NONE',  ( -49.99999999999998579, 0.000000000000000000, 30.00000000000000000 ) ) ;
#775 =( GEOMETRIC_REPRESENTATION_CONTEXT ( 3 ) GLOBAL_UNCERTAINTY_ASSIGNED_CONTEXT ( ( #1413 ) ) GLOBAL_UNIT_ASSIGNED_CONTEXT ( ( #297, #1018, #43 ) ) REPRESENTATION_CONTEXT ( 'NONE', 'WORKASPACE' ) );
#776 = ADVANCED_FACE ( 'NONE', ( #288 ), #764, .F. ) ;
#777 = ORIENTED_EDGE ( 'NONE', *, *, #943, .F. ) ;
#778 = DIRECTION ( 'NONE',  ( -0.000000000000000000, -0.000000000000000000, 1.000000000000000000 ) ) ;
#779 = DIRECTION ( 'NONE',  ( -0.000000000000000000, 1.000000000000000000, -0.000000000000000000 ) ) ;
#780 = ORIENTED_EDGE ( 'NONE', *, *, #976, .F. ) ;
#781 = DIRECTION ( 'NONE',  ( 1.000000000000000000, 0.000000000000000000, 0.000000000000000000 ) ) ;
#782 = DIRECTION ( 'NONE',  ( -0.000000000000000000, 1.000000000000000000, -0.000000000000000000 ) ) ;
#783 = APPLICATION_CONTEXT ( 'configuration controlled 3d designs of mechanical parts and assemblies' ) ;
#784 = FACE_OUTER_BOUND ( 'NONE', #942, .T. ) ;
#785 = ORIENTED_EDGE ( 'NONE', *, *, #310, .F. ) ;
#786 = EDGE_LOOP ( 'NONE', ( #141, #700, #667, #1340 ) ) ;
#787 = EDGE_LOOP ( 'NONE', ( #1271, #146 ) ) ;
#788 = EDGE_LOOP ( 'NONE', ( #777, #533, #1437, #1449 ) ) ;
#789 = DIRECTION ( 'NONE',  ( 1.000000000000000000, 0.000000000000000000, 0.000000000000000000 ) ) ;
#790 = DIRECTION ( 'NONE',  ( 0.000000000000000000, 0.000000000000000000, 1.000000000000000000 ) ) ;
#791 = DIRECTION ( 'NONE',  ( -1.000000000000000000, 0.000000000000000000, 0.000000000000000000 ) ) ;
#792 = ADVANCED_FACE ( 'NONE', ( #168 ), #644, .F. ) ;
#793 = ADVANCED_FACE ( 'NONE', ( #752 ), #860, .F. ) ;
#794 = VECTOR ( 'NONE', #90, 1000.000000000000000 ) ;
#795 = ORIENTED_EDGE ( 'NONE', *, *, #490, .T. ) ;
#796 = DIRECTION ( 'NONE',  ( -0.000000000000000000, 1.000000000000000000, -0.000000000000000000 ) ) ;
#797 = DIRECTION ( 'NONE',  ( 0.000000000000000000, 0.000000000000000000, 1.000000000000000000 ) ) ;
#798 = VECTOR ( 'NONE', #56, 1000.000000000000000 ) ;
#799 = ORIENTED_EDGE ( 'NONE', *, *, #767, .T. ) ;
#800 = EDGE_CURVE ( 'NONE', #500, #504, #26, .T. ) ;
#801 = CARTESIAN_POINT ( 'NONE',  ( -1.649999999999989919, 7.000000000000000000, -30.00000000000000000 ) ) ;
#802 = ORIENTED_EDGE ( 'NONE', *, *, #800, .T. ) ;
#803 = VECTOR ( 'NONE', #1033, 1000.000000000000000 ) ;
#804 = EDGE_LOOP ( 'NONE', ( #406, #268, #802, #1349 ) ) ;
#805 = CARTESIAN_POINT ( 'NONE',  ( 25.00000000000002132, 12.00000000000000000, 10.24999999999999645 ) ) ;
#806 = CONICAL_SURFACE ( 'NONE', #120, 1.649999999999987255, 1.029744258676648316 ) ;
#807 = VECTOR ( 'NONE', #1238, 1000.000000000000000 ) ;
#808 = CARTESIAN_POINT ( 'NONE',  ( 39.99999999999999289, 0.000000000000000000, -20.00000000000000000 ) ) ;
#809 = CYLINDRICAL_SURFACE ( 'NONE', #620, 4.999999999999997335 ) ;
#810 = CARTESIAN_POINT ( 'NONE',  ( -40.00000000000000711, 12.00000000000000000, -24.99999999999999645 ) ) ;
#811 = ORIENTED_EDGE ( 'NONE', *, *, #166, .T. ) ;
#812 = LINE ( 'NONE', #1516, #1368 ) ;
#813 = DIRECTION ( 'NONE',  ( -0.000000000000000000, 1.000000000000000000, -0.000000000000000000 ) ) ;
#814 = EDGE_CURVE ( 'NONE', #127, #443, #1026, .T. ) ;
#815 = DIRECTION ( 'NONE',  ( -0.000000000000000000, 1.000000000000000000, -0.000000000000000000 ) ) ;
#816 = DIRECTION ( 'NONE',  ( -0.000000000000000000, 1.000000000000000000, -0.000000000000000000 ) ) ;
#817 = AXIS2_PLACEMENT_3D ( 'NONE', #1387, #220, #349 ) ;
#818 = ORIENTED_EDGE ( 'NONE', *, *, #1209, .T. ) ;
#819 = ORIENTED_EDGE ( 'NONE', *, *, #49, .T. ) ;
#820 = CIRCLE ( 'NONE', #134, 2.749999999999997335 ) ;
#821 = EDGE_CURVE ( 'NONE', #54, #309, #592, .T. ) ;
#822 = CARTESIAN_POINT ( 'NONE',  ( -22.25000000000000000, 0.000000000000000000, 7.500000000000000000 ) ) ;
#823 = DIRECTION ( 'NONE',  ( 0.000000000000000000, 0.000000000000000000, 1.000000000000000000 ) ) ;
#824 = CALENDAR_DATE ( 2024, 19, 8 ) ;
#825 = CARTESIAN_POINT ( 'NONE',  ( -49.99999999999998579, 0.000000000000000000, 30.00000000000000000 ) ) ;
#826 = CYLINDRICAL_SURFACE ( 'NONE', #522, 4.999999999999997335 ) ;
#827 = EDGE_CURVE ( 'NONE', #530, #836, #675, .T. ) ;
#828 = DIRECTION ( 'NONE',  ( 0.000000000000000000, 0.000000000000000000, 1.000000000000000000 ) ) ;
#829 = CARTESIAN_POINT ( 'NONE',  ( 22.25000000000002842, 12.00000000000000000, 7.500000000000000000 ) ) ;
#830 = PERSON_AND_ORGANIZATION ( #635, #198 ) ;
#831 = VECTOR ( 'NONE', #77, 1000.000000000000000 ) ;
#832 = DIRECTION ( 'NONE',  ( 1.000000000000000000, 0.000000000000000000, 0.000000000000000000 ) ) ;
#833 = CARTESIAN_POINT ( 'NONE',  ( -9.949999999999997513, 3.000000000000000000, 30.00000000000000000 ) ) ;
#834 = ADVANCED_FACE ( 'NONE', ( #1520 ), #546, .F. ) ;
#835 = CARTESIAN_POINT ( 'NONE',  ( 22.25000000000002842, 0.000000000000000000, -7.500000000000000000 ) ) ;
#836 = VERTEX_POINT ( 'NONE', #560 ) ;
#837 = DIRECTION ( 'NONE',  ( -0.000000000000000000, 1.000000000000000000, -0.000000000000000000 ) ) ;
#838 = VERTEX_POINT ( 'NONE', #1151 ) ;
#839 = EDGE_CURVE ( 'NONE', #160, #241, #655, .T. ) ;
#840 = DIRECTION ( 'NONE',  ( -0.000000000000000000, 1.000000000000000000, -0.000000000000000000 ) ) ;
#841 = ORIENTED_EDGE ( 'NONE', *, *, #436, .F. ) ;
#842 = CIRCLE ( 'NONE', #1433, 1.649999999999989919 ) ;
#843 = LINE ( 'NONE', #952, #665 ) ;
#844 = VECTOR ( 'NONE', #266, 1000.000000000000000 ) ;
#845 = ORIENTED_EDGE ( 'NONE', *, *, #1523, .T. ) ;
#846 = DIRECTION ( 'NONE',  ( 0.000000000000000000, 0.000000000000000000, 1.000000000000000000 ) ) ;
#847 = DATE_TIME_ROLE ( 'classification_date' ) ;
#848 = CC_DESIGN_APPROVAL ( #85, ( #299 ) ) ;
#849 = AXIS2_PLACEMENT_3D ( 'NONE', #1369, #1386, #790 ) ;
#850 = CARTESIAN_POINT ( 'NONE',  ( -40.00000000000000711, 6.599999999999999645, 17.24999999999999645 ) ) ;
#851 = CIRCLE ( 'NONE', #450, 2.750000000000002665 ) ;
#852 = ORIENTED_EDGE ( 'NONE', *, *, #1454, .T. ) ;
#853 = ORIENTED_EDGE ( 'NONE', *, *, #510, .F. ) ;
#854 = CARTESIAN_POINT ( 'NONE',  ( 0.000000000000000000, 7.000000000000000000, -18.50000000000000355 ) ) ;
#855 = DIRECTION ( 'NONE',  ( 0.000000000000000000, 0.000000000000000000, 1.000000000000000000 ) ) ;
#856 = ORIENTED_EDGE ( 'NONE', *, *, #821, .T. ) ;
#857 = ADVANCED_FACE ( 'NONE', ( #1380, #60 ), #1258, .F. ) ;
#858 = CARTESIAN_POINT ( 'NONE',  ( 9.949999999999999289, 3.000000000000000000, 30.00000000000000000 ) ) ;
#859 = ORIENTED_EDGE ( 'NONE', *, *, #310, .T. ) ;
#860 = PLANE ( 'NONE',  #473 ) ;
#861 = ORIENTED_EDGE ( 'NONE', *, *, #188, .F. ) ;
#862 = EDGE_LOOP ( 'NONE', ( #1154, #1366 ) ) ;
#863 = DIRECTION ( 'NONE',  ( -1.000000000000000000, 0.000000000000000000, 0.000000000000000000 ) ) ;
#864 = CARTESIAN_POINT ( 'NONE',  ( 22.25000000000002842, 0.000000000000000000, 7.500000000000000000 ) ) ;
#865 = ADVANCED_FACE ( 'NONE', ( #68 ), #1507, .F. ) ;
#866 = AXIS2_PLACEMENT_3D ( 'NONE', #699, #125, #584 ) ;
#867 = VECTOR ( 'NONE', #846, 1000.000000000000000 ) ;
#868 = CARTESIAN_POINT ( 'NONE',  ( 0.000000000000000000, 7.000000000000000000, 18.50000000000000355 ) ) ;
#869 = VECTOR ( 'NONE', #1503, 1000.000000000000000 ) ;
#870 = CARTESIAN_POINT ( 'NONE',  ( 9.949999999999999289, -3.000000000000000000, -30.00000000000000000 ) ) ;
#871 = ORIENTED_EDGE ( 'NONE', *, *, #1066, .T. ) ;
#872 = LINE ( 'NONE', #864, #1415 ) ;
#873 = EDGE_LOOP ( 'NONE', ( #1441, #73 ) ) ;
#874 = DIRECTION ( 'NONE',  ( 0.000000000000000000, 0.000000000000000000, 1.000000000000000000 ) ) ;
#875 = AXIS2_PLACEMENT_3D ( 'NONE', #1212, #578, #148 ) ;
#876 = FACE_BOUND ( 'NONE', #69, .T. ) ;
#877 = AXIS2_PLACEMENT_3D ( 'NONE', #211, #84, #791 ) ;
#878 = ORIENTED_EDGE ( 'NONE', *, *, #1479, .T. ) ;
#879 = LINE ( 'NONE', #308, #1275 ) ;
#880 = CARTESIAN_POINT ( 'NONE',  ( 25.00000000000002132, 0.000000000000000000, 7.500000000000000000 ) ) ;
#881 = EDGE_LOOP ( 'NONE', ( #292, #1144, #1434, #638, #248 ) ) ;
#882 = FACE_OUTER_BOUND ( 'NONE', #804, .T. ) ;
#883 = ADVANCED_FACE ( 'NONE', ( #185, #441 ), #94, .F. ) ;
#884 = CARTESIAN_POINT ( 'NONE',  ( 50.00000000000001421, 12.00000000000000000, 30.00000000000000000 ) ) ;
#885 = ORIENTED_EDGE ( 'NONE', *, *, #910, .T. ) ;
#886 = DATE_TIME_ROLE ( 'creation_date' ) ;
#887 = LINE ( 'NONE', #1127, #1462 ) ;
#888 = ADVANCED_FACE ( 'NONE', ( #784 ), #1400, .F. ) ;
#889 = VERTEX_POINT ( 'NONE', #801 ) ;
#890 = CARTESIAN_POINT ( 'NONE',  ( -9.950000000000001066, 0.000000000000000000, 30.00000000000000000 ) ) ;
#891 = CARTESIAN_POINT ( 'NONE',  ( 39.99999999999999289, 12.00000000000000000, 17.25000000000000000 ) ) ;
#892 = EDGE_CURVE ( 'NONE', #1448, #1085, #1277, .T. ) ;
#893 = VECTOR ( 'NONE', #1420, 1000.000000000000000 ) ;
#894 = CARTESIAN_POINT ( 'NONE',  ( 39.99999999999999289, 6.599999999999999645, 17.24999999999999645 ) ) ;
#895 = VECTOR ( 'NONE', #293, 1000.000000000000000 ) ;
#896 = VERTEX_POINT ( 'NONE', #1158 ) ;
#897 = DIRECTION ( 'NONE',  ( -0.000000000000000000, 1.000000000000000000, -0.000000000000000000 ) ) ;
#898 = DIRECTION ( 'NONE',  ( 1.000000000000000000, 0.000000000000000000, 0.000000000000000000 ) ) ;
#899 = VERTEX_POINT ( 'NONE', #326 ) ;
#900 = CARTESIAN_POINT ( 'NONE',  ( 39.99999999999999289, 12.00000000000000000, 20.00000000000000000 ) ) ;
#901 = CARTESIAN_POINT ( 'NONE',  ( 0.000000000000000000, 7.000000000000000000, -30.00000000000000000 ) ) ;
#902 = CARTESIAN_POINT ( 'NONE',  ( -49.99999999999998579, 12.00000000000000000, -30.00000000000000000 ) ) ;
#903 = APPROVAL_PERSON_ORGANIZATION ( #1001, #1515, #755 ) ;
#904 = ORIENTED_EDGE ( 'NONE', *, *, #1068, .T. ) ;
#905 = CARTESIAN_POINT ( 'NONE',  ( 0.000000000000000000, 7.000000000000000000, 18.50000000000000355 ) ) ;
#906 = ORIENTED_EDGE ( 'NONE', *, *, #444, .T. ) ;
#907 = CARTESIAN_POINT ( 'NONE',  ( -49.99999999999998579, 12.00000000000000000, 30.00000000000000000 ) ) ;
#908 = EDGE_CURVE ( 'NONE', #95, #1035, #1141, .T. ) ;
#909 = CARTESIAN_POINT ( 'NONE',  ( -40.00000000000000711, 0.000000000000000000, 22.74999999999999645 ) ) ;
#910 = EDGE_CURVE ( 'NONE', #970, #1382, #1166, .T. ) ;
#911 = DIRECTION ( 'NONE',  ( -0.000000000000000000, 0.000000000000000000, -1.000000000000000000 ) ) ;
#912 = ORIENTED_EDGE ( 'NONE', *, *, #166, .F. ) ;
#913 = EDGE_LOOP ( 'NONE', ( #1287, #1056, #1251, #1445 ) ) ;
#914 = ADVANCED_FACE ( 'NONE', ( #313 ), #1286, .F. ) ;
#915 = DIRECTION ( 'NONE',  ( 1.000000000000000000, 0.000000000000000000, 0.000000000000000000 ) ) ;
#916 = CARTESIAN_POINT ( 'NONE',  ( -24.99999999999999289, 0.000000000000000000, 7.500000000000000000 ) ) ;
#917 = CARTESIAN_POINT ( 'NONE',  ( 39.99999999999999289, 12.00000000000000000, 20.00000000000000000 ) ) ;
#918 = EDGE_LOOP ( 'NONE', ( #734, #612, #562, #859 ) ) ;
#919 = CIRCLE ( 'NONE', #539, 1.649999999999989919 ) ;
#920 = DIRECTION ( 'NONE',  ( 0.000000000000000000, 0.000000000000000000, 1.000000000000000000 ) ) ;
#921 = CYLINDRICAL_SURFACE ( 'NONE', #1142, 1.649999999999988809 ) ;
#922 = FACE_BOUND ( 'NONE', #243, .T. ) ;
#923 = VECTOR ( 'NONE', #1204, 1000.000000000000000 ) ;
#924 = DIRECTION ( 'NONE',  ( 0.000000000000000000, 0.000000000000000000, 1.000000000000000000 ) ) ;
#925 = VECTOR ( 'NONE', #1442, 1000.000000000000000 ) ;
#926 = ORIENTED_EDGE ( 'NONE', *, *, #351, .F. ) ;
#927 = VERTEX_POINT ( 'NONE', #421 ) ;
#928 = EDGE_CURVE ( 'NONE', #1464, #1260, #1499, .T. ) ;
#929 = VECTOR ( 'NONE', #552, 999.9999999999998863 ) ;
#930 = CARTESIAN_POINT ( 'NONE',  ( -40.00000000000000711, 12.00000000000000000, 20.00000000000000000 ) ) ;
#931 = CARTESIAN_POINT ( 'NONE',  ( -37.25000000000000711, 6.599999999999999645, -20.00000000000000000 ) ) ;
#932 = DIRECTION ( 'NONE',  ( 0.000000000000000000, 1.000000000000000000, -0.000000000000000000 ) ) ;
#933 = DIRECTION ( 'NONE',  ( 1.000000000000000000, 0.000000000000000000, -0.000000000000000000 ) ) ;
#934 = EDGE_CURVE ( 'NONE', #443, #127, #1084, .T. ) ;
#935 = ORIENTED_EDGE ( 'NONE', *, *, #80, .F. ) ;
#936 = FACE_OUTER_BOUND ( 'NONE', #307, .T. ) ;
#937 = FACE_OUTER_BOUND ( 'NONE', #619, .T. ) ;
#938 = ADVANCED_FACE ( 'NONE', ( #233 ), #1431, .F. ) ;
#939 = DIRECTION ( 'NONE',  ( 0.000000000000000000, 0.000000000000000000, 1.000000000000000000 ) ) ;
#940 = LINE ( 'NONE', #963, #132 ) ;
#941 = VECTOR ( 'NONE', #816, 1000.000000000000000 ) ;
#942 = EDGE_LOOP ( 'NONE', ( #1161, #935, #747, #727 ) ) ;
#943 = EDGE_CURVE ( 'NONE', #34, #1031, #1339, .T. ) ;
#944 = ORIENTED_EDGE ( 'NONE', *, *, #1020, .F. ) ;
#945 = CARTESIAN_POINT ( 'NONE',  ( 50.00000000000001421, 0.000000000000000000, -30.00000000000000000 ) ) ;
#946 = DIRECTION ( 'NONE',  ( 0.000000000000000000, 1.000000000000000000, 0.000000000000000000 ) ) ;
#947 = CARTESIAN_POINT ( 'NONE',  ( 25.00000000000002132, 0.000000000000000000, 7.500000000000000000 ) ) ;
#948 = DIRECTION ( 'NONE',  ( -0.000000000000000000, 1.000000000000000000, -0.000000000000000000 ) ) ;
#949 = CARTESIAN_POINT ( 'NONE',  ( -40.00000000000000711, 6.599999999999999645, -20.00000000000000000 ) ) ;
#950 = VECTOR ( 'NONE', #1471, 1000.000000000000000 ) ;
#951 = ADVANCED_FACE ( 'NONE', ( #1193, #456 ), #1320, .F. ) ;
#952 = CARTESIAN_POINT ( 'NONE',  ( -9.949999999999997513, -3.000000000000000000, -30.00000000000000000 ) ) ;
#953 = EDGE_CURVE ( 'NONE', #530, #707, #940, .T. ) ;
#954 = EDGE_LOOP ( 'NONE', ( #358, #610 ) ) ;
#955 = LINE ( 'NONE', #353, #670 ) ;
#956 = CARTESIAN_POINT ( 'NONE',  ( 27.75000000000002132, 0.000000000000000000, -7.500000000000000888 ) ) ;
#957 = ORIENTED_EDGE ( 'NONE', *, *, #1301, .T. ) ;
#958 = ORIENTED_EDGE ( 'NONE', *, *, #1240, .F. ) ;
#959 = DIRECTION ( 'NONE',  ( -0.000000000000000000, -0.000000000000000000, -1.000000000000000000 ) ) ;
#960 = ORIENTED_EDGE ( 'NONE', *, *, #417, .T. ) ;
#961 = CALENDAR_DATE ( 2024, 19, 8 ) ;
#962 = CIRCLE ( 'NONE', #1042, 4.999999999999997335 ) ;
#963 = CARTESIAN_POINT ( 'NONE',  ( 22.25000000000002842, 0.000000000000000000, -7.500000000000000000 ) ) ;
#964 = EDGE_LOOP ( 'NONE', ( #336, #1432, #1332, #272, #944 ) ) ;
#965 = VERTEX_POINT ( 'NONE', #1439 ) ;
#966 = EDGE_CURVE ( 'NONE', #413, #452, #591, .T. ) ;
#967 = ORIENTED_EDGE ( 'NONE', *, *, #928, .F. ) ;
#968 = LINE ( 'NONE', #978, #925 ) ;
#969 = LINE ( 'NONE', #258, #1139 ) ;
#970 = VERTEX_POINT ( 'NONE', #956 ) ;
#971 = LOCAL_TIME ( 14, 18, 59.00000000000000000, #531 ) ;
#972 = AXIS2_PLACEMENT_3D ( 'NONE', #566, #1274, #317 ) ;
#973 = DIRECTION ( 'NONE',  ( 0.000000000000000000, 0.000000000000000000, 1.000000000000000000 ) ) ;
#974 = DIRECTION ( 'NONE',  ( 0.000000000000000000, 0.000000000000000000, 1.000000000000000000 ) ) ;
#975 = ORIENTED_EDGE ( 'NONE', *, *, #1027, .T. ) ;
#976 = EDGE_CURVE ( 'NONE', #1331, #524, #1013, .T. ) ;
#977 = ORIENTED_EDGE ( 'NONE', *, *, #213, .F. ) ;
#978 = CARTESIAN_POINT ( 'NONE',  ( 39.99999999999999289, 12.00000000000000000, -15.00000000000000355 ) ) ;
#979 = DIRECTION ( 'NONE',  ( -0.000000000000000000, 1.000000000000000000, -0.000000000000000000 ) ) ;
#980 = ORIENTED_EDGE ( 'NONE', *, *, #1489, .T. ) ;
#981 = PLANE ( 'NONE',  #593 ) ;
#982 = CARTESIAN_POINT ( 'NONE',  ( -40.00000000000000711, 12.00000000000000000, -15.00000000000000355 ) ) ;
#983 = EDGE_CURVE ( 'NONE', #352, #965, #411, .T. ) ;
#984 = ORIENTED_EDGE ( 'NONE', *, *, #331, .F. ) ;
#985 = DIRECTION ( 'NONE',  ( 0.000000000000000000, 0.000000000000000000, -1.000000000000000000 ) ) ;
#986 = DIRECTION ( 'NONE',  ( -0.000000000000000000, 1.000000000000000000, -0.000000000000000000 ) ) ;
#987 = AXIS2_PLACEMENT_3D ( 'NONE', #900, #1397, #439 ) ;
#988 = CARTESIAN_POINT ( 'NONE',  ( -24.99999999999999289, 0.000000000000000000, 7.500000000000000000 ) ) ;
#989 = EDGE_CURVE ( 'NONE', #927, #328, #240, .T. ) ;
#990 = VERTEX_POINT ( 'NONE', #833 ) ;
#991 = APPROVAL_DATE_TIME ( #1109, #1515 ) ;
#992 = CARTESIAN_POINT ( 'NONE',  ( 22.25000000000002842, 12.00000000000000000, -7.500000000000000000 ) ) ;
#993 = VERTEX_POINT ( 'NONE', #1309 ) ;
#994 = DIRECTION ( 'NONE',  ( -0.000000000000000000, 0.000000000000000000, -1.000000000000000000 ) ) ;
#995 = AXIS2_PLACEMENT_3D ( 'NONE', #916, #1390, #1511 ) ;
#996 = FACE_BOUND ( 'NONE', #223, .T. ) ;
#997 = AXIS2_PLACEMENT_3D ( 'NONE', #1239, #1337, #974 ) ;
#998 = AXIS2_PLACEMENT_3D ( 'NONE', #1005, #1446, #509 ) ;
#999 = EDGE_CURVE ( 'NONE', #169, #927, #843, .T. ) ;
#1000 = ORIENTED_EDGE ( 'NONE', *, *, #213, .T. ) ;
#1001 = PERSON_AND_ORGANIZATION ( #635, #198 ) ;
#1002 = CARTESIAN_POINT ( 'NONE',  ( 39.99999999999999289, 12.00000000000000000, 15.00000000000000355 ) ) ;
#1003 = ORIENTED_EDGE ( 'NONE', *, *, #629, .F. ) ;
#1004 = CARTESIAN_POINT ( 'NONE',  ( 9.949999999999999289, 0.000000000000000000, -30.00000000000000000 ) ) ;
#1005 = CARTESIAN_POINT ( 'NONE',  ( -27.74999999999999289, 0.000000000000000000, -7.500000000000000888 ) ) ;
#1006 = DIRECTION ( 'NONE',  ( 0.000000000000000000, 0.000000000000000000, -1.000000000000000000 ) ) ;
#1007 = ORIENTED_EDGE ( 'NONE', *, *, #545, .T. ) ;
#1008 = CARTESIAN_POINT ( 'NONE',  ( -9.949999999999997513, -0.000000000000000000, 0.000000000000000000 ) ) ;
#1009 = FACE_OUTER_BOUND ( 'NONE', #1501, .T. ) ;
#1010 = CIRCLE ( 'NONE', #1208, 4.999999999999997335 ) ;
#1011 = EDGE_LOOP ( 'NONE', ( #1269, #733, #6, #1108, #598, #173, #380, #395 ) ) ;
#1012 = DIRECTION ( 'NONE',  ( 0.000000000000000000, 0.000000000000000000, 1.000000000000000000 ) ) ;
#1013 = CIRCLE ( 'NONE', #189, 4.999999999999997335 ) ;
#1014 = LINE ( 'NONE', #654, #831 ) ;
#1015 = CIRCLE ( 'NONE', #64, 4.999999999999997335 ) ;
#1016 = DIRECTION ( 'NONE',  ( -1.000000000000000000, 0.000000000000000000, 0.000000000000000000 ) ) ;
#1017 = ORIENTED_EDGE ( 'NONE', *, *, #746, .F. ) ;
#1018 =( NAMED_UNIT ( * ) PLANE_ANGLE_UNIT ( ) SI_UNIT ( $, .RADIAN. ) );
#1019 = CYLINDRICAL_SURFACE ( 'NONE', #1514, 1.649999999999988809 ) ;
#1020 = EDGE_CURVE ( 'NONE', #388, #54, #1533, .T. ) ;
#1021 = ORIENTED_EDGE ( 'NONE', *, *, #1040, .F. ) ;
#1022 = CARTESIAN_POINT ( 'NONE',  ( -9.949999999999997513, 3.000000000000000000, -30.00000000000000000 ) ) ;
#1023 = EDGE_CURVE ( 'NONE', #70, #457, #1174, .T. ) ;
#1024 = CARTESIAN_POINT ( 'NONE',  ( -49.99999999999998579, 12.00000000000000000, -30.00000000000000000 ) ) ;
#1025 = DIRECTION ( 'NONE',  ( -0.000000000000000000, 1.000000000000000000, -0.000000000000000000 ) ) ;
#1026 = CIRCLE ( 'NONE', #1279, 2.749999999999995559 ) ;
#1027 = EDGE_CURVE ( 'NONE', #234, #711, #851, .T. ) ;
#1028 = ORIENTED_EDGE ( 'NONE', *, *, #1301, .F. ) ;
#1029 = PERSON_AND_ORGANIZATION_ROLE ( 'creator' ) ;
#1030 = VERTEX_POINT ( 'NONE', #1527 ) ;
#1031 = VERTEX_POINT ( 'NONE', #714 ) ;
#1032 = CARTESIAN_POINT ( 'NONE',  ( -40.00000000000000711, 12.00000000000000000, 24.99999999999999645 ) ) ;
#1033 = DIRECTION ( 'NONE',  ( -0.000000000000000000, -0.000000000000000000, -1.000000000000000000 ) ) ;
#1034 = DIRECTION ( 'NONE',  ( -0.000000000000000000, 1.000000000000000000, -0.000000000000000000 ) ) ;
#1035 = VERTEX_POINT ( 'NONE', #1189 ) ;
#1036 = EDGE_LOOP ( 'NONE', ( #497, #686, #492, #1542 ) ) ;
#1037 = LINE ( 'NONE', #1163, #163 ) ;
#1038 = DIRECTION ( 'NONE',  ( 0.000000000000000000, 0.000000000000000000, 1.000000000000000000 ) ) ;
#1039 = PRODUCT_DEFINITION_SHAPE ( 'NONE', 'NONE',  #379 ) ;
#1040 = EDGE_CURVE ( 'NONE', #889, #1245, #401, .T. ) ;
#1041 = CARTESIAN_POINT ( 'NONE',  ( 42.74999999999999289, 6.599999999999999645, -20.00000000000000000 ) ) ;
#1042 = AXIS2_PLACEMENT_3D ( 'NONE', #534, #1477, #302 ) ;
#1043 = ORIENTED_EDGE ( 'NONE', *, *, #698, .F. ) ;
#1044 = CARTESIAN_POINT ( 'NONE',  ( -24.99999999999999289, 12.00000000000000000, 10.24999999999999645 ) ) ;
#1045 = FACE_OUTER_BOUND ( 'NONE', #1493, .T. ) ;
#1046 = CARTESIAN_POINT ( 'NONE',  ( 39.99999999999999289, 6.599999999999999645, 20.00000000000000000 ) ) ;
#1047 = ADVANCED_FACE ( 'NONE', ( #1201 ), #826, .F. ) ;
#1048 = DIRECTION ( 'NONE',  ( 0.000000000000000000, 1.000000000000000000, -0.000000000000000000 ) ) ;
#1049 = ORIENTED_EDGE ( 'NONE', *, *, #49, .F. ) ;
#1050 = ADVANCED_FACE ( 'NONE', ( #1302, #580, #228, #706 ), #1181, .T. ) ;
#1051 = LINE ( 'NONE', #822, #1295 ) ;
#1052 = AXIS2_PLACEMENT_3D ( 'NONE', #51, #643, #763 ) ;
#1053 = CARTESIAN_POINT ( 'NONE',  ( -49.99999999999998579, 0.000000000000000000, -30.00000000000000000 ) ) ;
#1054 = ADVANCED_FACE ( 'NONE', ( #1216 ), #176, .F. ) ;
#1055 = DIRECTION ( 'NONE',  ( -0.000000000000000000, 1.000000000000000000, -0.000000000000000000 ) ) ;
#1056 = ORIENTED_EDGE ( 'NONE', *, *, #479, .F. ) ;
#1057 = DIRECTION ( 'NONE',  ( 0.000000000000000000, 0.000000000000000000, 1.000000000000000000 ) ) ;
#1058 = ORIENTED_EDGE ( 'NONE', *, *, #1240, .T. ) ;
#1059 = CARTESIAN_POINT ( 'NONE',  ( -40.00000000000000711, 6.599999999999999645, -17.24999999999999645 ) ) ;
#1060 = DIRECTION ( 'NONE',  ( 0.000000000000000000, -0.000000000000000000, -1.000000000000000000 ) ) ;
#1061 = FACE_OUTER_BOUND ( 'NONE', #1089, .T. ) ;
#1062 = CARTESIAN_POINT ( 'NONE',  ( 39.99999999999999289, 12.00000000000000000, -20.00000000000000000 ) ) ;
#1063 = AXIS2_PLACEMENT_3D ( 'NONE', #486, #718, #1313 ) ;
#1064 = ORIENTED_EDGE ( 'NONE', *, *, #444, .F. ) ;
#1065 = DIRECTION ( 'NONE',  ( 0.000000000000000000, 0.000000000000000000, 1.000000000000000000 ) ) ;
#1066 = EDGE_CURVE ( 'NONE', #896, #1448, #1280, .T. ) ;
#1067 = AXIS2_PLACEMENT_3D ( 'NONE', #1072, #946, #1539 ) ;
#1068 = EDGE_CURVE ( 'NONE', #1260, #1509, #526, .T. ) ;
#1069 = DIRECTION ( 'NONE',  ( -0.000000000000000000, 1.000000000000000000, -0.000000000000000000 ) ) ;
#1070 = VERTEX_POINT ( 'NONE', #1207 ) ;
#1071 = ADVANCED_FACE ( 'NONE', ( #1335 ), #17, .F. ) ;
#1072 = CARTESIAN_POINT ( 'NONE',  ( -24.99999999999999289, 0.000000000000000000, 7.500000000000000000 ) ) ;
#1073 = AXIS2_PLACEMENT_3D ( 'NONE', #304, #544, #1497 ) ;
#1074 = AXIS2_PLACEMENT_3D ( 'NONE', #1480, #281, #758 ) ;
#1075 = VECTOR ( 'NONE', #165, 1000.000000000000000 ) ;
#1076 = CARTESIAN_POINT ( 'NONE',  ( -22.25000000000000000, 12.00000000000000000, -7.500000000000000000 ) ) ;
#1077 = ORIENTED_EDGE ( 'NONE', *, *, #1394, .F. ) ;
#1078 = ORIENTED_EDGE ( 'NONE', *, *, #327, .T. ) ;
#1079 = DIRECTION ( 'NONE',  ( -0.000000000000000000, 1.000000000000000000, -0.000000000000000000 ) ) ;
#1080 = ORIENTED_EDGE ( 'NONE', *, *, #1381, .F. ) ;
#1081 = DIRECTION ( 'NONE',  ( 0.000000000000000000, 0.000000000000000000, 1.000000000000000000 ) ) ;
#1082 = EDGE_CURVE ( 'NONE', #513, #474, #203, .T. ) ;
#1083 = VERTEX_POINT ( 'NONE', #376 ) ;
#1084 = CIRCLE ( 'NONE', #817, 2.749999999999995559 ) ;
#1085 = VERTEX_POINT ( 'NONE', #1345 ) ;
#1086 = CARTESIAN_POINT ( 'NONE',  ( -40.00000000000000711, 6.599999999999999645, 22.75000000000000355 ) ) ;
#1087 = CIRCLE ( 'NONE', #412, 2.750000000000002665 ) ;
#1088 = CARTESIAN_POINT ( 'NONE',  ( 25.00000000000002132, 12.00000000000000000, -7.500000000000000000 ) ) ;
#1089 = EDGE_LOOP ( 'NONE', ( #622, #1428, #481 ) ) ;
#1090 = VERTEX_POINT ( 'NONE', #616 ) ;
#1091 = VECTOR ( 'NONE', #564, 999.9999999999998863 ) ;
#1092 = ADVANCED_FACE ( 'NONE', ( #882 ), #741, .F. ) ;
#1093 = DIRECTION ( 'NONE',  ( 1.000000000000000000, 0.000000000000000000, -0.000000000000000000 ) ) ;
#1094 = CARTESIAN_POINT ( 'NONE',  ( 39.99999999999999289, 12.00000000000000000, 20.00000000000000000 ) ) ;
#1095 = ORIENTED_EDGE ( 'NONE', *, *, #116, .F. ) ;
#1096 = VERTEX_POINT ( 'NONE', #858 ) ;
#1097 = CARTESIAN_POINT ( 'NONE',  ( -40.00000000000000711, 6.599999999999999645, -22.75000000000000355 ) ) ;
#1098 = DIRECTION ( 'NONE',  ( -1.000000000000000000, 0.000000000000000000, 0.000000000000000000 ) ) ;
#1099 = ORIENTED_EDGE ( 'NONE', *, *, #1381, .T. ) ;
#1100 = AXIS2_PLACEMENT_3D ( 'NONE', #1450, #1307, #613 ) ;
#1101 = CARTESIAN_POINT ( 'NONE',  ( 9.949999999999999289, -3.000000000000000000, 30.00000000000000000 ) ) ;
#1102 = DIRECTION ( 'NONE',  ( 0.000000000000000000, -0.000000000000000000, 1.000000000000000000 ) ) ;
#1103 = DIRECTION ( 'NONE',  ( 0.000000000000000000, 0.000000000000000000, -1.000000000000000000 ) ) ;
#1104 = ORIENTED_EDGE ( 'NONE', *, *, #953, .F. ) ;
#1105 = LINE ( 'NONE', #491, #190 ) ;
#1106 = DIRECTION ( 'NONE',  ( 1.000000000000000000, 0.000000000000000000, 0.000000000000000000 ) ) ;
#1107 = DIRECTION ( 'NONE',  ( 1.000000000000000000, 0.000000000000000000, 0.000000000000000000 ) ) ;
#1108 = ORIENTED_EDGE ( 'NONE', *, *, #767, .F. ) ;
#1109 = DATE_AND_TIME ( #639, #1150 ) ;
#1110 = CARTESIAN_POINT ( 'NONE',  ( -40.00000000000000711, 6.599999999999999645, 15.00000000000000355 ) ) ;
#1111 = ORIENTED_EDGE ( 'NONE', *, *, #528, .T. ) ;
#1112 = DIRECTION ( 'NONE',  ( 0.000000000000000000, 0.000000000000000000, 1.000000000000000000 ) ) ;
#1113 = EDGE_CURVE ( 'NONE', #1203, #1096, #751, .T. ) ;
#1114 = VECTOR ( 'NONE', #915, 1000.000000000000000 ) ;
#1115 = CARTESIAN_POINT ( 'NONE',  ( 50.00000000000001421, 12.00000000000000000, 30.00000000000000000 ) ) ;
#1116 = EDGE_LOOP ( 'NONE', ( #1303, #906, #81, #553, #42, #1456, #967, #651 ) ) ;
#1117 = DATE_AND_TIME ( #1235, #471 ) ;
#1118 = AXIS2_PLACEMENT_3D ( 'NONE', #162, #171, #649 ) ;
#1119 = DIRECTION ( 'NONE',  ( -0.000000000000000000, -0.000000000000000000, 1.000000000000000000 ) ) ;
#1120 = VECTOR ( 'NONE', #170, 1000.000000000000000 ) ;
#1121 = DIRECTION ( 'NONE',  ( -0.000000000000000000, -0.000000000000000000, 1.000000000000000000 ) ) ;
#1122 = CIRCLE ( 'NONE', #301, 2.750000000000002665 ) ;
#1123 = DIRECTION ( 'NONE',  ( 0.000000000000000000, 0.000000000000000000, 1.000000000000000000 ) ) ;
#1124 = VECTOR ( 'NONE', #1121, 1000.000000000000000 ) ;
#1125 = EDGE_LOOP ( 'NONE', ( #1172, #1104, #1264, #885 ) ) ;
#1126 = APPROVAL_STATUS ( 'not_yet_approved' ) ;
#1127 = CARTESIAN_POINT ( 'NONE',  ( -24.99999999999999289, 0.000000000000000000, 10.24999999999999645 ) ) ;
#1128 = ORIENTED_EDGE ( 'NONE', *, *, #1205, .F. ) ;
#1129 = CARTESIAN_POINT ( 'NONE',  ( 1.649999999999988809, 7.000000000000000000, 30.00000000000000000 ) ) ;
#1130 = DIRECTION ( 'NONE',  ( -0.000000000000000000, 1.000000000000000000, -0.000000000000000000 ) ) ;
#1131 = DIRECTION ( 'NONE',  ( -0.000000000000000000, 1.000000000000000000, -0.000000000000000000 ) ) ;
#1132 = ADVANCED_FACE ( 'NONE', ( #502 ), #981, .F. ) ;
#1133 = ORIENTED_EDGE ( 'NONE', *, *, #1165, .T. ) ;
#1134 = DIRECTION ( 'NONE',  ( 0.000000000000000000, 0.000000000000000000, 1.000000000000000000 ) ) ;
#1135 = VERTEX_POINT ( 'NONE', #494 ) ;
#1136 = DIRECTION ( 'NONE',  ( -0.000000000000000000, 1.000000000000000000, -0.000000000000000000 ) ) ;
#1137 = VECTOR ( 'NONE', #684, 1000.000000000000000 ) ;
#1138 = LINE ( 'NONE', #83, #929 ) ;
#1139 = VECTOR ( 'NONE', #270, 1000.000000000000000 ) ;
#1140 = EDGE_CURVE ( 'NONE', #241, #674, #726, .T. ) ;
#1141 = LINE ( 'NONE', #810, #941 ) ;
#1142 = AXIS2_PLACEMENT_3D ( 'NONE', #419, #1156, #789 ) ;
#1143 = VERTEX_POINT ( 'NONE', #850 ) ;
#1144 = ORIENTED_EDGE ( 'NONE', *, *, #827, .T. ) ;
#1145 = CALENDAR_DATE ( 2024, 19, 8 ) ;
#1146 = ORIENTED_EDGE ( 'NONE', *, *, #1082, .F. ) ;
#1147 = DIRECTION ( 'NONE',  ( -0.000000000000000000, 1.000000000000000000, 0.000000000000000000 ) ) ;
#1148 = DIRECTION ( 'NONE',  ( 0.000000000000000000, 0.000000000000000000, 1.000000000000000000 ) ) ;
#1149 = DIRECTION ( 'NONE',  ( 0.000000000000000000, 0.000000000000000000, 1.000000000000000000 ) ) ;
#1150 = LOCAL_TIME ( 14, 18, 59.00000000000000000, #1227 ) ;
#1151 = CARTESIAN_POINT ( 'NONE',  ( 50.00000000000001421, 0.000000000000000000, 30.00000000000000000 ) ) ;
#1152 = CIRCLE ( 'NONE', #753, 4.999999999999997335 ) ;
#1153 = ORIENTED_EDGE ( 'NONE', *, *, #236, .T. ) ;
#1154 = ORIENTED_EDGE ( 'NONE', *, *, #934, .T. ) ;
#1155 = VERTEX_POINT ( 'NONE', #627 ) ;
#1156 = DIRECTION ( 'NONE',  ( -0.000000000000000000, -0.000000000000000000, 1.000000000000000000 ) ) ;
#1157 = DIRECTION ( 'NONE',  ( -1.000000000000000000, 0.000000000000000000, 0.000000000000000000 ) ) ;
#1158 = CARTESIAN_POINT ( 'NONE',  ( 1.649999999999987255, 7.000000000000000000, 18.50000000000000355 ) ) ;
#1159 = ORIENTED_EDGE ( 'NONE', *, *, #1506, .F. ) ;
#1160 = ORIENTED_EDGE ( 'NONE', *, *, #773, .F. ) ;
#1161 = ORIENTED_EDGE ( 'NONE', *, *, #966, .T. ) ;
#1162 = DIRECTION ( 'NONE',  ( 0.000000000000000000, 0.000000000000000000, 1.000000000000000000 ) ) ;
#1163 = CARTESIAN_POINT ( 'NONE',  ( -9.949999999999997513, 3.000000000000000000, -30.00000000000000000 ) ) ;
#1164 = FACE_OUTER_BOUND ( 'NONE', #1011, .T. ) ;
#1165 = EDGE_CURVE ( 'NONE', #513, #993, #1355, .T. ) ;
#1166 = LINE ( 'NONE', #567, #1292 ) ;
#1167 = AXIS2_PLACEMENT_3D ( 'NONE', #225, #583, #1065 ) ;
#1168 = ORIENTED_EDGE ( 'NONE', *, *, #436, .T. ) ;
#1169 = ADVANCED_FACE ( 'NONE', ( #1461 ), #31, .F. ) ;
#1170 = CYLINDRICAL_SURFACE ( 'NONE', #693, 2.749999999999999112 ) ;
#1171 = CARTESIAN_POINT ( 'NONE',  ( -22.25000000000000000, 12.00000000000000000, 7.500000000000000000 ) ) ;
#1172 = ORIENTED_EDGE ( 'NONE', *, *, #468, .T. ) ;
#1173 = LINE ( 'NONE', #106, #1120 ) ;
#1174 = LINE ( 'NONE', #101, #250 ) ;
#1175 = VECTOR ( 'NONE', #815, 1000.000000000000000 ) ;
#1176 = ORIENTED_EDGE ( 'NONE', *, *, #601, .F. ) ;
#1177 = CIRCLE ( 'NONE', #119, 4.999999999999997335 ) ;
#1178 = DIRECTION ( 'NONE',  ( -0.000000000000000000, 1.000000000000000000, -0.000000000000000000 ) ) ;
#1179 = DIRECTION ( 'NONE',  ( 1.000000000000000000, 0.000000000000000000, 0.000000000000000000 ) ) ;
#1180 = FACE_OUTER_BOUND ( 'NONE', #786, .T. ) ;
#1181 = PLANE ( 'NONE',  #650 ) ;
#1182 = EDGE_LOOP ( 'NONE', ( #1206, #1234, #1522, #975 ) ) ;
#1183 = EDGE_CURVE ( 'NONE', #500, #95, #324, .T. ) ;
#1184 = ADVANCED_FACE ( 'NONE', ( #634 ), #1453, .F. ) ;
#1185 = DIRECTION ( 'NONE',  ( -0.000000000000000000, 1.000000000000000000, -0.000000000000000000 ) ) ;
#1186 = CARTESIAN_POINT ( 'NONE',  ( 25.00000000000002132, 0.000000000000000000, 10.24999999999999645 ) ) ;
#1187 = COORDINATED_UNIVERSAL_TIME_OFFSET ( 1, 0, .AHEAD. ) ;
#1188 = DIRECTION ( 'NONE',  ( -0.000000000000000000, -0.000000000000000000, 1.000000000000000000 ) ) ;
#1189 = CARTESIAN_POINT ( 'NONE',  ( -40.00000000000000711, 12.00000000000000000, -24.99999999999999645 ) ) ;
#1190 = ADVANCED_FACE ( 'NONE', ( #516 ), #402, .F. ) ;
#1191 = CARTESIAN_POINT ( 'NONE',  ( 39.99999999999999289, 0.000000000000000000, 20.00000000000000000 ) ) ;
#1192 = CIRCLE ( 'NONE', #1538, 2.750000000000002665 ) ;
#1193 = FACE_BOUND ( 'NONE', #660, .T. ) ;
#1194 = CIRCLE ( 'NONE', #1395, 1.649999999999987255 ) ;
#1195 = AXIS2_PLACEMENT_3D ( 'NONE', #226, #573, #13 ) ;
#1196 = EDGE_LOOP ( 'NONE', ( #487, #1095 ) ) ;
#1197 = CARTESIAN_POINT ( 'NONE',  ( 1.649999999999987255, 7.000000000000000000, 18.50000000000000355 ) ) ;
#1198 = AXIS2_PLACEMENT_3D ( 'NONE', #854, #1532, #863 ) ;
#1199 = ORIENTED_EDGE ( 'NONE', *, *, #423, .F. ) ;
#1200 = EDGE_CURVE ( 'NONE', #28, #1440, #1122, .T. ) ;
#1201 = FACE_OUTER_BOUND ( 'NONE', #788, .T. ) ;
#1202 = EDGE_LOOP ( 'NONE', ( #984, #1416, #547, #1388 ) ) ;
#1203 = VERTEX_POINT ( 'NONE', #662 ) ;
#1204 = DIRECTION ( 'NONE',  ( -0.000000000000000000, -0.000000000000000000, -1.000000000000000000 ) ) ;
#1205 = EDGE_CURVE ( 'NONE', #30, #413, #427, .T. ) ;
#1206 = ORIENTED_EDGE ( 'NONE', *, *, #1255, .F. ) ;
#1207 = CARTESIAN_POINT ( 'NONE',  ( 25.00000000000002132, 0.000000000000000000, 10.24999999999999645 ) ) ;
#1208 = AXIS2_PLACEMENT_3D ( 'NONE', #230, #576, #1408 ) ;
#1209 = EDGE_CURVE ( 'NONE', #320, #1083, #1014, .T. ) ;
#1210 = ORIENTED_EDGE ( 'NONE', *, *, #508, .F. ) ;
#1211 = ORIENTED_EDGE ( 'NONE', *, *, #1263, .F. ) ;
#1212 = CARTESIAN_POINT ( 'NONE',  ( -49.99999999999998579, 12.00000000000000000, 30.00000000000000000 ) ) ;
#1213 = AXIS2_PLACEMENT_3D ( 'NONE', #756, #1458, #1343 ) ;
#1214 = CARTESIAN_POINT ( 'NONE',  ( 9.949999999999999289, 3.000000000000000000, -30.00000000000000000 ) ) ;
#1215 = EDGE_CURVE ( 'NONE', #692, #1259, #572, .T. ) ;
#1216 = FACE_OUTER_BOUND ( 'NONE', #182, .T. ) ;
#1217 = CARTESIAN_POINT ( 'NONE',  ( -9.949999999999997513, 3.000000000000000000, -30.00000000000000000 ) ) ;
#1218 = CARTESIAN_POINT ( 'NONE',  ( -49.99999999999998579, 12.00000000000000000, 30.00000000000000000 ) ) ;
#1219 = ORIENTED_EDGE ( 'NONE', *, *, #663, .T. ) ;
#1220 = DIRECTION ( 'NONE',  ( 0.000000000000000000, 0.000000000000000000, 1.000000000000000000 ) ) ;
#1221 = DIRECTION ( 'NONE',  ( 0.000000000000000000, 0.000000000000000000, 1.000000000000000000 ) ) ;
#1222 = VECTOR ( 'NONE', #204, 1000.000000000000000 ) ;
#1223 = DIRECTION ( 'NONE',  ( -0.000000000000000000, -0.000000000000000000, 1.000000000000000000 ) ) ;
#1224 = LINE ( 'NONE', #774, #641 ) ;
#1225 = EDGE_CURVE ( 'NONE', #671, #1030, #1177, .T. ) ;
#1226 = ORIENTED_EDGE ( 'NONE', *, *, #464, .F. ) ;
#1227 = COORDINATED_UNIVERSAL_TIME_OFFSET ( 1, 0, .AHEAD. ) ;
#1228 = CARTESIAN_POINT ( 'NONE',  ( 39.99999999999999289, 0.000000000000000000, -22.74999999999999645 ) ) ;
#1229 = APPLICATION_CONTEXT ( 'configuration controlled 3d designs of mechanical parts and assemblies' ) ;
#1230 = EDGE_LOOP ( 'NONE', ( #57, #556, #86 ) ) ;
#1231 = ADVANCED_FACE ( 'NONE', ( #1266 ), #809, .F. ) ;
#1232 = DIRECTION ( 'NONE',  ( -0.000000000000000000, 1.000000000000000000, -0.000000000000000000 ) ) ;
#1233 = FACE_OUTER_BOUND ( 'NONE', #1230, .T. ) ;
#1234 = ORIENTED_EDGE ( 'NONE', *, *, #1322, .F. ) ;
#1235 = CALENDAR_DATE ( 2024, 19, 8 ) ;
#1236 = PLANE ( 'NONE',  #1118 ) ;
#1237 = AXIS2_PLACEMENT_3D ( 'NONE', #1419, #1185, #109 ) ;
#1238 = DIRECTION ( 'NONE',  ( -0.000000000000000000, 1.000000000000000000, -0.000000000000000000 ) ) ;
#1239 = CARTESIAN_POINT ( 'NONE',  ( -40.00000000000000711, 12.00000000000000000, 20.00000000000000000 ) ) ;
#1240 = EDGE_CURVE ( 'NONE', #457, #320, #678, .T. ) ;
#1241 = EDGE_LOOP ( 'NONE', ( #1058, #818, #1099, #397, #730 ) ) ;
#1242 = APPLICATION_PROTOCOL_DEFINITION ( 'international standard', 'config_control_design', 1994, #783 ) ;
#1243 = AXIS2_PLACEMENT_3D ( 'NONE', #988, #274, #1123 ) ;
#1244 = FACE_BOUND ( 'NONE', #873, .T. ) ;
#1245 = VERTEX_POINT ( 'NONE', #535 ) ;
#1246 = LINE ( 'NONE', #1129, #563 ) ;
#1247 = EDGE_CURVE ( 'NONE', #1090, #160, #48, .T. ) ;
#1248 = CARTESIAN_POINT ( 'NONE',  ( -1.649999999999988809, 7.000000000000000000, -30.00000000000000000 ) ) ;
#1249 = AXIS2_PLACEMENT_3D ( 'NONE', #1333, #455, #1220 ) ;
#1250 = CARTESIAN_POINT ( 'NONE',  ( 0.000000000000000000, 12.00000000000000000, 0.000000000000000000 ) ) ;
#1251 = ORIENTED_EDGE ( 'NONE', *, *, #827, .F. ) ;
#1252 = LINE ( 'NONE', #1008, #227 ) ;
#1253 = DIRECTION ( 'NONE',  ( 0.000000000000000000, 0.000000000000000000, 1.000000000000000000 ) ) ;
#1254 = ORIENTED_EDGE ( 'NONE', *, *, #1225, .F. ) ;
#1255 = EDGE_CURVE ( 'NONE', #136, #711, #1285, .T. ) ;
#1256 = CARTESIAN_POINT ( 'NONE',  ( 39.99999999999999289, 12.00000000000000000, -24.99999999999999645 ) ) ;
#1257 = CARTESIAN_POINT ( 'NONE',  ( -49.99999999999998579, 12.00000000000000000, -30.00000000000000000 ) ) ;
#1258 = PLANE ( 'NONE',  #78 ) ;
#1259 = VERTEX_POINT ( 'NONE', #909 ) ;
#1260 = VERTEX_POINT ( 'NONE', #1024 ) ;
#1261 = DIRECTION ( 'NONE',  ( 0.000000000000000000, 0.000000000000000000, -1.000000000000000000 ) ) ;
#1262 = ORIENTED_EDGE ( 'NONE', *, *, #536, .F. ) ;
#1263 = EDGE_CURVE ( 'NONE', #1245, #889, #1468, .T. ) ;
#1264 = ORIENTED_EDGE ( 'NONE', *, *, #559, .F. ) ;
#1265 = CARTESIAN_POINT ( 'NONE',  ( -27.74999999999999289, 0.000000000000000000, -7.500000000000000888 ) ) ;
#1266 = FACE_OUTER_BOUND ( 'NONE', #1384, .T. ) ;
#1267 = CARTESIAN_POINT ( 'NONE',  ( 25.00000000000002132, 12.00000000000000000, 7.500000000000000000 ) ) ;
#1268 = AXIS2_PLACEMENT_3D ( 'NONE', #949, #840, #1299 ) ;
#1269 = ORIENTED_EDGE ( 'NONE', *, *, #1490, .F. ) ;
#1270 = AXIS2_PLACEMENT_3D ( 'NONE', #29, #8, #374 ) ;
#1271 = ORIENTED_EDGE ( 'NONE', *, *, #1200, .F. ) ;
#1272 = LINE ( 'NONE', #1256, #895 ) ;
#1273 = EDGE_CURVE ( 'NONE', #1260, #328, #294, .T. ) ;
#1274 = DIRECTION ( 'NONE',  ( 0.000000000000000000, 1.000000000000000000, 0.000000000000000000 ) ) ;
#1275 = VECTOR ( 'NONE', #778, 1000.000000000000000 ) ;
#1276 = ADVANCED_BREP_SHAPE_REPRESENTATION ( 'Bauteil_A', ( #511, #722 ), #775 ) ;
#1277 = LINE ( 'NONE', #334, #1137 ) ;
#1278 = AXIS2_PLACEMENT_3D ( 'NONE', #673, #184, #683 ) ;
#1279 = AXIS2_PLACEMENT_3D ( 'NONE', #196, #554, #435 ) ;
#1280 = CIRCLE ( 'NONE', #1052, 1.649999999999987255 ) ;
#1281 = ORIENTED_EDGE ( 'NONE', *, *, #581, .T. ) ;
#1282 = LINE ( 'NONE', #1404, #1091 ) ;
#1283 = LINE ( 'NONE', #1265, #1315 ) ;
#1284 = EDGE_CURVE ( 'NONE', #1537, #1448, #1138, .T. ) ;
#1285 = LINE ( 'NONE', #891, #1543 ) ;
#1286 = PLANE ( 'NONE',  #1412 ) ;
#1287 = ORIENTED_EDGE ( 'NONE', *, *, #493, .T. ) ;
#1288 = ORIENTED_EDGE ( 'NONE', *, *, #417, .F. ) ;
#1289 = CARTESIAN_POINT ( 'NONE',  ( -22.25000000000000000, 0.000000000000000000, -7.500000000000000000 ) ) ;
#1290 = DIRECTION ( 'NONE',  ( 0.000000000000000000, 0.000000000000000000, 1.000000000000000000 ) ) ;
#1291 = CARTESIAN_POINT ( 'NONE',  ( -40.00000000000000711, 12.00000000000000000, -20.00000000000000000 ) ) ;
#1292 = VECTOR ( 'NONE', #1025, 1000.000000000000000 ) ;
#1293 = CARTESIAN_POINT ( 'NONE',  ( -49.99999999999998579, 0.000000000000000000, -30.00000000000000000 ) ) ;
#1294 = CIRCLE ( 'NONE', #40, 2.750000000000002665 ) ;
#1295 = VECTOR ( 'NONE', #459, 1000.000000000000000 ) ;
#1296 = EDGE_LOOP ( 'NONE', ( #529, #630, #1159, #1316 ) ) ;
#1297 = ORIENTED_EDGE ( 'NONE', *, *, #186, .F. ) ;
#1298 = CARTESIAN_POINT ( 'NONE',  ( -9.949999999999997513, -3.000000000000000000, 30.00000000000000000 ) ) ;
#1299 = DIRECTION ( 'NONE',  ( 0.000000000000000000, 0.000000000000000000, 1.000000000000000000 ) ) ;
#1300 = FACE_OUTER_BOUND ( 'NONE', #372, .T. ) ;
#1301 = EDGE_CURVE ( 'NONE', #542, #889, #210, .T. ) ;
#1302 = FACE_BOUND ( 'NONE', #1241, .T. ) ;
#1303 = ORIENTED_EDGE ( 'NONE', *, *, #626, .T. ) ;
#1304 = CONICAL_SURFACE ( 'NONE', #45, 1.649999999999987255, 1.029744258676648316 ) ;
#1305 = CARTESIAN_POINT ( 'NONE',  ( 39.99999999999999289, 12.00000000000000000, -20.00000000000000000 ) ) ;
#1306 = CARTESIAN_POINT ( 'NONE',  ( -27.74999999999999289, 0.000000000000000000, -7.500000000000000888 ) ) ;
#1307 = DIRECTION ( 'NONE',  ( -0.000000000000000000, 1.000000000000000000, -0.000000000000000000 ) ) ;
#1308 = ADVANCED_FACE ( 'NONE', ( #1505 ), #67, .F. ) ;
#1309 = CARTESIAN_POINT ( 'NONE',  ( 39.99999999999999289, 6.599999999999999645, -22.75000000000000355 ) ) ;
#1310 = ORIENTED_EDGE ( 'NONE', *, *, #1027, .F. ) ;
#1311 = DIRECTION ( 'NONE',  ( -0.000000000000000000, -0.000000000000000000, 1.000000000000000000 ) ) ;
#1312 = VERTEX_POINT ( 'NONE', #177 ) ;
#1313 = DIRECTION ( 'NONE',  ( 0.000000000000000000, -0.000000000000000000, -1.000000000000000000 ) ) ;
#1314 = ORIENTED_EDGE ( 'NONE', *, *, #1489, .F. ) ;
#1315 = VECTOR ( 'NONE', #1136, 1000.000000000000000 ) ;
#1316 = ORIENTED_EDGE ( 'NONE', *, *, #989, .F. ) ;
#1317 = DIRECTION ( 'NONE',  ( 0.000000000000000000, 0.000000000000000000, 1.000000000000000000 ) ) ;
#1318 = ORIENTED_EDGE ( 'NONE', *, *, #1247, .T. ) ;
#1319 = SECURITY_CLASSIFICATION_LEVEL ( 'unclassified' ) ;
#1320 = PLANE ( 'NONE',  #1063 ) ;
#1321 = VECTOR ( 'NONE', #295, 1000.000000000000000 ) ;
#1322 = EDGE_CURVE ( 'NONE', #738, #136, #447, .T. ) ;
#1323 = PRODUCT_DEFINITION_FORMATION_WITH_SPECIFIED_SOURCE ( 'ANY', '', #1521, .NOT_KNOWN. ) ;
#1324 = EDGE_LOOP ( 'NONE', ( #229, #221, #871 ) ) ;
#1325 = DIRECTION ( 'NONE',  ( 0.000000000000000000, 1.000000000000000000, 0.000000000000000000 ) ) ;
#1326 = AXIS2_PLACEMENT_3D ( 'NONE', #1518, #382, #832 ) ;
#1327 = APPROVAL_STATUS ( 'not_yet_approved' ) ;
#1328 = AXIS2_PLACEMENT_3D ( 'NONE', #868, #1223, #1106 ) ;
#1329 = ADVANCED_FACE ( 'NONE', ( #429 ), #434, .F. ) ;
#1330 = CARTESIAN_POINT ( 'NONE',  ( -24.99999999999999289, 0.000000000000000000, -7.500000000000000000 ) ) ;
#1331 = VERTEX_POINT ( 'NONE', #440 ) ;
#1332 = ORIENTED_EDGE ( 'NONE', *, *, #621, .F. ) ;
#1333 = CARTESIAN_POINT ( 'NONE',  ( -24.99999999999999289, 0.000000000000000000, 7.500000000000000000 ) ) ;
#1334 = CARTESIAN_POINT ( 'NONE',  ( 39.99999999999999289, 12.00000000000000000, -20.00000000000000000 ) ) ;
#1335 = FACE_OUTER_BOUND ( 'NONE', #549, .T. ) ;
#1336 = ORIENTED_EDGE ( 'NONE', *, *, #510, .T. ) ;
#1337 = DIRECTION ( 'NONE',  ( -0.000000000000000000, 1.000000000000000000, -0.000000000000000000 ) ) ;
#1338 = EDGE_LOOP ( 'NONE', ( #179, #1262 ) ) ;
#1339 = CIRCLE ( 'NONE', #1483, 4.999999999999997335 ) ;
#1340 = ORIENTED_EDGE ( 'NONE', *, *, #1200, .T. ) ;
#1341 = CARTESIAN_POINT ( 'NONE',  ( -40.00000000000000711, 12.00000000000000000, -20.00000000000000000 ) ) ;
#1342 = AXIS2_PLACEMENT_3D ( 'NONE', #1191, #114, #1 ) ;
#1343 = DIRECTION ( 'NONE',  ( 0.000000000000000000, 0.000000000000000000, 1.000000000000000000 ) ) ;
#1344 = EDGE_LOOP ( 'NONE', ( #1176, #422, #770, #1043 ) ) ;
#1345 = CARTESIAN_POINT ( 'NONE',  ( -1.649999999999990141, 7.000000000000000000, 30.00000000000000000 ) ) ;
#1346 = ADVANCED_FACE ( 'NONE', ( #922, #1164 ), #325, .F. ) ;
#1347 = FACE_OUTER_BOUND ( 'NONE', #7, .T. ) ;
#1348 = EDGE_CURVE ( 'NONE', #1135, #542, #200, .T. ) ;
#1349 = ORIENTED_EDGE ( 'NONE', *, *, #1365, .T. ) ;
#1350 = APPLICATION_PROTOCOL_DEFINITION ( 'international standard', 'config_control_design', 1994, #1229 ) ;
#1351 = CARTESIAN_POINT ( 'NONE',  ( -40.00000000000000711, 6.599999999999999645, -15.00000000000000355 ) ) ;
#1352 = LOCAL_TIME ( 14, 18, 59.00000000000000000, #1187 ) ;
#1353 = AXIS2_PLACEMENT_3D ( 'NONE', #1267, #1048, #430 ) ;
#1354 = ADVANCED_FACE ( 'NONE', ( #232 ), #1379, .F. ) ;
#1355 = LINE ( 'NONE', #262, #807 ) ;
#1356 = CARTESIAN_POINT ( 'NONE',  ( 39.99999999999999289, 0.000000000000000000, 22.74999999999999645 ) ) ;
#1357 = EDGE_LOOP ( 'NONE', ( #1310, #212 ) ) ;
#1358 = CARTESIAN_POINT ( 'NONE',  ( -22.25000000000000000, 12.00000000000000000, -7.500000000000000000 ) ) ;
#1359 = CC_DESIGN_PERSON_AND_ORGANIZATION_ASSIGNMENT ( #283, #631, ( #1521 ) ) ;
#1360 = CARTESIAN_POINT ( 'NONE',  ( 25.00000000000002132, 0.000000000000000000, -7.500000000000000000 ) ) ;
#1361 = CARTESIAN_POINT ( 'NONE',  ( 39.99999999999999289, 12.00000000000000000, -17.25000000000000000 ) ) ;
#1362 = VERTEX_POINT ( 'NONE', #1086 ) ;
#1363 = PERSON_AND_ORGANIZATION_ROLE ( 'creator' ) ;
#1364 = DIRECTION ( 'NONE',  ( -1.000000000000000000, -0.000000000000000000, -0.000000000000000000 ) ) ;
#1365 = EDGE_CURVE ( 'NONE', #504, #1035, #646, .T. ) ;
#1366 = ORIENTED_EDGE ( 'NONE', *, *, #814, .T. ) ;
#1367 = DIRECTION ( 'NONE',  ( 0.000000000000000000, 0.000000000000000000, 1.000000000000000000 ) ) ;
#1368 = VECTOR ( 'NONE', #1396, 1000.000000000000000 ) ;
#1369 = CARTESIAN_POINT ( 'NONE',  ( -40.00000000000000711, 0.000000000000000000, 20.00000000000000000 ) ) ;
#1370 = PLANE ( 'NONE',  #167 ) ;
#1371 = ORIENTED_EDGE ( 'NONE', *, *, #1504, .T. ) ;
#1372 = ADVANCED_FACE ( 'NONE', ( #1180 ), #1422, .F. ) ;
#1373 = LINE ( 'NONE', #414, #1467 ) ;
#1374 = CARTESIAN_POINT ( 'NONE',  ( -49.99999999999998579, 0.000000000000000000, -30.00000000000000000 ) ) ;
#1375 = EDGE_LOOP ( 'NONE', ( #728, #144, #555, #1403 ) ) ;
#1376 = CARTESIAN_POINT ( 'NONE',  ( -40.00000000000000711, 0.000000000000000000, -22.74999999999999645 ) ) ;
#1377 = AXIS2_PLACEMENT_3D ( 'NONE', #1406, #332, #939 ) ;
#1378 = DIRECTION ( 'NONE',  ( -0.000000000000000000, -0.000000000000000000, -1.000000000000000000 ) ) ;
#1379 = CONICAL_SURFACE ( 'NONE', #1326, 1.649999999999987255, 1.029744258676648316 ) ;
#1380 = FACE_BOUND ( 'NONE', #1338, .T. ) ;
#1381 = EDGE_CURVE ( 'NONE', #1083, #135, #369, .T. ) ;
#1382 = VERTEX_POINT ( 'NONE', #448 ) ;
#1383 = DIRECTION ( 'NONE',  ( 0.000000000000000000, 0.000000000000000000, -1.000000000000000000 ) ) ;
#1384 = EDGE_LOOP ( 'NONE', ( #1481, #819, #467, #1393 ) ) ;
#1385 = DIRECTION ( 'NONE',  ( -0.000000000000000000, -1.000000000000000000, -0.000000000000000000 ) ) ;
#1386 = DIRECTION ( 'NONE',  ( -0.000000000000000000, 1.000000000000000000, -0.000000000000000000 ) ) ;
#1387 = CARTESIAN_POINT ( 'NONE',  ( -40.00000000000000711, 0.000000000000000000, -20.00000000000000000 ) ) ;
#1388 = ORIENTED_EDGE ( 'NONE', *, *, #99, .F. ) ;
#1389 = CARTESIAN_POINT ( 'NONE',  ( 39.99999999999999289, 0.000000000000000000, 17.25000000000000355 ) ) ;
#1390 = DIRECTION ( 'NONE',  ( -0.000000000000000000, 1.000000000000000000, -0.000000000000000000 ) ) ;
#1391 = DIRECTION ( 'NONE',  ( 1.000000000000000000, 0.000000000000000000, -0.000000000000000000 ) ) ;
#1392 = VECTOR ( 'NONE', #1409, 1000.000000000000000 ) ;
#1393 = ORIENTED_EDGE ( 'NONE', *, *, #839, .F. ) ;
#1394 = EDGE_CURVE ( 'NONE', #836, #1070, #703, .T. ) ;
#1395 = AXIS2_PLACEMENT_3D ( 'NONE', #482, #959, #1098 ) ;
#1396 = DIRECTION ( 'NONE',  ( -0.000000000000000000, -1.000000000000000000, -0.000000000000000000 ) ) ;
#1397 = DIRECTION ( 'NONE',  ( -0.000000000000000000, 1.000000000000000000, -0.000000000000000000 ) ) ;
#1398 = CARTESIAN_POINT ( 'NONE',  ( 39.99999999999999289, 0.000000000000000000, 20.00000000000000000 ) ) ;
#1399 = CIRCLE ( 'NONE', #645, 1.649999999999987255 ) ;
#1400 = PLANE ( 'NONE',  #538 ) ;
#1401 = AXIS2_PLACEMENT_3D ( 'NONE', #901, #1378, #1157 ) ;
#1402 = AXIS2_PLACEMENT_3D ( 'NONE', #391, #25, #1112 ) ;
#1403 = ORIENTED_EDGE ( 'NONE', *, *, #1459, .F. ) ;
#1404 = CARTESIAN_POINT ( 'NONE',  ( -1.649999999999987255, 7.000000000000000000, -18.50000000000000355 ) ) ;
#1405 = CARTESIAN_POINT ( 'NONE',  ( 1.649999999999987255, 7.000000000000000000, -18.50000000000000355 ) ) ;
#1406 = CARTESIAN_POINT ( 'NONE',  ( -40.00000000000000711, 0.000000000000000000, 20.00000000000000000 ) ) ;
#1407 = DIRECTION ( 'NONE',  ( 0.000000000000000000, 0.000000000000000000, 1.000000000000000000 ) ) ;
#1408 = DIRECTION ( 'NONE',  ( 0.000000000000000000, 0.000000000000000000, 1.000000000000000000 ) ) ;
#1409 = DIRECTION ( 'NONE',  ( -0.000000000000000000, 1.000000000000000000, -0.000000000000000000 ) ) ;
#1410 = ADVANCED_FACE ( 'NONE', ( #1061 ), #1304, .F. ) ;
#1411 = CARTESIAN_POINT ( 'NONE',  ( 25.00000000000002132, 0.000000000000000000, 7.500000000000000000 ) ) ;
#1412 = AXIS2_PLACEMENT_3D ( 'NONE', #537, #1016, #1491 ) ;
#1413 = UNCERTAINTY_MEASURE_WITH_UNIT (LENGTH_MEASURE( 1.000000000000000082E-05 ), #297, 'distance_accuracy_value', 'NONE');
#1414 = DIRECTION ( 'NONE',  ( -0.000000000000000000, 1.000000000000000000, -0.000000000000000000 ) ) ;
#1415 = VECTOR ( 'NONE', #1451, 1000.000000000000000 ) ;
#1416 = ORIENTED_EDGE ( 'NONE', *, *, #604, .T. ) ;
#1417 = ADVANCED_FACE ( 'NONE', ( #1526 ), #748, .F. ) ;
#1418 = VERTEX_POINT ( 'NONE', #825 ) ;
#1419 = CARTESIAN_POINT ( 'NONE',  ( -40.00000000000000711, 12.00000000000000000, 20.00000000000000000 ) ) ;
#1420 = DIRECTION ( 'NONE',  ( -0.000000000000000000, -0.000000000000000000, -1.000000000000000000 ) ) ;
#1421 = PERSON_AND_ORGANIZATION_ROLE ( 'design_supplier' ) ;
#1422 = CYLINDRICAL_SURFACE ( 'NONE', #396, 2.749999999999999112 ) ;
#1423 = CARTESIAN_POINT ( 'NONE',  ( 0.000000000000000000, 0.000000000000000000, 0.000000000000000000 ) ) ;
#1424 = ORIENTED_EDGE ( 'NONE', *, *, #259, .F. ) ;
#1425 = CIRCLE ( 'NONE', #150, 4.999999999999997335 ) ;
#1426 = PLANE ( 'NONE',  #465 ) ;
#1427 = DIRECTION ( 'NONE',  ( -1.000000000000000000, 0.000000000000000000, 0.000000000000000000 ) ) ;
#1428 = ORIENTED_EDGE ( 'NONE', *, *, #348, .T. ) ;
#1429 = FACE_BOUND ( 'NONE', #787, .T. ) ;
#1430 = PERSON_AND_ORGANIZATION ( #635, #198 ) ;
#1431 = CYLINDRICAL_SURFACE ( 'NONE', #739, 4.999999999999997335 ) ;
#1432 = ORIENTED_EDGE ( 'NONE', *, *, #468, .F. ) ;
#1433 = AXIS2_PLACEMENT_3D ( 'NONE', #771, #1496, #653 ) ;
#1434 = ORIENTED_EDGE ( 'NONE', *, *, #1394, .T. ) ;
#1435 = EDGE_CURVE ( 'NONE', #1070, #899, #275, .T. ) ;
#1436 = CARTESIAN_POINT ( 'NONE',  ( -24.99999999999999289, 12.00000000000000000, -7.500000000000000000 ) ) ;
#1437 = ORIENTED_EDGE ( 'NONE', *, *, #464, .T. ) ;
#1438 = COORDINATED_UNIVERSAL_TIME_OFFSET ( 1, 0, .AHEAD. ) ;
#1439 = CARTESIAN_POINT ( 'NONE',  ( -40.00000000000000711, 12.00000000000000000, 15.00000000000000355 ) ) ;
#1440 = VERTEX_POINT ( 'NONE', #1097 ) ;
#1441 = ORIENTED_EDGE ( 'NONE', *, *, #142, .T. ) ;
#1442 = DIRECTION ( 'NONE',  ( -0.000000000000000000, 1.000000000000000000, -0.000000000000000000 ) ) ;
#1443 = LINE ( 'NONE', #1214, #1536 ) ;
#1444 = AXIS2_PLACEMENT_3D ( 'NONE', #1291, #217, #138 ) ;
#1445 = ORIENTED_EDGE ( 'NONE', *, *, #953, .T. ) ;
#1446 = DIRECTION ( 'NONE',  ( -1.000000000000000000, 0.000000000000000000, 0.000000000000000000 ) ) ;
#1447 = FACE_BOUND ( 'NONE', #137, .T. ) ;
#1448 = VERTEX_POINT ( 'NONE', #22 ) ;
#1449 = ORIENTED_EDGE ( 'NONE', *, *, #1484, .F. ) ;
#1450 = CARTESIAN_POINT ( 'NONE',  ( -40.00000000000000711, 12.00000000000000000, 20.00000000000000000 ) ) ;
#1451 = DIRECTION ( 'NONE',  ( -0.000000000000000000, 1.000000000000000000, -0.000000000000000000 ) ) ;
#1452 = EDGE_CURVE ( 'NONE', #169, #990, #498, .T. ) ;
#1453 = CYLINDRICAL_SURFACE ( 'NONE', #519, 2.749999999999999112 ) ;
#1454 = EDGE_CURVE ( 'NONE', #1259, #692, #518, .T. ) ;
#1455 = LINE ( 'NONE', #884, #950 ) ;
#1456 = ORIENTED_EDGE ( 'NONE', *, *, #1273, .F. ) ;
#1457 = CARTESIAN_POINT ( 'NONE',  ( 0.000000000000000000, 0.000000000000000000, 0.000000000000000000 ) ) ;
#1458 = DIRECTION ( 'NONE',  ( -0.000000000000000000, 1.000000000000000000, -0.000000000000000000 ) ) ;
#1459 = EDGE_CURVE ( 'NONE', #443, #28, #111, .T. ) ;
#1460 = VECTOR ( 'NONE', #1385, 1000.000000000000000 ) ;
#1461 = FACE_OUTER_BOUND ( 'NONE', #732, .T. ) ;
#1462 = VECTOR ( 'NONE', #640, 1000.000000000000000 ) ;
#1463 = DIRECTION ( 'NONE',  ( 0.000000000000000000, -0.000000000000000000, -1.000000000000000000 ) ) ;
#1464 = VERTEX_POINT ( 'NONE', #342 ) ;
#1465 = PERSON_AND_ORGANIZATION ( #635, #198 ) ;
#1466 = DIRECTION ( 'NONE',  ( 0.000000000000000000, 0.000000000000000000, 1.000000000000000000 ) ) ;
#1467 = VECTOR ( 'NONE', #35, 1000.000000000000000 ) ;
#1468 = CIRCLE ( 'NONE', #1401, 1.649999999999989919 ) ;
#1469 = AXIS2_PLACEMENT_3D ( 'NONE', #1478, #384, #131 ) ;
#1470 = CARTESIAN_POINT ( 'NONE',  ( 39.99999999999999289, 12.00000000000000000, 20.00000000000000000 ) ) ;
#1471 = DIRECTION ( 'NONE',  ( -0.000000000000000000, -1.000000000000000000, -0.000000000000000000 ) ) ;
#1472 = ADVANCED_FACE ( 'NONE', ( #1300 ), #697, .F. ) ;
#1473 = EDGE_LOOP ( 'NONE', ( #561, #759 ) ) ;
#1474 = DIRECTION ( 'NONE',  ( -0.000000000000000000, -0.000000000000000000, 1.000000000000000000 ) ) ;
#1475 = LINE ( 'NONE', #1298, #1321 ) ;
#1476 = ORIENTED_EDGE ( 'NONE', *, *, #1365, .F. ) ;
#1477 = DIRECTION ( 'NONE',  ( -0.000000000000000000, 1.000000000000000000, -0.000000000000000000 ) ) ;
#1478 = CARTESIAN_POINT ( 'NONE',  ( -40.00000000000000711, 12.00000000000000000, -20.00000000000000000 ) ) ;
#1479 = EDGE_CURVE ( 'NONE', #1083, #625, #489, .T. ) ;
#1480 = CARTESIAN_POINT ( 'NONE',  ( -40.00000000000000711, 6.599999999999999645, -20.00000000000000000 ) ) ;
#1481 = ORIENTED_EDGE ( 'NONE', *, *, #1247, .F. ) ;
#1482 = FACE_BOUND ( 'NONE', #16, .T. ) ;
#1483 = AXIS2_PLACEMENT_3D ( 'NONE', #600, #837, #574 ) ;
#1484 = EDGE_CURVE ( 'NONE', #1031, #671, #968, .T. ) ;
#1485 = CIRCLE ( 'NONE', #1342, 2.749999999999995559 ) ;
#1486 = EDGE_LOOP ( 'NONE', ( #677, #449 ) ) ;
#1487 = CARTESIAN_POINT ( 'NONE',  ( 39.99999999999999289, 12.00000000000000000, 24.99999999999999645 ) ) ;
#1488 = DIRECTION ( 'NONE',  ( 0.000000000000000000, 0.000000000000000000, 1.000000000000000000 ) ) ;
#1489 = EDGE_CURVE ( 'NONE', #692, #1143, #1173, .T. ) ;
#1490 = EDGE_CURVE ( 'NONE', #1096, #990, #1373, .T. ) ;
#1491 = DIRECTION ( 'NONE',  ( 0.000000000000000000, 0.000000000000000000, 1.000000000000000000 ) ) ;
#1492 = ORIENTED_EDGE ( 'NONE', *, *, #80, .T. ) ;
#1493 = EDGE_LOOP ( 'NONE', ( #1049, #147, #371, #363 ) ) ;
#1494 = MECHANICAL_CONTEXT ( 'NONE', #783, 'mechanical' ) ;
#1495 = ORIENTED_EDGE ( 'NONE', *, *, #1215, .T. ) ;
#1496 = DIRECTION ( 'NONE',  ( -0.000000000000000000, -0.000000000000000000, 1.000000000000000000 ) ) ;
#1497 = DIRECTION ( 'NONE',  ( 0.000000000000000000, 0.000000000000000000, 1.000000000000000000 ) ) ;
#1498 = AXIS2_PLACEMENT_3D ( 'NONE', #280, #1232, #254 ) ;
#1499 = LINE ( 'NONE', #902, #606 ) ;
#1500 = PERSON_AND_ORGANIZATION ( #635, #198 ) ;
#1501 = EDGE_LOOP ( 'NONE', ( #256, #594, #1000, #611 ) ) ;
#1502 = EDGE_LOOP ( 'NONE', ( #1199, #1077, #418, #289 ) ) ;
#1503 = DIRECTION ( 'NONE',  ( -0.000000000000000000, 1.000000000000000000, -0.000000000000000000 ) ) ;
#1504 = EDGE_CURVE ( 'NONE', #1448, #896, #1399, .T. ) ;
#1505 = FACE_OUTER_BOUND ( 'NONE', #368, .T. ) ;
#1506 = EDGE_CURVE ( 'NONE', #328, #1418, #879, .T. ) ;
#1507 = CYLINDRICAL_SURFACE ( 'NONE', #264, 2.749999999999999112 ) ;
#1508 = ORIENTED_EDGE ( 'NONE', *, *, #892, .T. ) ;
#1509 = VERTEX_POINT ( 'NONE', #180 ) ;
#1510 = CARTESIAN_POINT ( 'NONE',  ( 27.75000000000001776, 12.00000000000000000, 7.500000000000000888 ) ) ;
#1511 = DIRECTION ( 'NONE',  ( 0.000000000000000000, 0.000000000000000000, 1.000000000000000000 ) ) ;
#1512 = AXIS2_PLACEMENT_3D ( 'NONE', #311, #208, #1367 ) ;
#1513 = DIRECTION ( 'NONE',  ( 0.000000000000000000, -0.000000000000000000, -1.000000000000000000 ) ) ;
#1514 = AXIS2_PLACEMENT_3D ( 'NONE', #415, #1119, #898 ) ;
#1515 = APPROVAL ( #277, 'UNSPECIFIED' ) ;
#1516 = CARTESIAN_POINT ( 'NONE',  ( 50.00000000000001421, 12.00000000000000000, -30.00000000000000000 ) ) ;
#1517 = CARTESIAN_POINT ( 'NONE',  ( 39.99999999999999289, 6.599999999999999645, -17.24999999999999645 ) ) ;
#1518 = CARTESIAN_POINT ( 'NONE',  ( 0.000000000000000000, 7.000000000000000000, 18.50000000000000355 ) ) ;
#1519 = CC_DESIGN_APPROVAL ( #475, ( #1323 ) ) ;
#1520 = FACE_OUTER_BOUND ( 'NONE', #1529, .T. ) ;
#1521 = PRODUCT ( 'Bauteil_A', 'Bauteil_A', '', ( #1494 ) ) ;
#1522 = ORIENTED_EDGE ( 'NONE', *, *, #629, .T. ) ;
#1523 = EDGE_CURVE ( 'NONE', #157, #927, #1252, .T. ) ;
#1524 = CYLINDRICAL_SURFACE ( 'NONE', #360, 2.749999999999999112 ) ;
#1525 = FACE_BOUND ( 'NONE', #1357, .T. ) ;
#1526 = FACE_OUTER_BOUND ( 'NONE', #1036, .T. ) ;
#1527 = CARTESIAN_POINT ( 'NONE',  ( 39.99999999999999289, 12.00000000000000000, -24.99999999999999645 ) ) ;
#1528 = EDGE_CURVE ( 'NONE', #127, #1440, #425, .T. ) ;
#1529 = EDGE_LOOP ( 'NONE', ( #1288, #720, #957, #11 ) ) ;
#1530 = DIRECTION ( 'NONE',  ( -0.000000000000000000, 1.000000000000000000, -0.000000000000000000 ) ) ;
#1531 = FACE_OUTER_BOUND ( 'NONE', #913, .T. ) ;
#1532 = DIRECTION ( 'NONE',  ( -0.000000000000000000, -0.000000000000000000, -1.000000000000000000 ) ) ;
#1533 = CIRCLE ( 'NONE', #866, 2.749999999999997335 ) ;
#1534 = EDGE_CURVE ( 'NONE', #838, #108, #648, .T. ) ;
#1535 = DIRECTION ( 'NONE',  ( -0.000000000000000000, -0.000000000000000000, -1.000000000000000000 ) ) ;
#1536 = VECTOR ( 'NONE', #624, 1000.000000000000000 ) ;
#1537 = VERTEX_POINT ( 'NONE', #657 ) ;
#1538 = AXIS2_PLACEMENT_3D ( 'NONE', #407, #183, #1012 ) ;
#1539 = DIRECTION ( 'NONE',  ( 0.000000000000000000, 0.000000000000000000, 1.000000000000000000 ) ) ;
#1540 = DIRECTION ( 'NONE',  ( 0.000000000000000000, 0.000000000000000000, 1.000000000000000000 ) ) ;
#1541 = VECTOR ( 'NONE', #1055, 1000.000000000000000 ) ;
#1542 = ORIENTED_EDGE ( 'NONE', *, *, #286, .F. ) ;
#1543 = VECTOR ( 'NONE', #420, 1000.000000000000000 ) ;
ENDSEC;
END-ISO-10303-21;
