ISO-10303-21;
HEADER;
FILE_DESCRIPTION (( 'STEP AP203' ),
    '1' );
FILE_NAME ('Bauteil_C.STEP',
    '2024-08-19T12:25:17',
    ( '' ),
    ( '' ),
    'SwSTEP 2.0',
    'SolidWorks 2023',
    '' );
FILE_SCHEMA (( 'CONFIG_CONTROL_DESIGN' ));
ENDSEC;

DATA;
#1 = DIRECTION ( 'NONE',  ( -1.000000000000000000, 0.000000000000000000, 0.000000000000000000 ) ) ;
#2 = EDGE_CURVE ( 'NONE', #1600, #473, #241, .T. ) ;
#3 = DIRECTION ( 'NONE',  ( 1.000000000000000000, 0.000000000000000000, 0.000000000000000000 ) ) ;
#4 = LINE ( 'NONE', #1310, #1941 ) ;
#5 = EDGE_LOOP ( 'NONE', ( #252, #785, #311, #1407 ) ) ;
#6 = DIRECTION ( 'NONE',  ( 1.000000000000000000, 0.000000000000000000, 0.000000000000000000 ) ) ;
#7 = VERTEX_POINT ( 'NONE', #769 ) ;
#8 = AXIS2_PLACEMENT_3D ( 'NONE', #368, #1004, #1362 ) ;
#9 = APPROVAL_STATUS ( 'not_yet_approved' ) ;
#10 = DIRECTION ( 'NONE',  ( -0.9583148474999100275, -0.2857142857142854764, -0.000000000000000000 ) ) ;
#11 = CARTESIAN_POINT ( 'NONE',  ( 60.00000000000000000, -20.00000000000001066, -23.00000000000000000 ) ) ;
#12 = CARTESIAN_POINT ( 'NONE',  ( -37.85714285714286831, -9.583148474999095612, 23.00000000000000000 ) ) ;
#13 = DIRECTION ( 'NONE',  ( 0.000000000000000000, -0.000000000000000000, 1.000000000000000000 ) ) ;
#14 = EDGE_CURVE ( 'NONE', #1299, #700, #1671, .T. ) ;
#15 = DIRECTION ( 'NONE',  ( -1.000000000000000000, 0.000000000000000000, 0.000000000000000000 ) ) ;
#16 = EDGE_LOOP ( 'NONE', ( #1866, #725, #281, #904 ) ) ;
#17 = ORIENTED_EDGE ( 'NONE', *, *, #171, .F. ) ;
#18 = DIRECTION ( 'NONE',  ( -1.000000000000000000, 0.000000000000000000, 0.000000000000000000 ) ) ;
#19 = ORIENTED_EDGE ( 'NONE', *, *, #2038, .T. ) ;
#20 = VECTOR ( 'NONE', #1948, 1000.000000000000000 ) ;
#21 = CARTESIAN_POINT ( 'NONE',  ( -26.00000000000000355, 13.11826546799876247, -15.50000000000000000 ) ) ;
#22 = DIRECTION ( 'NONE',  ( 1.000000000000000000, 0.000000000000000000, 0.000000000000000000 ) ) ;
#23 = FACE_OUTER_BOUND ( 'NONE', #1077, .T. ) ;
#24 = CIRCLE ( 'NONE', #115, 4.000000000000003553 ) ;
#25 = DIRECTION ( 'NONE',  ( 1.000000000000000000, 0.000000000000000000, 0.000000000000000000 ) ) ;
#26 = VECTOR ( 'NONE', #1390, 999.9999999999998863 ) ;
#27 = APPROVAL ( #9, 'UNSPECIFIED' ) ;
#28 = ORIENTED_EDGE ( 'NONE', *, *, #468, .T. ) ;
#29 = CARTESIAN_POINT ( 'NONE',  ( 52.99999999999999289, -10.00000000000000000, -36.57117203369102043 ) ) ;
#30 = EDGE_LOOP ( 'NONE', ( #940, #841, #1859, #190, #1940 ) ) ;
#31 = DATE_TIME_ROLE ( 'classification_date' ) ;
#32 = ORIENTED_EDGE ( 'NONE', *, *, #1561, .F. ) ;
#33 = DIRECTION ( 'NONE',  ( -1.175036694370783896E-16, -0.000000000000000000, -1.000000000000000000 ) ) ;
#34 = CARTESIAN_POINT ( 'NONE',  ( -26.00000000000000355, -13.11826546799876247, 15.50000000000000000 ) ) ;
#35 =( BOUNDED_CURVE ( )  B_SPLINE_CURVE ( 3, ( #869, #407, #1214, #67 ),
 .UNSPECIFIED., .F., .F. ) 
 B_SPLINE_CURVE_WITH_KNOTS ( ( 4, 4 ),
 ( 4.712388980384689674, 6.283185307179585344 ),
 .UNSPECIFIED. ) 
 CURVE ( )  GEOMETRIC_REPRESENTATION_ITEM ( )  RATIONAL_B_SPLINE_CURVE ( ( 1.000000000000000000, 0.8047378541243649375, 0.8047378541243649375, 1.000000000000000000 ) ) 
 REPRESENTATION_ITEM ( '' )  );
#36 = DIRECTION ( 'NONE',  ( -0.000000000000000000, -0.000000000000000000, -1.000000000000000000 ) ) ;
#37 = ORIENTED_EDGE ( 'NONE', *, *, #451, .F. ) ;
#38 = CARTESIAN_POINT ( 'NONE',  ( 49.99999999999998579, -10.00000000000000000, -25.00000000000000000 ) ) ;
#39 = ORIENTED_EDGE ( 'NONE', *, *, #730, .T. ) ;
#40 = ADVANCED_FACE ( 'NONE', ( #271 ), #287, .F. ) ;
#41 = CARTESIAN_POINT ( 'NONE',  ( 21.00000000000000000, -20.00000000000001066, -10.49999999999999822 ) ) ;
#42 = EDGE_LOOP ( 'NONE', ( #1501, #188, #19, #17, #1392, #2019 ) ) ;
#43 = VECTOR ( 'NONE', #576, 1000.000000000000000 ) ;
#45 = AXIS2_PLACEMENT_3D ( 'NONE', #655, #144, #478 ) ;
#44 = LINE ( 'NONE', #533, #1934 ) ;
#46 = CARTESIAN_POINT ( 'NONE',  ( -35.00000000000000711, 0.000000000000000000, -20.49999999999996447 ) ) ;
#47 = ADVANCED_FACE ( 'NONE', ( #122 ), #1436, .F. ) ;
#48 = CARTESIAN_POINT ( 'NONE',  ( -26.00000000000000355, -14.60897745299861938, 15.50000000000000000 ) ) ;
#49 = VERTEX_POINT ( 'NONE', #1406 ) ;
#50 = FACE_BOUND ( 'NONE', #1575, .T. ) ;
#51 = ORIENTED_EDGE ( 'NONE', *, *, #1256, .T. ) ;
#52 = DIRECTION ( 'NONE',  ( -1.000000000000000000, 0.000000000000000000, 0.000000000000000000 ) ) ;
#53 = FACE_OUTER_BOUND ( 'NONE', #426, .T. ) ;
#54 = LINE ( 'NONE', #1858, #1062 ) ;
#55 = AXIS2_PLACEMENT_3D ( 'NONE', #475, #969, #1922 ) ;
#56 = CIRCLE ( 'NONE', #1141, 3.749999999999989342 ) ;
#57 = VECTOR ( 'NONE', #1353, 1000.000000000000000 ) ;
#58 = VECTOR ( 'NONE', #1562, 1000.000000000000000 ) ;
#59 = DIRECTION ( 'NONE',  ( -0.000000000000000000, -0.000000000000000000, -1.000000000000000000 ) ) ;
#60 = APPROVAL_PERSON_ORGANIZATION ( #1664, #1764, #998 ) ;
#61 = AXIS2_PLACEMENT_3D ( 'NONE', #2052, #587, #2065 ) ;
#62 = EDGE_CURVE ( 'NONE', #1698, #1999, #2002, .T. ) ;
#63 = ORIENTED_EDGE ( 'NONE', *, *, #1829, .T. ) ;
#64 = FACE_OUTER_BOUND ( 'NONE', #610, .T. ) ;
#65 = PLANE ( 'NONE',  #593 ) ;
#66 = DIRECTION ( 'NONE',  ( 0.9583148474999100275, -0.2857142857142854764, 0.000000000000000000 ) ) ;
#67 = CARTESIAN_POINT ( 'NONE',  ( -21.00000000000000000, -14.60897745299861938, 10.50000000000000178 ) ) ;
#68 = EDGE_CURVE ( 'NONE', #635, #1153, #1586, .T. ) ;
#69 = EDGE_CURVE ( 'NONE', #149, #635, #528, .T. ) ;
#70 = DIRECTION ( 'NONE',  ( -1.175036694370783896E-16, -0.000000000000000000, -1.000000000000000000 ) ) ;
#71 = ORIENTED_EDGE ( 'NONE', *, *, #1759, .F. ) ;
#72 = DIRECTION ( 'NONE',  ( -0.000000000000000000, -1.000000000000000000, 0.000000000000000000 ) ) ;
#73 = VERTEX_POINT ( 'NONE', #1100 ) ;
#74 = EDGE_CURVE ( 'NONE', #1541, #643, #2069, .T. ) ;
#75 = DIRECTION ( 'NONE',  ( -1.000000000000000000, 0.000000000000000000, 0.000000000000000000 ) ) ;
#76 = CARTESIAN_POINT ( 'NONE',  ( 52.99999999999999289, -10.00000000000000000, -21.50000000000000000 ) ) ;
#77 = CIRCLE ( 'NONE', #8, 10.00000000000000888 ) ;
#78 = CARTESIAN_POINT ( 'NONE',  ( -35.00000000000000000, 0.000000000000000000, 23.00000000000000000 ) ) ;
#79 = EDGE_CURVE ( 'NONE', #376, #1023, #113, .T. ) ;
#80 = CARTESIAN_POINT ( 'NONE',  ( 70.00000000000000000, -9.999999999999998224, 23.00000000000000000 ) ) ;
#81 = CARTESIAN_POINT ( 'NONE',  ( 22.79660385105834663, 9.176420604955731974, 14.35294447155904685 ) ) ;
#82 = LINE ( 'NONE', #723, #26 ) ;
#83 = CARTESIAN_POINT ( 'NONE',  ( 60.00000000000000000, -10.00000000000000000, 25.00000000000000000 ) ) ;
#84 = VECTOR ( 'NONE', #676, 1000.000000000000000 ) ;
#85 = VERTEX_POINT ( 'NONE', #184 ) ;
#86 = LINE ( 'NONE', #727, #835 ) ;
#87 = CIRCLE ( 'NONE', #1273, 7.000000000000006217 ) ;
#88 = AXIS2_PLACEMENT_3D ( 'NONE', #566, #1059, #763 ) ;
#89 = CARTESIAN_POINT ( 'NONE',  ( 0.000000000000000000, 0.000000000000000000, 21.99999999999998579 ) ) ;
#90 = ORIENTED_EDGE ( 'NONE', *, *, #1377, .F. ) ;
#91 = ADVANCED_FACE ( 'NONE', ( #1136 ), #423, .F. ) ;
#92 = CYLINDRICAL_SURFACE ( 'NONE', #1181, 79.99999999999937472 ) ;
#93 = DIRECTION ( 'NONE',  ( 0.000000000000000000, 0.000000000000000000, -1.000000000000000000 ) ) ;
#94 = DIRECTION ( 'NONE',  ( -1.175036694370783896E-16, -0.000000000000000000, -1.000000000000000000 ) ) ;
#95 = DIRECTION ( 'NONE',  ( -0.000000000000000000, -0.000000000000000000, -1.000000000000000000 ) ) ;
#96 = ORIENTED_EDGE ( 'NONE', *, *, #2053, .T. ) ;
#97 = ORIENTED_EDGE ( 'NONE', *, *, #543, .F. ) ;
#98 = CARTESIAN_POINT ( 'NONE',  ( 60.00000000000000000, -10.00000000000000000, -21.00000000000001066 ) ) ;
#99 = EDGE_CURVE ( 'NONE', #1503, #1470, #657, .T. ) ;
#100 = CARTESIAN_POINT ( 'NONE',  ( -26.00000000000000355, -20.00000000000001066, 10.49999999999999822 ) ) ;
#101 = DIRECTION ( 'NONE',  ( -1.000000000000000000, 0.000000000000000000, 0.000000000000000000 ) ) ;
#102 = VECTOR ( 'NONE', #701, 1000.000000000000000 ) ;
#103 = ORIENTED_EDGE ( 'NONE', *, *, #1565, .F. ) ;
#104 = AXIS2_PLACEMENT_3D ( 'NONE', #322, #1283, #1121 ) ;
#105 = EDGE_CURVE ( 'NONE', #170, #2081, #1456, .T. ) ;
#106 = CARTESIAN_POINT ( 'NONE',  ( 20.99999999999999645, 10.15016105959870529, 10.85192139581380566 ) ) ;
#107 = ORIENTED_EDGE ( 'NONE', *, *, #1687, .T. ) ;
#108 =( BOUNDED_CURVE ( )  B_SPLINE_CURVE ( 3, ( #1603, #168, #809, #1904 ),
 .UNSPECIFIED., .F., .F. ) 
 B_SPLINE_CURVE_WITH_KNOTS ( ( 4, 4 ),
 ( 3.141592653589793560, 4.712388980384689674 ),
 .UNSPECIFIED. ) 
 CURVE ( )  GEOMETRIC_REPRESENTATION_ITEM ( )  RATIONAL_B_SPLINE_CURVE ( ( 1.000000000000000000, 0.8047378541243650485, 0.8047378541243650485, 1.000000000000000000 ) ) 
 REPRESENTATION_ITEM ( '' )  );
#109 = CARTESIAN_POINT ( 'NONE',  ( -14.45683229480096088, -3.999999999999998224, 21.99999999999998579 ) ) ;
#110 = DIRECTION ( 'NONE',  ( 0.000000000000000000, -1.000000000000000000, 0.000000000000000000 ) ) ;
#111 = CARTESIAN_POINT ( 'NONE',  ( -21.00000000000000000, -14.60897745299861938, -10.49999999999998934 ) ) ;
#112 = AXIS2_PLACEMENT_3D ( 'NONE', #2082, #639, #25 ) ;
#113 = LINE ( 'NONE', #1428, #957 ) ;
#114 = CYLINDRICAL_SURFACE ( 'NONE', #88, 7.000000000000006217 ) ;
#115 = AXIS2_PLACEMENT_3D ( 'NONE', #1339, #197, #859 ) ;
#116 = EDGE_CURVE ( 'NONE', #1747, #447, #174, .T. ) ;
#117 = AXIS2_PLACEMENT_3D ( 'NONE', #974, #648, #864 ) ;
#118 = DIRECTION ( 'NONE',  ( -1.000000000000000000, 0.000000000000000000, 0.000000000000000000 ) ) ;
#119 = PLANE ( 'NONE',  #1246 ) ;
#120 = VERTEX_POINT ( 'NONE', #337 ) ;
#121 = EDGE_CURVE ( 'NONE', #677, #203, #1958, .T. ) ;
#122 = FACE_OUTER_BOUND ( 'NONE', #1920, .T. ) ;
#123 = ORIENTED_EDGE ( 'NONE', *, *, #129, .T. ) ;
#124 = CARTESIAN_POINT ( 'NONE',  ( -35.00000000000000711, 0.000000000000000000, -32.13290929250831596 ) ) ;
#125 = APPROVAL_STATUS ( 'not_yet_approved' ) ;
#126 = LINE ( 'NONE', #821, #2075 ) ;
#127 = CARTESIAN_POINT ( 'NONE',  ( 21.00000000000000000, -20.00000000000001066, 15.50000000000000000 ) ) ;
#128 = VERTEX_POINT ( 'NONE', #1633 ) ;
#129 = EDGE_CURVE ( 'NONE', #7, #581, #4, .T. ) ;
#130 = MANIFOLD_SOLID_BREP ( 'Fase2', #658 ) ;
#131 = DIRECTION ( 'NONE',  ( -0.000000000000000000, -0.000000000000000000, -1.000000000000000000 ) ) ;
#132 = EDGE_LOOP ( 'NONE', ( #37, #1902 ) ) ;
#133 = DIRECTION ( 'NONE',  ( 1.000000000000000000, 0.000000000000000000, 0.000000000000000000 ) ) ;
#134 = AXIS2_PLACEMENT_3D ( 'NONE', #684, #1336, #1991 ) ;
#135 = EDGE_CURVE ( 'NONE', #85, #700, #1329, .T. ) ;
#136 = ORIENTED_EDGE ( 'NONE', *, *, #1335, .F. ) ;
#137 = AXIS2_PLACEMENT_3D ( 'NONE', #275, #923, #1571 ) ;
#138 = CARTESIAN_POINT ( 'NONE',  ( 60.00000000000000000, -10.00000000000000000, 21.50000000000000000 ) ) ;
#139 = ORIENTED_EDGE ( 'NONE', *, *, #1142, .F. ) ;
#140 = DIRECTION ( 'NONE',  ( 1.000000000000000000, -4.513785525492613210E-16, 0.000000000000000000 ) ) ;
#141 = CARTESIAN_POINT ( 'NONE',  ( -21.00000000000000000, -14.60897745299861938, 10.50000000000000178 ) ) ;
#142 = CARTESIAN_POINT ( 'NONE',  ( 60.00000000000000000, -10.00000000000000000, -21.00000000000001066 ) ) ;
#143 = ORIENTED_EDGE ( 'NONE', *, *, #1417, .F. ) ;
#144 = DIRECTION ( 'NONE',  ( 0.000000000000000000, 0.000000000000000000, -1.000000000000000000 ) ) ;
#145 = ORIENTED_EDGE ( 'NONE', *, *, #1033, .T. ) ;
#146 = VERTEX_POINT ( 'NONE', #1152 ) ;
#147 = AXIS2_PLACEMENT_3D ( 'NONE', #300, #470, #917 ) ;
#148 = ORIENTED_EDGE ( 'NONE', *, *, #1306, .F. ) ;
#149 = VERTEX_POINT ( 'NONE', #1966 ) ;
#150 = DIRECTION ( 'NONE',  ( -0.000000000000000000, -0.000000000000000000, -1.000000000000000000 ) ) ;
#151 = VERTEX_POINT ( 'NONE', #1489 ) ;
#152 = APPROVAL_ROLE ( '' ) ;
#153 = DIRECTION ( 'NONE',  ( -0.000000000000000000, -0.000000000000000000, -1.000000000000000000 ) ) ;
#155 = ADVANCED_FACE ( 'NONE', ( #804, #1005 ), #494, .F. ) ;
#154 = VECTOR ( 'NONE', #10, 999.9999999999998863 ) ;
#156 = CARTESIAN_POINT ( 'NONE',  ( 21.17836583552914931, 10.05082339585785967, -11.86753577891012945 ) ) ;
#157 = ORIENTED_EDGE ( 'NONE', *, *, #745, .F. ) ;
#158 = AXIS2_PLACEMENT_3D ( 'NONE', #1367, #1861, #890 ) ;
#159 = VECTOR ( 'NONE', #1371, 1000.000000000000000 ) ;
#160 = DIRECTION ( 'NONE',  ( -1.175036694370783896E-16, -0.000000000000000000, -1.000000000000000000 ) ) ;
#161 = ORIENTED_EDGE ( 'NONE', *, *, #1786, .T. ) ;
#162 = CARTESIAN_POINT ( 'NONE',  ( -15.14727133402315751, -3.999999999999998224, 22.66628240428915575 ) ) ;
#163 = DIRECTION ( 'NONE',  ( -0.000000000000000000, -0.000000000000000000, -1.000000000000000000 ) ) ;
#164 = EDGE_CURVE ( 'NONE', #1585, #1065, #1899, .T. ) ;
#165 = CARTESIAN_POINT ( 'NONE',  ( -21.00000000000000000, -20.00000000000001066, 15.50000000000000000 ) ) ;
#166 = ORIENTED_EDGE ( 'NONE', *, *, #1573, .F. ) ;
#167 = COORDINATED_UNIVERSAL_TIME_OFFSET ( 1, 0, .AHEAD. ) ;
#168 = CARTESIAN_POINT ( 'NONE',  ( -21.00000000000000000, 14.60897745299861761, 13.42893218813452627 ) ) ;
#169 = DIRECTION ( 'NONE',  ( 1.000000000000000000, 0.000000000000000000, 0.000000000000000000 ) ) ;
#170 = VERTEX_POINT ( 'NONE', #1785 ) ;
#171 = EDGE_CURVE ( 'NONE', #345, #1429, #202, .T. ) ;
#172 = CARTESIAN_POINT ( 'NONE',  ( -37.85714285714286831, 9.583148474999095612, 23.00000000000000000 ) ) ;
#173 = FACE_OUTER_BOUND ( 'NONE', #5, .T. ) ;
#174 = LINE ( 'NONE', #1172, #20 ) ;
#175 = EDGE_LOOP ( 'NONE', ( #1254, #1375, #661, #687 ) ) ;
#176 = ORIENTED_EDGE ( 'NONE', *, *, #1284, .T. ) ;
#177 = EDGE_CURVE ( 'NONE', #469, #85, #1804, .T. ) ;
#178 = DIRECTION ( 'NONE',  ( 0.000000000000000000, 0.000000000000000000, 1.000000000000000000 ) ) ;
#179 = CIRCLE ( 'NONE', #2024, 4.000000000000003553 ) ;
#180 = LINE ( 'NONE', #1780, #258 ) ;
#181 = DIRECTION ( 'NONE',  ( -1.000000000000000000, 0.000000000000000000, 0.000000000000000000 ) ) ;
#182 = ORIENTED_EDGE ( 'NONE', *, *, #1847, .F. ) ;
#183 = CARTESIAN_POINT ( 'NONE',  ( -40.00000000000001421, 0.000000000000000000, -32.13290929250831596 ) ) ;
#184 = CARTESIAN_POINT ( 'NONE',  ( -30.00000000000000000, 6.123233995736771213E-16, 22.99999999999996447 ) ) ;
#185 = CARTESIAN_POINT ( 'NONE',  ( -18.29999999999999716, -4.000000000000000000, -23.00000000000000000 ) ) ;
#186 = ORIENTED_EDGE ( 'NONE', *, *, #590, .T. ) ;
#187 = AXIS2_PLACEMENT_3D ( 'NONE', #1162, #36, #482 ) ;
#188 = ORIENTED_EDGE ( 'NONE', *, *, #1666, .T. ) ;
#189 = FACE_BOUND ( 'NONE', #1305, .T. ) ;
#190 = ORIENTED_EDGE ( 'NONE', *, *, #2053, .F. ) ;
#191 = DIRECTION ( 'NONE',  ( -1.175036694370783896E-16, -0.000000000000000000, -1.000000000000000000 ) ) ;
#192 = AXIS2_PLACEMENT_3D ( 'NONE', #1968, #348, #556 ) ;
#193 = DIRECTION ( 'NONE',  ( 1.000000000000000000, 0.000000000000000000, -1.175036694370783896E-16 ) ) ;
#194 = AXIS2_PLACEMENT_3D ( 'NONE', #1053, #741, #1559 ) ;
#195 = EDGE_CURVE ( 'NONE', #299, #1433, #1307, .T. ) ;
#196 = ORIENTED_EDGE ( 'NONE', *, *, #1641, .T. ) ;
#197 = DIRECTION ( 'NONE',  ( -0.000000000000000000, -0.000000000000000000, -1.000000000000000000 ) ) ;
#198 = ORIENTED_EDGE ( 'NONE', *, *, #714, .T. ) ;
#199 = CARTESIAN_POINT ( 'NONE',  ( -37.85714285714286831, 9.583148474999095612, 15.50000000000000000 ) ) ;
#200 = LINE ( 'NONE', #874, #1557 ) ;
#201 = EDGE_CURVE ( 'NONE', #721, #1900, #1474, .T. ) ;
#202 = LINE ( 'NONE', #845, #84 ) ;
#203 = VERTEX_POINT ( 'NONE', #837 ) ;
#204 = DIRECTION ( 'NONE',  ( 1.000000000000000000, 0.000000000000000000, 0.000000000000000000 ) ) ;
#205 = EDGE_CURVE ( 'NONE', #581, #1006, #394, .T. ) ;
#206 = CALENDAR_DATE ( 2024, 19, 8 ) ;
#207 = EDGE_LOOP ( 'NONE', ( #1217, #1379, #487, #758, #1359, #1583, #1380, #1123, #2071, #1862 ) ) ;
#208 = CARTESIAN_POINT ( 'NONE',  ( -35.00000000000000711, 0.000000000000000000, -20.99999999999996447 ) ) ;
#209 = CIRCLE ( 'NONE', #1019, 9.999999999999998224 ) ;
#210 = FACE_OUTER_BOUND ( 'NONE', #1151, .T. ) ;
#212 = AXIS2_PLACEMENT_3D ( 'NONE', #172, #812, #713 ) ;
#211 = LINE ( 'NONE', #570, #1660 ) ;
#213 = FACE_OUTER_BOUND ( 'NONE', #623, .T. ) ;
#214 = DIRECTION ( 'NONE',  ( -1.000000000000000000, -4.513785525492613210E-16, 0.000000000000000000 ) ) ;
#215 = B_SPLINE_CURVE_WITH_KNOTS ( 'NONE', 3,
 ( #1461, #1282, #1148, #156, #1107, #942, #1118, #490, #465, #1269, #832, #981, #646, #512, #801, #618, #1452, #1769 ),
 .UNSPECIFIED., .F., .F.,
 ( 4, 2, 2, 2, 2, 2, 2, 2, 4 ),
 ( 3.469446951953614189E-18, 0.001036657322676488033, 0.002073314645352972597, 0.003109971968029457377, 0.004146629290705941724, 0.005183286613382426071, 0.006219943936058911285, 0.007256601258735395632, 0.008293258581411879979 ),
 .UNSPECIFIED. ) ;
#216 = DATE_AND_TIME ( #206, #1878 ) ;
#217 = ORIENTED_EDGE ( 'NONE', *, *, #1126, .F. ) ;
#218 = LINE ( 'NONE', #1512, #1442 ) ;
#219 = ORIENTED_EDGE ( 'NONE', *, *, #1110, .T. ) ;
#220 = FACE_OUTER_BOUND ( 'NONE', #42, .T. ) ;
#221 = EDGE_CURVE ( 'NONE', #1116, #1153, #1365, .T. ) ;
#222 = LINE ( 'NONE', #1517, #1795 ) ;
#223 = FACE_OUTER_BOUND ( 'NONE', #878, .T. ) ;
#224 = VECTOR ( 'NONE', #1480, 1000.000000000000000 ) ;
#225 = ORIENTED_EDGE ( 'NONE', *, *, #1297, .F. ) ;
#226 = CIRCLE ( 'NONE', #502, 3.749999999999989342 ) ;
#227 = CIRCLE ( 'NONE', #333, 3.250000000000002665 ) ;
#228 = DIRECTION ( 'NONE',  ( -1.000000000000000000, 0.000000000000000000, 0.000000000000000000 ) ) ;
#229 = EDGE_CURVE ( 'NONE', #1577, #1470, #455, .T. ) ;
#230 = CIRCLE ( 'NONE', #1488, 15.00000000000000000 ) ;
#231 = ORIENTED_EDGE ( 'NONE', *, *, #2, .F. ) ;
#232 = DIRECTION ( 'NONE',  ( 1.000000000000000000, 0.000000000000000000, 0.000000000000000000 ) ) ;
#233 = ORIENTED_EDGE ( 'NONE', *, *, #205, .F. ) ;
#234 = CARTESIAN_POINT ( 'NONE',  ( 67.00000000000000000, -10.00000000000000000, -21.50000000000000000 ) ) ;
#235 = DIRECTION ( 'NONE',  ( 1.000000000000000000, 0.000000000000000000, 0.000000000000000000 ) ) ;
#236 = EDGE_CURVE ( 'NONE', #743, #7, #256, .T. ) ;
#237 = DIRECTION ( 'NONE',  ( -1.000000000000000000, 0.000000000000000000, 0.000000000000000000 ) ) ;
#238 = CARTESIAN_POINT ( 'NONE',  ( -60.23710793895065052, -20.00000000000001066, 15.50000000000000000 ) ) ;
#239 = DIRECTION ( 'NONE',  ( -1.000000000000000000, 0.000000000000000000, 0.000000000000000000 ) ) ;
#240 = ORIENTED_EDGE ( 'NONE', *, *, #177, .T. ) ;
#241 = B_SPLINE_CURVE_WITH_KNOTS ( 'NONE', 3,
 ( #1069, #1716, #448, #1564 ),
 .UNSPECIFIED., .F., .F.,
 ( 4, 4 ),
 ( 0.000000000000000000, 0.001439247812775367461 ),
 .UNSPECIFIED. ) ;
#242 = DIRECTION ( 'NONE',  ( -1.000000000000000000, 0.000000000000000000, 0.000000000000000000 ) ) ;
#243 = FACE_OUTER_BOUND ( 'NONE', #1625, .T. ) ;
#244 = VECTOR ( 'NONE', #542, 1000.000000000000000 ) ;
#245 = ORIENTED_EDGE ( 'NONE', *, *, #600, .F. ) ;
#246 = VECTOR ( 'NONE', #66, 999.9999999999998863 ) ;
#247 = CARTESIAN_POINT ( 'NONE',  ( -35.00000000000000711, 0.000000000000000000, -15.50000000000000000 ) ) ;
#248 = ORIENTED_EDGE ( 'NONE', *, *, #1980, .F. ) ;
#249 = EDGE_CURVE ( 'NONE', #577, #49, #791, .T. ) ;
#250 = CARTESIAN_POINT ( 'NONE',  ( 21.00000000000000355, 10.15016105959869108, 10.49999999999999822 ) ) ;
#251 = ORIENTED_EDGE ( 'NONE', *, *, #135, .T. ) ;
#252 = ORIENTED_EDGE ( 'NONE', *, *, #1321, .F. ) ;
#253 = CARTESIAN_POINT ( 'NONE',  ( 67.00000000000000000, -10.00000000000000000, 25.00000000000000000 ) ) ;
#254 = DIRECTION ( 'NONE',  ( 0.7071067811865474617, 0.000000000000000000, 0.7071067811865474617 ) ) ;
#255 = EDGE_CURVE ( 'NONE', #2081, #577, #54, .T. ) ;
#256 = CIRCLE ( 'NONE', #1706, 79.99999999999937472 ) ;
#257 = CARTESIAN_POINT ( 'NONE',  ( -18.29999999999999716, 4.000000000000000000, -23.00000000000000000 ) ) ;
#258 = VECTOR ( 'NONE', #1619, 1000.000000000000000 ) ;
#260 = EDGE_CURVE ( 'NONE', #586, #2043, #1845, .T. ) ;
#259 = CIRCLE ( 'NONE', #1137, 10.00000000000000888 ) ;
#261 = CIRCLE ( 'NONE', #1068, 9.999999999999998224 ) ;
#262 = CARTESIAN_POINT ( 'NONE',  ( -35.00000000000000000, 0.000000000000000000, 20.99999999999996447 ) ) ;
#263 = EDGE_LOOP ( 'NONE', ( #2057, #96, #1921, #708 ) ) ;
#264 = VECTOR ( 'NONE', #1983, 1000.000000000000000 ) ;
#265 = AXIS2_PLACEMENT_3D ( 'NONE', #1384, #934, #580 ) ;
#266 = DIRECTION ( 'NONE',  ( 0.2857142857142854764, 0.9583148474999100275, -0.000000000000000000 ) ) ;
#267 = DIRECTION ( 'NONE',  ( 1.000000000000000000, 0.000000000000000000, 0.000000000000000000 ) ) ;
#268 = ADVANCED_FACE ( 'NONE', ( #1036 ), #1056, .F. ) ;
#269 = PLANE ( 'NONE',  #137 ) ;
#270 = B_SPLINE_CURVE_WITH_KNOTS ( 'NONE', 3,
 ( #449, #1378, #1234, #1247, #1091, #1529, #81, #429, #731, #1697, #2017, #749, #1082, #1884, #1549, #277, #106, #250 ),
 .UNSPECIFIED., .F., .F.,
 ( 4, 2, 2, 2, 2, 2, 2, 2, 4 ),
 ( 0.000000000000000000, 0.002073617130503484576, 0.003110425695755227732, 0.004147234261006970887, 0.005184042826258714043, 0.005702447108884589090, 0.006220851391510463270, 0.007257659956762216834, 0.008294468522013969530 ),
 .UNSPECIFIED. ) ;
#271 = FACE_OUTER_BOUND ( 'NONE', #1598, .T. ) ;
#272 = DIRECTION ( 'NONE',  ( 0.000000000000000000, 0.000000000000000000, 1.000000000000000000 ) ) ;
#273 = CARTESIAN_POINT ( 'NONE',  ( 60.00000000000000000, -10.00000000000000000, 15.50000000000000000 ) ) ;
#274 = CARTESIAN_POINT ( 'NONE',  ( -14.80226282382083802, 3.999999999999998224, -22.33292208183632255 ) ) ;
#275 = CARTESIAN_POINT ( 'NONE',  ( 67.00000000000000000, -10.00000000000000000, -21.50000000000000000 ) ) ;
#276 = CARTESIAN_POINT ( 'NONE',  ( -35.00000000000000000, 0.000000000000000000, 23.00000000000000000 ) ) ;
#277 = CARTESIAN_POINT ( 'NONE',  ( 21.03782269840957397, 10.12900861904137351, 11.20357951091927973 ) ) ;
#278 = ORIENTED_EDGE ( 'NONE', *, *, #1980, .T. ) ;
#279 = CARTESIAN_POINT ( 'NONE',  ( -35.00000000000000000, 0.000000000000000000, -15.50000000000000000 ) ) ;
#280 = CARTESIAN_POINT ( 'NONE',  ( -15.49193338482966809, -3.999999999999999112, -23.00000000000000000 ) ) ;
#281 = ORIENTED_EDGE ( 'NONE', *, *, #357, .T. ) ;
#282 = ORIENTED_EDGE ( 'NONE', *, *, #600, .T. ) ;
#283 = EDGE_CURVE ( 'NONE', #606, #1747, #35, .T. ) ;
#284 = FACE_OUTER_BOUND ( 'NONE', #1164, .T. ) ;
#285 = AXIS2_PLACEMENT_3D ( 'NONE', #649, #669, #1937 ) ;
#286 = ORIENTED_EDGE ( 'NONE', *, *, #1202, .F. ) ;
#287 = CYLINDRICAL_SURFACE ( 'NONE', #362, 5.000000000000000000 ) ;
#288 = ORIENTED_EDGE ( 'NONE', *, *, #726, .T. ) ;
#289 = ADVANCED_FACE ( 'NONE', ( #706 ), #1192, .F. ) ;
#290 = LINE ( 'NONE', #1870, #2040 ) ;
#291 = AXIS2_PLACEMENT_3D ( 'NONE', #1434, #1130, #787 ) ;
#292 = FACE_OUTER_BOUND ( 'NONE', #1331, .T. ) ;
#293 = CARTESIAN_POINT ( 'NONE',  ( -5.714285714285723294, -19.16629694999819122, 23.00000000000000000 ) ) ;
#294 = CYLINDRICAL_SURFACE ( 'NONE', #1463, 5.000000000000000000 ) ;
#295 = ORIENTED_EDGE ( 'NONE', *, *, #1561, .T. ) ;
#296 = AXIS2_PLACEMENT_3D ( 'NONE', #1364, #1347, #237 ) ;
#297 = DIRECTION ( 'NONE',  ( -0.000000000000000000, -0.000000000000000000, -1.000000000000000000 ) ) ;
#298 = ADVANCED_FACE ( 'NONE', ( #1016 ), #1316, .F. ) ;
#299 = VERTEX_POINT ( 'NONE', #1693 ) ;
#300 = CARTESIAN_POINT ( 'NONE',  ( -35.00000000000000000, 0.000000000000000000, 20.49999999999998224 ) ) ;
#301 = EDGE_LOOP ( 'NONE', ( #400, #509, #2085, #1060 ) ) ;
#302 = DIRECTION ( 'NONE',  ( -0.000000000000000000, -0.000000000000000000, -1.000000000000000000 ) ) ;
#303 = VERTEX_POINT ( 'NONE', #379 ) ;
#304 = DATE_TIME_ROLE ( 'creation_date' ) ;
#305 = CARTESIAN_POINT ( 'NONE',  ( -40.00000000000000711, 0.000000000000000000, 20.99999999999996447 ) ) ;
#306 = FACE_OUTER_BOUND ( 'NONE', #772, .T. ) ;
#307 = ORIENTED_EDGE ( 'NONE', *, *, #1385, .T. ) ;
#308 = EDGE_LOOP ( 'NONE', ( #541, #1051, #1689, #516 ) ) ;
#309 = CARTESIAN_POINT ( 'NONE',  ( -31.25000000000001421, 0.000000000000000000, 20.99999999999996447 ) ) ;
#310 = ORIENTED_EDGE ( 'NONE', *, *, #1992, .F. ) ;
#311 = ORIENTED_EDGE ( 'NONE', *, *, #572, .T. ) ;
#312 = AXIS2_PLACEMENT_3D ( 'NONE', #1639, #331, #634 ) ;
#313 = EDGE_CURVE ( 'NONE', #1006, #2010, #1914, .T. ) ;
#314 = ORIENTED_EDGE ( 'NONE', *, *, #1195, .F. ) ;
#315 = CIRCLE ( 'NONE', #1964, 7.000000000000006217 ) ;
#316 = FACE_OUTER_BOUND ( 'NONE', #1061, .T. ) ;
#317 = ORIENTED_EDGE ( 'NONE', *, *, #889, .T. ) ;
#318 = APPROVAL_DATE_TIME ( #786, #27 ) ;
#319 = CARTESIAN_POINT ( 'NONE',  ( 60.00000000000000000, -10.00000000000000000, 21.50000000000000000 ) ) ;
#320 = CARTESIAN_POINT ( 'NONE',  ( 21.00000000000000000, -20.00000000000001066, -15.50000000000000000 ) ) ;
#321 = EDGE_LOOP ( 'NONE', ( #1915, #1638 ) ) ;
#322 = CARTESIAN_POINT ( 'NONE',  ( 60.00000000000000000, -10.00000000000000000, 25.00000000000000000 ) ) ;
#323 = ORIENTED_EDGE ( 'NONE', *, *, #1039, .T. ) ;
#324 = CARTESIAN_POINT ( 'NONE',  ( -23.07106781186547906, -13.99150433121956283, -15.50000000000000000 ) ) ;
#325 = DIRECTION ( 'NONE',  ( -1.000000000000000000, 0.000000000000000000, 0.000000000000000000 ) ) ;
#326 = EDGE_LOOP ( 'NONE', ( #1676, #484 ) ) ;
#327 = DIRECTION ( 'NONE',  ( 1.000000000000000000, 0.000000000000000000, 0.000000000000000000 ) ) ;
#328 = EDGE_CURVE ( 'NONE', #7, #366, #1212, .T. ) ;
#329 = ORIENTED_EDGE ( 'NONE', *, *, #1039, .F. ) ;
#330 = DIRECTION ( 'NONE',  ( -1.000000000000000000, 0.000000000000000000, 1.175036694370783896E-16 ) ) ;
#331 = DIRECTION ( 'NONE',  ( 1.000000000000000000, 0.000000000000000000, -0.000000000000000000 ) ) ;
#332 = VECTOR ( 'NONE', #582, 999.9999999999998863 ) ;
#333 = AXIS2_PLACEMENT_3D ( 'NONE', #1218, #1855, #906 ) ;
#334 = CARTESIAN_POINT ( 'NONE',  ( -38.25000000000001421, 0.000000000000000000, -32.13290929250831596 ) ) ;
#335 = EDGE_CURVE ( 'NONE', #151, #1432, #555, .T. ) ;
#336 = CARTESIAN_POINT ( 'NONE',  ( 21.00000000000000355, 10.15016105959869108, 23.00000000000000000 ) ) ;
#337 = CARTESIAN_POINT ( 'NONE',  ( 0.000000000000000000, -20.00000000000000000, -23.00000000000000000 ) ) ;
#338 = ORIENTED_EDGE ( 'NONE', *, *, #877, .F. ) ;
#339 = FACE_OUTER_BOUND ( 'NONE', #435, .T. ) ;
#340 = ORIENTED_EDGE ( 'NONE', *, *, #1252, .F. ) ;
#341 = PERSON_AND_ORGANIZATION_ROLE ( 'design_supplier' ) ;
#342 = CC_DESIGN_DATE_AND_TIME_ASSIGNMENT ( #1105, #304, ( #1430 ) ) ;
#343 = CARTESIAN_POINT ( 'NONE',  ( -38.75000000000000000, 0.000000000000000000, -20.99999999999996447 ) ) ;
#344 = PLANE ( 'NONE',  #1754 ) ;
#345 = VERTEX_POINT ( 'NONE', #536 ) ;
#346 = DIRECTION ( 'NONE',  ( -1.000000000000000000, 0.000000000000000000, 0.000000000000000000 ) ) ;
#347 = DIRECTION ( 'NONE',  ( -1.175036694370783896E-16, -0.000000000000000000, -1.000000000000000000 ) ) ;
#348 = DIRECTION ( 'NONE',  ( -1.175036694370783896E-16, -0.000000000000000000, -1.000000000000000000 ) ) ;
#349 = CIRCLE ( 'NONE', #518, 15.00000000000000000 ) ;
#350 = ORIENTED_EDGE ( 'NONE', *, *, #1284, .F. ) ;
#351 = AXIS2_PLACEMENT_3D ( 'NONE', #83, #2001, #559 ) ;
#352 = SHAPE_DEFINITION_REPRESENTATION ( #856, #1041 ) ;
#353 = ORIENTED_EDGE ( 'NONE', *, *, #1071, .F. ) ;
#354 = CARTESIAN_POINT ( 'NONE',  ( 55.99999999999999289, -10.00000000000000000, 15.50000000000000000 ) ) ;
#355 = ORIENTED_EDGE ( 'NONE', *, *, #440, .T. ) ;
#356 = CARTESIAN_POINT ( 'NONE',  ( -35.00000000000000711, 0.000000000000000000, -32.13290929250831596 ) ) ;
#357 = EDGE_CURVE ( 'NONE', #1900, #1113, #876, .T. ) ;
#358 = EDGE_CURVE ( 'NONE', #1225, #1493, #1950, .T. ) ;
#359 = CARTESIAN_POINT ( 'NONE',  ( -40.00000000000000711, 0.000000000000000000, -20.99999999999996447 ) ) ;
#360 = ORIENTED_EDGE ( 'NONE', *, *, #1478, .T. ) ;
#361 = CARTESIAN_POINT ( 'NONE',  ( -31.75000000000000000, 3.980102097228899711E-16, 15.50000000000000000 ) ) ;
#362 = AXIS2_PLACEMENT_3D ( 'NONE', #909, #1556, #949 ) ;
#363 = ADVANCED_FACE ( 'NONE', ( #223 ), #1507, .T. ) ;
#364 = ORIENTED_EDGE ( 'NONE', *, *, #1910, .T. ) ;
#365 = CARTESIAN_POINT ( 'NONE',  ( -20.99999999999999645, 14.60897745299862116, -13.42893218813451739 ) ) ;
#366 = VERTEX_POINT ( 'NONE', #1661 ) ;
#367 = CONICAL_SURFACE ( 'NONE', #1873, 4.499999999999976019, 0.7853981633974482790 ) ;
#368 = CARTESIAN_POINT ( 'NONE',  ( 60.00000000000000000, -10.00000000000000000, 23.00000000000000000 ) ) ;
#369 = AXIS2_PLACEMENT_3D ( 'NONE', #1688, #1011, #1342 ) ;
#370 = EDGE_CURVE ( 'NONE', #1698, #609, #1337, .T. ) ;
#371 = CARTESIAN_POINT ( 'NONE',  ( 59.99999999999978684, 79.99999999999938893, -15.50000000000000000 ) ) ;
#372 = AXIS2_PLACEMENT_3D ( 'NONE', #498, #1930, #140 ) ;
#373 = DIRECTION ( 'NONE',  ( -0.000000000000000000, -0.000000000000000000, -1.000000000000000000 ) ) ;
#374 = VERTEX_POINT ( 'NONE', #1850 ) ;
#375 = CARTESIAN_POINT ( 'NONE',  ( -21.00000000000000000, 14.60897745299861938, -10.49999999999998934 ) ) ;
#376 = VERTEX_POINT ( 'NONE', #887 ) ;
#377 = CARTESIAN_POINT ( 'NONE',  ( -14.45683229480096088, 3.999999999999998224, 23.00000000000000000 ) ) ;
#378 = CARTESIAN_POINT ( 'NONE',  ( 59.99999999999999289, 1.387778780781445676E-14, 23.00000000000000000 ) ) ;
#379 = CARTESIAN_POINT ( 'NONE',  ( 64.00000000000000000, -10.00000000000000000, -15.50000000000000000 ) ) ;
#380 = DIRECTION ( 'NONE',  ( -0.000000000000000000, -0.000000000000000000, -1.000000000000000000 ) ) ;
#381 = ADVANCED_FACE ( 'NONE', ( #213 ), #857, .F. ) ;
#382 = EDGE_LOOP ( 'NONE', ( #166, #2035, #976, #1563, #457, #598 ) ) ;
#383 = DIRECTION ( 'NONE',  ( -1.000000000000000000, 0.000000000000000000, 0.000000000000000000 ) ) ;
#384 = AXIS2_PLACEMENT_3D ( 'NONE', #1543, #93, #1383 ) ;
#385 = LINE ( 'NONE', #1926, #264 ) ;
#386 = CYLINDRICAL_SURFACE ( 'NONE', #134, 7.000000000000006217 ) ;
#387 = CARTESIAN_POINT ( 'NONE',  ( -35.00000000000000711, 0.000000000000000000, -32.13290929250831596 ) ) ;
#388 = ORIENTED_EDGE ( 'NONE', *, *, #1435, .F. ) ;
#389 = CARTESIAN_POINT ( 'NONE',  ( 52.99999999999999289, -10.00000000000000000, 25.00000000000000000 ) ) ;
#390 = VERTEX_POINT ( 'NONE', #1534 ) ;
#391 = EDGE_CURVE ( 'NONE', #146, #1167, #86, .T. ) ;
#392 = FACE_OUTER_BOUND ( 'NONE', #1132, .T. ) ;
#393 = ORIENTED_EDGE ( 'NONE', *, *, #1953, .T. ) ;
#394 = CIRCLE ( 'NONE', #187, 79.99999999999938893 ) ;
#395 = B_SPLINE_CURVE_WITH_KNOTS ( 'NONE', 3,
 ( #959, #162, #656, #109 ),
 .UNSPECIFIED., .F., .F.,
 ( 4, 4 ),
 ( 0.000000000000000000, 0.001439247812775367461 ),
 .UNSPECIFIED. ) ;
#396 = CARTESIAN_POINT ( 'NONE',  ( 60.00000000000000000, -10.00000000000000000, 23.00000000000000000 ) ) ;
#397 = DIRECTION ( 'NONE',  ( -1.000000000000000000, 0.000000000000000000, 0.000000000000000000 ) ) ;
#398 = DIRECTION ( 'NONE',  ( 1.000000000000000000, 0.000000000000000000, 0.000000000000000000 ) ) ;
#399 = AXIS2_PLACEMENT_3D ( 'NONE', #1317, #1955, #510 ) ;
#400 = ORIENTED_EDGE ( 'NONE', *, *, #2022, .F. ) ;
#401 = AXIS2_PLACEMENT_3D ( 'NONE', #46, #1183, #685 ) ;
#402 = FACE_OUTER_BOUND ( 'NONE', #438, .T. ) ;
#403 = PRODUCT_DEFINITION_FORMATION_WITH_SPECIFIED_SOURCE ( 'ANY', '', #1186, .NOT_KNOWN. ) ;
#404 = LINE ( 'NONE', #199, #1591 ) ;
#405 = FACE_OUTER_BOUND ( 'NONE', #1396, .T. ) ;
#406 = DIRECTION ( 'NONE',  ( 1.000000000000000000, 0.000000000000000000, 0.000000000000000000 ) ) ;
#407 = CARTESIAN_POINT ( 'NONE',  ( -23.07106781186547551, -13.99150433121956105, 15.49999999999999822 ) ) ;
#408 = DIRECTION ( 'NONE',  ( -0.000000000000000000, -0.000000000000000000, -1.000000000000000000 ) ) ;
#409 = ORIENTED_EDGE ( 'NONE', *, *, #68, .F. ) ;
#410 = FACE_OUTER_BOUND ( 'NONE', #1617, .T. ) ;
#411 = DIRECTION ( 'NONE',  ( 0.000000000000000000, 0.000000000000000000, 1.000000000000000000 ) ) ;
#412 = CIRCLE ( 'NONE', #1528, 10.00000000000000888 ) ;
#413 = AXIS2_PLACEMENT_3D ( 'NONE', #1191, #1034, #1828 ) ;
#414 = DIRECTION ( 'NONE',  ( -1.000000000000000000, 0.000000000000000000, 0.000000000000000000 ) ) ;
#415 = ADVANCED_FACE ( 'NONE', ( #1109 ), #2080, .F. ) ;
#416 = ORIENTED_EDGE ( 'NONE', *, *, #699, .F. ) ;
#417 = DIRECTION ( 'NONE',  ( -0.000000000000000000, -0.000000000000000000, -1.000000000000000000 ) ) ;
#418 = EDGE_LOOP ( 'NONE', ( #682, #782, #1869, #1098 ) ) ;
#419 = ADVANCED_FACE ( 'NONE', ( #778 ), #608, .F. ) ;
#420 = DIRECTION ( 'NONE',  ( 0.000000000000000000, 0.000000000000000000, 1.000000000000000000 ) ) ;
#421 = CARTESIAN_POINT ( 'NONE',  ( 60.00000000000000000, -10.00000000000000000, -36.57117203369102043 ) ) ;
#422 = ORIENTED_EDGE ( 'NONE', *, *, #755, .T. ) ;
#423 = CONICAL_SURFACE ( 'NONE', #112, 15.00000000000000000, 0.7853981633974482790 ) ;
#424 = DIRECTION ( 'NONE',  ( -0.000000000000000000, -0.000000000000000000, -1.000000000000000000 ) ) ;
#425 = AXIS2_PLACEMENT_3D ( 'NONE', #1422, #1303, #1451 ) ;
#426 = EDGE_LOOP ( 'NONE', ( #1635, #703, #2047, #145 ) ) ;
#427 = AXIS2_PLACEMENT_3D ( 'NONE', #928, #486, #178 ) ;
#428 = CIRCLE ( 'NONE', #1101, 4.000000000000003553 ) ;
#429 = CARTESIAN_POINT ( 'NONE',  ( 22.32207333917558501, 9.427725515732722883, 13.90290808949765733 ) ) ;
#430 = ORIENTED_EDGE ( 'NONE', *, *, #1587, .F. ) ;
#431 = ORIENTED_EDGE ( 'NONE', *, *, #1632, .T. ) ;
#432 = CC_DESIGN_APPROVAL ( #1764, ( #1147 ) ) ;
#433 = CARTESIAN_POINT ( 'NONE',  ( 64.00000000000000000, -10.00000000000000000, -36.57117203369102043 ) ) ;
#434 = LINE ( 'NONE', #127, #483 ) ;
#435 = EDGE_LOOP ( 'NONE', ( #522, #1403, #1961, #1344, #624 ) ) ;
#436 = DIRECTION ( 'NONE',  ( 1.000000000000000000, 0.000000000000000000, -0.000000000000000000 ) ) ;
#437 = EDGE_LOOP ( 'NONE', ( #90, #1916, #1967, #1314 ) ) ;
#438 = EDGE_LOOP ( 'NONE', ( #353, #1694, #1127, #756, #1539 ) ) ;
#439 = DIRECTION ( 'NONE',  ( 0.000000000000000000, 0.000000000000000000, 1.000000000000000000 ) ) ;
#440 = EDGE_CURVE ( 'NONE', #1427, #2018, #900, .T. ) ;
#441 = DIRECTION ( 'NONE',  ( -1.000000000000000000, 0.000000000000000000, 0.000000000000000000 ) ) ;
#442 = DIRECTION ( 'NONE',  ( -1.000000000000000000, 0.000000000000000000, -0.000000000000000000 ) ) ;
#443 = EDGE_LOOP ( 'NONE', ( #1767, #1510, #935, #1789 ) ) ;
#444 = CYLINDRICAL_SURFACE ( 'NONE', #1879, 4.000000000000003553 ) ;
#445 = CIRCLE ( 'NONE', #607, 4.499999999999976019 ) ;
#446 = EDGE_CURVE ( 'NONE', #1493, #1699, #1896, .T. ) ;
#447 = VERTEX_POINT ( 'NONE', #111 ) ;
#448 = CARTESIAN_POINT ( 'NONE',  ( -15.14727133402315573, 3.999999999999999112, 22.66628240428915575 ) ) ;
#449 = CARTESIAN_POINT ( 'NONE',  ( 26.00000000000000355, 7.584532039073291543, 15.50000000000000000 ) ) ;
#450 = PERSON_AND_ORGANIZATION ( #1418, #729 ) ;
#451 = EDGE_CURVE ( 'NONE', #2018, #1427, #1243, .T. ) ;
#452 = DIRECTION ( 'NONE',  ( -0.000000000000000000, 0.000000000000000000, 1.000000000000000000 ) ) ;
#453 = ORIENTED_EDGE ( 'NONE', *, *, #358, .T. ) ;
#454 = CARTESIAN_POINT ( 'NONE',  ( 60.00000000000000000, -10.00000000000000000, -36.57117203369102043 ) ) ;
#455 = CIRCLE ( 'NONE', #722, 7.000000000000006217 ) ;
#456 = ORIENTED_EDGE ( 'NONE', *, *, #1847, .T. ) ;
#457 = ORIENTED_EDGE ( 'NONE', *, *, #255, .T. ) ;
#458 = ORIENTED_EDGE ( 'NONE', *, *, #1750, .T. ) ;
#459 = CARTESIAN_POINT ( 'NONE',  ( 60.00000000000000000, -10.00000000000000000, -25.00000000000000000 ) ) ;
#460 = CIRCLE ( 'NONE', #1440, 4.499999999999976019 ) ;
#461 = ORIENTED_EDGE ( 'NONE', *, *, #249, .F. ) ;
#462 = CALENDAR_DATE ( 2024, 19, 8 ) ;
#463 = DIRECTION ( 'NONE',  ( -1.000000000000000000, 0.000000000000000000, 0.000000000000000000 ) ) ;
#464 = CIRCLE ( 'NONE', #1739, 10.00000000000000888 ) ;
#465 = CARTESIAN_POINT ( 'NONE',  ( 22.32290219528152520, 9.427293428819314869, -13.90349562160545105 ) ) ;
#466 = ORIENTED_EDGE ( 'NONE', *, *, #1015, .T. ) ;
#467 = FACE_OUTER_BOUND ( 'NONE', #849, .T. ) ;
#468 = EDGE_CURVE ( 'NONE', #170, #120, #1414, .T. ) ;
#469 = VERTEX_POINT ( 'NONE', #1393 ) ;
#470 = DIRECTION ( 'NONE',  ( -0.000000000000000000, -0.000000000000000000, 1.000000000000000000 ) ) ;
#471 = VERTEX_POINT ( 'NONE', #1887 ) ;
#472 = LINE ( 'NONE', #48, #663 ) ;
#473 = VERTEX_POINT ( 'NONE', #1911 ) ;
#474 = APPROVAL_DATE_TIME ( #644, #612 ) ;
#475 = CARTESIAN_POINT ( 'NONE',  ( -35.00000000000000711, 0.000000000000000000, -22.99999999999996447 ) ) ;
#476 = DIRECTION ( 'NONE',  ( 1.000000000000000000, 0.000000000000000000, 0.000000000000000000 ) ) ;
#477 = VERTEX_POINT ( 'NONE', #2031 ) ;
#478 = DIRECTION ( 'NONE',  ( -1.000000000000000000, 0.000000000000000000, 0.000000000000000000 ) ) ;
#479 = ORIENTED_EDGE ( 'NONE', *, *, #1166, .F. ) ;
#480 = DIRECTION ( 'NONE',  ( -1.000000000000000000, 0.000000000000000000, 0.000000000000000000 ) ) ;
#481 = EDGE_CURVE ( 'NONE', #1900, #721, #1913, .T. ) ;
#482 = DIRECTION ( 'NONE',  ( 1.000000000000000000, 0.000000000000000000, 0.000000000000000000 ) ) ;
#483 = VECTOR ( 'NONE', #2042, 1000.000000000000000 ) ;
#484 = ORIENTED_EDGE ( 'NONE', *, *, #1609, .F. ) ;
#485 = CIRCLE ( 'NONE', #45, 10.00000000000000888 ) ;
#486 = DIRECTION ( 'NONE',  ( 0.000000000000000000, 1.000000000000000000, 0.000000000000000000 ) ) ;
#487 = ORIENTED_EDGE ( 'NONE', *, *, #116, .T. ) ;
#488 = DIRECTION ( 'NONE',  ( 1.000000000000000000, 0.000000000000000000, 0.000000000000000000 ) ) ;
#489 = CYLINDRICAL_SURFACE ( 'NONE', #291, 19.99999999999999645 ) ;
#490 = CARTESIAN_POINT ( 'NONE',  ( 22.10829763882264842, 9.542446387510706174, -13.65692031626228164 ) ) ;
#491 = ADVANCED_FACE ( 'NONE', ( #1259 ), #444, .F. ) ;
#492 = DIRECTION ( 'NONE',  ( -0.000000000000000000, -0.000000000000000000, 1.000000000000000000 ) ) ;
#493 = CARTESIAN_POINT ( 'NONE',  ( 0.000000000000000000, -20.00000000000000000, 23.00000000000000000 ) ) ;
#494 = PLANE ( 'NONE',  #1027 ) ;
#495 = EDGE_LOOP ( 'NONE', ( #1222, #619, #388, #1644, #1853 ) ) ;
#496 = DIRECTION ( 'NONE',  ( -1.000000000000000000, 0.000000000000000000, 0.000000000000000000 ) ) ;
#497 = VERTEX_POINT ( 'NONE', #1426 ) ;
#498 = CARTESIAN_POINT ( 'NONE',  ( -14.45683229480096088, 3.999999999999998224, 23.00000000000000000 ) ) ;
#499 = LINE ( 'NONE', #1146, #1736 ) ;
#500 = VECTOR ( 'NONE', #59, 1000.000000000000000 ) ;
#501 = CARTESIAN_POINT ( 'NONE',  ( 67.00000000000000000, -10.00000000000000000, 21.50000000000000000 ) ) ;
#502 = AXIS2_PLACEMENT_3D ( 'NONE', #1189, #1826, #383 ) ;
#503 = AXIS2_PLACEMENT_3D ( 'NONE', #2000, #603, #979 ) ;
#504 = DIRECTION ( 'NONE',  ( 0.7071067811865531239, 0.000000000000000000, 0.7071067811865420216 ) ) ;
#505 = AXIS2_PLACEMENT_3D ( 'NONE', #897, #2023, #1079 ) ;
#506 = CARTESIAN_POINT ( 'NONE',  ( 55.99999999999999289, -10.00000000000000000, -36.57117203369102043 ) ) ;
#507 = ORIENTED_EDGE ( 'NONE', *, *, #14, .T. ) ;
#508 = DIRECTION ( 'NONE',  ( 0.000000000000000000, 0.000000000000000000, 1.000000000000000000 ) ) ;
#509 = ORIENTED_EDGE ( 'NONE', *, *, #1782, .T. ) ;
#510 = DIRECTION ( 'NONE',  ( 1.000000000000000000, 0.000000000000000000, 0.000000000000000000 ) ) ;
#511 = EDGE_CURVE ( 'NONE', #1233, #128, #1615, .T. ) ;
#512 = CARTESIAN_POINT ( 'NONE',  ( 24.45366489735368631, 8.330161581957726824, -15.26533220584822814 ) ) ;
#513 = DIRECTION ( 'NONE',  ( -1.175036694370783896E-16, -0.000000000000000000, -1.000000000000000000 ) ) ;
#514 = DIRECTION ( 'NONE',  ( 1.000000000000000000, 0.000000000000000000, 0.000000000000000000 ) ) ;
#515 = ADVANCED_FACE ( 'NONE', ( #1087, #1240, #1880 ), #119, .T. ) ;
#516 = ORIENTED_EDGE ( 'NONE', *, *, #1177, .F. ) ;
#517 = DIRECTION ( 'NONE',  ( -0.000000000000000000, -0.000000000000000000, -1.000000000000000000 ) ) ;
#518 = AXIS2_PLACEMENT_3D ( 'NONE', #681, #852, #1022 ) ;
#519 = CIRCLE ( 'NONE', #1890, 3.249999999999996003 ) ;
#520 = ORIENTED_EDGE ( 'NONE', *, *, #1945, .F. ) ;
#521 = CARTESIAN_POINT ( 'NONE',  ( -37.85714285714286831, -9.583148474999095612, 15.50000000000000000 ) ) ;
#522 = ORIENTED_EDGE ( 'NONE', *, *, #1492, .T. ) ;
#523 = ADVANCED_FACE ( 'NONE', ( #467 ), #754, .F. ) ;
#524 = LINE ( 'NONE', #836, #1596 ) ;
#525 = DIRECTION ( 'NONE',  ( -0.000000000000000000, -0.000000000000000000, -1.000000000000000000 ) ) ;
#526 = ORIENTED_EDGE ( 'NONE', *, *, #1306, .T. ) ;
#527 = DIRECTION ( 'NONE',  ( -1.000000000000000000, -0.000000000000000000, -0.000000000000000000 ) ) ;
#528 = CIRCLE ( 'NONE', #1338, 9.999999999999998224 ) ;
#529 = EDGE_LOOP ( 'NONE', ( #1213, #1723, #1159, #630, #196, #1057, #2064, #1301, #732, #838 ) ) ;
#530 = CARTESIAN_POINT ( 'NONE',  ( -45.00000000000000711, 0.000000000000000000, 15.50000000000000000 ) ) ;
#531 = DIRECTION ( 'NONE',  ( 0.000000000000000000, 0.000000000000000000, -1.000000000000000000 ) ) ;
#532 = AXIS2_PLACEMENT_3D ( 'NONE', #645, #153, #463 ) ;
#533 = CARTESIAN_POINT ( 'NONE',  ( -14.45683229480096088, -3.999999999999998224, 23.00000000000000000 ) ) ;
#534 = AXIS2_PLACEMENT_3D ( 'NONE', #1300, #1601, #2084 ) ;
#535 = AXIS2_PLACEMENT_3D ( 'NONE', #894, #1690, #242 ) ;
#536 = CARTESIAN_POINT ( 'NONE',  ( 49.99999999999998579, -10.00000000000000000, -23.00000000000000000 ) ) ;
#537 = EDGE_CURVE ( 'NONE', #715, #1776, #230, .T. ) ;
#538 = LOCAL_TIME ( 14, 25, 17.00000000000000000, #1265 ) ;
#539 = VECTOR ( 'NONE', #1867, 1000.000000000000000 ) ;
#540 = LINE ( 'NONE', #1018, #2006 ) ;
#541 = ORIENTED_EDGE ( 'NONE', *, *, #1782, .F. ) ;
#542 = DIRECTION ( 'NONE',  ( -1.175036694370783896E-16, -0.000000000000000000, -1.000000000000000000 ) ) ;
#543 = EDGE_CURVE ( 'NONE', #299, #1006, #737, .T. ) ;
#544 = LINE ( 'NONE', #377, #57 ) ;
#545 = CARTESIAN_POINT ( 'NONE',  ( 55.99999999999999289, -10.00000000000000000, 21.00000000000002487 ) ) ;
#546 = DIRECTION ( 'NONE',  ( -1.175036694370783896E-16, -0.000000000000000000, -1.000000000000000000 ) ) ;
#547 = ADVANCED_FACE ( 'NONE', ( #1715, #284 ), #269, .T. ) ;
#548 = FACE_OUTER_BOUND ( 'NONE', #1149, .T. ) ;
#549 = ORIENTED_EDGE ( 'NONE', *, *, #1794, .F. ) ;
#550 = PLANE ( 'NONE',  #1120 ) ;
#551 = AXIS2_PLACEMENT_3D ( 'NONE', #932, #411, #267 ) ;
#552 = CARTESIAN_POINT ( 'NONE',  ( -35.00000000000000000, 0.000000000000000000, 23.00000000000000000 ) ) ;
#553 = DIRECTION ( 'NONE',  ( -0.000000000000000000, -1.000000000000000000, -0.000000000000000000 ) ) ;
#554 = ADVANCED_FACE ( 'NONE', ( #915 ), #1320, .F. ) ;
#555 = LINE ( 'NONE', #257, #1483 ) ;
#556 = DIRECTION ( 'NONE',  ( -1.000000000000000000, 0.000000000000000000, 0.000000000000000000 ) ) ;
#557 = CARTESIAN_POINT ( 'NONE',  ( -23.07106781186547906, 13.99150433121956283, -15.50000000000000000 ) ) ;
#558 = CARTESIAN_POINT ( 'NONE',  ( -45.00000000000000711, 0.000000000000000000, -15.50000000000000000 ) ) ;
#559 = DIRECTION ( 'NONE',  ( 1.000000000000000000, 0.000000000000000000, -0.000000000000000000 ) ) ;
#560 = EDGE_LOOP ( 'NONE', ( #1893, #219, #355, #245 ) ) ;
#561 = DIRECTION ( 'NONE',  ( -1.000000000000000000, 0.000000000000000000, 0.000000000000000000 ) ) ;
#562 = AXIS2_PLACEMENT_3D ( 'NONE', #459, #1104, #1744 ) ;
#563 = CONICAL_SURFACE ( 'NONE', #117, 15.00000000000000000, 0.7853981633974482790 ) ;
#564 = VECTOR ( 'NONE', #1203, 1000.000000000000114 ) ;
#565 = DIRECTION ( 'NONE',  ( 0.000000000000000000, -1.000000000000000000, 0.000000000000000000 ) ) ;
#566 = CARTESIAN_POINT ( 'NONE',  ( 60.00000000000000000, -10.00000000000000000, -36.57117203369102043 ) ) ;
#567 = ORIENTED_EDGE ( 'NONE', *, *, #79, .F. ) ;
#568 = DIRECTION ( 'NONE',  ( -0.9583148474999100275, 0.2857142857142854764, 0.000000000000000000 ) ) ;
#569 = EDGE_CURVE ( 'NONE', #1433, #861, #956, .T. ) ;
#570 = CARTESIAN_POINT ( 'NONE',  ( -18.29999999999999716, -4.000000000000000000, 23.00000000000000000 ) ) ;
#571 = VERTEX_POINT ( 'NONE', #1935 ) ;
#572 = EDGE_CURVE ( 'NONE', #861, #471, #1965, .T. ) ;
#573 = LINE ( 'NONE', #919, #1341 ) ;
#574 = ORIENTED_EDGE ( 'NONE', *, *, #121, .T. ) ;
#575 = DIRECTION ( 'NONE',  ( -0.000000000000000000, -0.000000000000000000, -1.000000000000000000 ) ) ;
#576 = DIRECTION ( 'NONE',  ( -0.000000000000000000, -0.000000000000000000, -1.000000000000000000 ) ) ;
#577 = VERTEX_POINT ( 'NONE', #1439 ) ;
#578 = EDGE_CURVE ( 'NONE', #469, #1299, #991, .T. ) ;
#579 = VECTOR ( 'NONE', #191, 1000.000000000000000 ) ;
#580 = DIRECTION ( 'NONE',  ( 1.000000000000000000, 0.000000000000000000, 0.000000000000000000 ) ) ;
#581 = VERTEX_POINT ( 'NONE', #1784 ) ;
#582 = DIRECTION ( 'NONE',  ( 0.9583148474999100275, -0.2857142857142854764, 0.000000000000000000 ) ) ;
#583 = VERTEX_POINT ( 'NONE', #1475 ) ;
#584 = DIRECTION ( 'NONE',  ( -0.000000000000000000, -0.000000000000000000, -1.000000000000000000 ) ) ;
#585 = DIRECTION ( 'NONE',  ( -1.175036694370783896E-16, -0.000000000000000000, -1.000000000000000000 ) ) ;
#586 = VERTEX_POINT ( 'NONE', #1924 ) ;
#587 = DIRECTION ( 'NONE',  ( 0.000000000000000000, 0.000000000000000000, 1.000000000000000000 ) ) ;
#588 = EDGE_LOOP ( 'NONE', ( #350, #1073, #1277, #1907 ) ) ;
#590 = EDGE_CURVE ( 'NONE', #1065, #1250, #1133, .T. ) ;
#589 = CIRCLE ( 'NONE', #562, 7.000000000000006217 ) ;
#591 = CARTESIAN_POINT ( 'NONE',  ( -35.00000000000000000, 0.000000000000000000, -15.50000000000000000 ) ) ;
#592 = CIRCLE ( 'NONE', #427, 5.000000000000000888 ) ;
#593 = AXIS2_PLACEMENT_3D ( 'NONE', #493, #1623, #13 ) ;
#594 = CARTESIAN_POINT ( 'NONE',  ( 21.00000000000000000, -20.00000000000001066, 10.49999999999999822 ) ) ;
#595 = DIRECTION ( 'NONE',  ( 0.000000000000000000, 0.000000000000000000, -1.000000000000000000 ) ) ;
#596 = DIRECTION ( 'NONE',  ( -0.7071067811865416886, 0.000000000000000000, -0.7071067811865533459 ) ) ;
#597 = CARTESIAN_POINT ( 'NONE',  ( -35.00000000000000711, 0.000000000000000000, -20.49999999999996447 ) ) ;
#598 = ORIENTED_EDGE ( 'NONE', *, *, #249, .T. ) ;
#599 = ORIENTED_EDGE ( 'NONE', *, *, #201, .F. ) ;
#600 = EDGE_CURVE ( 'NONE', #643, #2018, #1770, .T. ) ;
#601 = CARTESIAN_POINT ( 'NONE',  ( 0.000000000000000000, 0.000000000000000000, -23.00000000000000000 ) ) ;
#602 = EDGE_LOOP ( 'NONE', ( #1530, #1692 ) ) ;
#603 = DIRECTION ( 'NONE',  ( -0.000000000000000000, -0.000000000000000000, -1.000000000000000000 ) ) ;
#604 = CYLINDRICAL_SURFACE ( 'NONE', #650, 3.250000000000002665 ) ;
#605 = VERTEX_POINT ( 'NONE', #638 ) ;
#606 = VERTEX_POINT ( 'NONE', #34 ) ;
#608 = CYLINDRICAL_SURFACE ( 'NONE', #636, 7.000000000000006217 ) ;
#607 = AXIS2_PLACEMENT_3D ( 'NONE', #1678, #1502, #232 ) ;
#609 = VERTEX_POINT ( 'NONE', #1944 ) ;
#610 = EDGE_LOOP ( 'NONE', ( #1095, #1047, #1665, #1650 ) ) ;
#611 = ORIENTED_EDGE ( 'NONE', *, *, #1412, .F. ) ;
#612 = APPROVAL ( #125, 'UNSPECIFIED' ) ;
#613 = FACE_OUTER_BOUND ( 'NONE', #382, .T. ) ;
#614 = APPLICATION_PROTOCOL_DEFINITION ( 'international standard', 'config_control_design', 1994, #1413 ) ;
#615 = ORIENTED_EDGE ( 'NONE', *, *, #335, .T. ) ;
#616 = CARTESIAN_POINT ( 'NONE',  ( -37.85714285714286831, -9.583148474999095612, -15.50000000000000000 ) ) ;
#617 = EDGE_CURVE ( 'NONE', #1264, #1288, #524, .T. ) ;
#618 = CARTESIAN_POINT ( 'NONE',  ( 25.37160240912746545, 7.882107634928260609, -15.47017769641490403 ) ) ;
#619 = ORIENTED_EDGE ( 'NONE', *, *, #813, .T. ) ;
#620 = ORIENTED_EDGE ( 'NONE', *, *, #913, .F. ) ;
#621 = CARTESIAN_POINT ( 'NONE',  ( 0.000000000000000000, 0.000000000000000000, 23.00000000000000000 ) ) ;
#622 = VECTOR ( 'NONE', #1774, 1000.000000000000000 ) ;
#623 = EDGE_LOOP ( 'NONE', ( #761, #1081, #736, #63 ) ) ;
#624 = ORIENTED_EDGE ( 'NONE', *, *, #1206, .T. ) ;
#625 = EDGE_CURVE ( 'NONE', #700, #1299, #1122, .T. ) ;
#626 = CIRCLE ( 'NONE', #192, 3.249999999999996003 ) ;
#627 = EDGE_LOOP ( 'NONE', ( #924, #611, #1108, #520 ) ) ;
#628 = DIRECTION ( 'NONE',  ( 1.000000000000000000, 0.000000000000000000, 0.000000000000000000 ) ) ;
#629 = AXIS2_PLACEMENT_3D ( 'NONE', #165, #327, #1469 ) ;
#630 = ORIENTED_EDGE ( 'NONE', *, *, #1536, .T. ) ;
#631 = CARTESIAN_POINT ( 'NONE',  ( 0.000000000000000000, 0.000000000000000000, 0.000000000000000000 ) ) ;
#632 = CARTESIAN_POINT ( 'NONE',  ( -35.00000000000000711, 0.000000000000000000, -20.99999999999996447 ) ) ;
#633 = AXIS2_PLACEMENT_3D ( 'NONE', #1466, #803, #52 ) ;
#634 = DIRECTION ( 'NONE',  ( -0.000000000000000000, 0.000000000000000000, -1.000000000000000000 ) ) ;
#635 = VERTEX_POINT ( 'NONE', #12 ) ;
#636 = AXIS2_PLACEMENT_3D ( 'NONE', #1555, #297, #1401 ) ;
#637 = ADVANCED_FACE ( 'NONE', ( #23 ), #802, .F. ) ;
#638 = CARTESIAN_POINT ( 'NONE',  ( -26.00000000000000355, -13.11826546799876247, -15.50000000000000000 ) ) ;
#639 = DIRECTION ( 'NONE',  ( 0.000000000000000000, 0.000000000000000000, 1.000000000000000000 ) ) ;
#640 = ORIENTED_EDGE ( 'NONE', *, *, #1370, .T. ) ;
#641 = ADVANCED_FACE ( 'NONE', ( #1454 ), #2025, .F. ) ;
#642 = CARTESIAN_POINT ( 'NONE',  ( -21.00000000000000000, 14.60897745299861938, -10.49999999999998934 ) ) ;
#643 = VERTEX_POINT ( 'NONE', #1150 ) ;
#644 = DATE_AND_TIME ( #1618, #1813 ) ;
#645 = CARTESIAN_POINT ( 'NONE',  ( 60.00000000000000000, -10.00000000000000000, -21.50000000000000000 ) ) ;
#646 = CARTESIAN_POINT ( 'NONE',  ( 23.86692125182298341, 8.624175673580120716, -15.03315765618691913 ) ) ;
#647 = DIRECTION ( 'NONE',  ( -0.000000000000000000, -0.000000000000000000, -1.000000000000000000 ) ) ;
#648 = DIRECTION ( 'NONE',  ( 0.000000000000000000, 0.000000000000000000, 1.000000000000000000 ) ) ;
#649 = CARTESIAN_POINT ( 'NONE',  ( 0.000000000000000000, 0.000000000000000000, 23.00000000000000000 ) ) ;
#650 = AXIS2_PLACEMENT_3D ( 'NONE', #1093, #585, #118 ) ;
#651 = EDGE_LOOP ( 'NONE', ( #1582, #217, #139, #2030 ) ) ;
#652 = LINE ( 'NONE', #1578, #693 ) ;
#653 = CARTESIAN_POINT ( 'NONE',  ( 60.00000000000000000, -20.00000000000000355, 23.00000000000000000 ) ) ;
#654 = CARTESIAN_POINT ( 'NONE',  ( 60.00000000000000000, -10.00000000000000000, 15.50000000000000000 ) ) ;
#655 = CARTESIAN_POINT ( 'NONE',  ( 60.00000000000000000, -10.00000000000000000, -15.50000000000000000 ) ) ;
#656 = CARTESIAN_POINT ( 'NONE',  ( -14.80226282382084513, -3.999999999999998224, 22.33292208183631189 ) ) ;
#657 = LINE ( 'NONE', #1797, #1838 ) ;
#658 = CLOSED_SHELL ( 'NONE', ( #91, #47, #944, #415, #1738, #637, #779, #491, #748, #1325, #840, #825, #858, #1505, #363, #1781, #1196, #2060, #1134, #515, #1078, #1918, #694, #1868, #2007, #1705, #1857, #1398, #1963, #970, #1445, #1348, #2066, #1044, #814, #918, #971, #994, #1290, #1330, #1602, #905, #268, #40, #523, #1453, #1718, #554, #289, #155, #381, #419, #1002, #820, #1266, #547, #851, #1220, #641, #2032, #1405, #298, #1817 ) ) ;
#659 = EDGE_CURVE ( 'NONE', #1541, #2034, #973, .T. ) ;
#660 = LINE ( 'NONE', #1952, #831 ) ;
#661 = ORIENTED_EDGE ( 'NONE', *, *, #877, .T. ) ;
#662 = DIRECTION ( 'NONE',  ( -0.000000000000000000, -0.000000000000000000, -1.000000000000000000 ) ) ;
#663 = VECTOR ( 'NONE', #1978, 1000.000000000000000 ) ;
#664 = FACE_BOUND ( 'NONE', #1009, .T. ) ;
#665 = CIRCLE ( 'NONE', #1482, 16.00000000000001421 ) ;
#666 = AXIS2_PLACEMENT_3D ( 'NONE', #1685, #1498, #414 ) ;
#667 = CARTESIAN_POINT ( 'NONE',  ( 60.00000000000000000, -10.00000000000000000, -36.57117203369102043 ) ) ;
#668 = EDGE_CURVE ( 'NONE', #366, #2067, #485, .T. ) ;
#669 = DIRECTION ( 'NONE',  ( 0.000000000000000000, 0.000000000000000000, 1.000000000000000000 ) ) ;
#670 = CARTESIAN_POINT ( 'NONE',  ( 55.99999999999999289, -10.00000000000000000, -36.57117203369102043 ) ) ;
#671 = EDGE_CURVE ( 'NONE', #2045, #1503, #315, .T. ) ;
#672 = EDGE_CURVE ( 'NONE', #1699, #1729, #1499, .T. ) ;
#673 = DATE_AND_TIME ( #1790, #929 ) ;
#674 = EDGE_LOOP ( 'NONE', ( #750, #1917, #794, #453 ) ) ;
#675 = DIRECTION ( 'NONE',  ( -1.000000000000000000, 0.000000000000000000, 0.000000000000000000 ) ) ;
#676 = DIRECTION ( 'NONE',  ( -0.000000000000000000, -0.000000000000000000, -1.000000000000000000 ) ) ;
#677 = VERTEX_POINT ( 'NONE', #1631 ) ;
#678 = CARTESIAN_POINT ( 'NONE',  ( 55.50000000000002132, -10.00000000000000000, 21.50000000000000000 ) ) ;
#679 = VECTOR ( 'NONE', #1308, 999.9999999999998863 ) ;
#680 = ORIENTED_EDGE ( 'NONE', *, *, #1256, .F. ) ;
#681 = CARTESIAN_POINT ( 'NONE',  ( 0.000000000000000000, 0.000000000000000000, 21.99999999999998579 ) ) ;
#682 = ORIENTED_EDGE ( 'NONE', *, *, #1773, .F. ) ;
#683 = EDGE_CURVE ( 'NONE', #1503, #2045, #780, .T. ) ;
#684 = CARTESIAN_POINT ( 'NONE',  ( 60.00000000000000000, -10.00000000000000000, -36.57117203369102043 ) ) ;
#685 = DIRECTION ( 'NONE',  ( 1.000000000000000000, 0.000000000000000000, 0.000000000000000000 ) ) ;
#686 = CARTESIAN_POINT ( 'NONE',  ( -5.714285714285711748, 19.16629694999818767, 23.00000000000000000 ) ) ;
#687 = ORIENTED_EDGE ( 'NONE', *, *, #672, .F. ) ;
#688 = CYLINDRICAL_SURFACE ( 'NONE', #1293, 10.00000000000000888 ) ;
#689 = ORIENTED_EDGE ( 'NONE', *, *, #1070, .T. ) ;
#690 = CARTESIAN_POINT ( 'NONE',  ( -35.00000000000000711, 0.000000000000000000, -22.99999999999996447 ) ) ;
#691 = AXIS2_PLACEMENT_3D ( 'NONE', #1777, #1263, #1901 ) ;
#692 = CYLINDRICAL_SURFACE ( 'NONE', #945, 4.000000000000003553 ) ;
#694 = ADVANCED_FACE ( 'NONE', ( #1294 ), #1622, .F. ) ;
#693 = VECTOR ( 'NONE', #302, 1000.000000000000000 ) ;
#695 = EDGE_CURVE ( 'NONE', #203, #1533, #222, .T. ) ;
#696 = CARTESIAN_POINT ( 'NONE',  ( -26.00000000000000355, -20.00000000000001066, -10.49999999999999822 ) ) ;
#697 = DIRECTION ( 'NONE',  ( -1.000000000000000000, 0.000000000000000000, 0.000000000000000000 ) ) ;
#698 = SECURITY_CLASSIFICATION_LEVEL ( 'unclassified' ) ;
#699 = EDGE_CURVE ( 'NONE', #73, #996, #1211, .T. ) ;
#700 = VERTEX_POINT ( 'NONE', #1848 ) ;
#701 = DIRECTION ( 'NONE',  ( -0.000000000000000000, 1.000000000000000000, 0.000000000000000000 ) ) ;
#702 = EDGE_LOOP ( 'NONE', ( #733, #1751, #1029, #833 ) ) ;
#703 = ORIENTED_EDGE ( 'NONE', *, *, #481, .T. ) ;
#704 = CYLINDRICAL_SURFACE ( 'NONE', #1446, 9.999999999999994671 ) ;
#705 = DIRECTION ( 'NONE',  ( 0.000000000000000000, 0.000000000000000000, 1.000000000000000000 ) ) ;
#706 = FACE_OUTER_BOUND ( 'NONE', #674, .T. ) ;
#707 = CYLINDRICAL_SURFACE ( 'NONE', #1099, 10.00000000000000888 ) ;
#708 = ORIENTED_EDGE ( 'NONE', *, *, #1938, .T. ) ;
#709 = FACE_OUTER_BOUND ( 'NONE', #1388, .T. ) ;
#710 = ORIENTED_EDGE ( 'NONE', *, *, #195, .F. ) ;
#711 = CIRCLE ( 'NONE', #1497, 4.000000000000003553 ) ;
#712 = FACE_OUTER_BOUND ( 'NONE', #263, .T. ) ;
#713 = DIRECTION ( 'NONE',  ( 0.9583148474999100275, 0.2857142857142854764, 0.000000000000000000 ) ) ;
#714 = EDGE_CURVE ( 'NONE', #635, #903, #885, .T. ) ;
#715 = VERTEX_POINT ( 'NONE', #724 ) ;
#716 = DIRECTION ( 'NONE',  ( -1.000000000000000000, 0.000000000000000000, 0.000000000000000000 ) ) ;
#717 = CARTESIAN_POINT ( 'NONE',  ( -18.29999999999999716, 4.000000000000000000, 23.00000000000000000 ) ) ;
#718 = EDGE_CURVE ( 'NONE', #2068, #374, #44, .T. ) ;
#719 = CARTESIAN_POINT ( 'NONE',  ( 52.99999999999999289, -10.00000000000000000, -25.00000000000000000 ) ) ;
#720 = ORIENTED_EDGE ( 'NONE', *, *, #255, .F. ) ;
#721 = VERTEX_POINT ( 'NONE', #545 ) ;
#722 = AXIS2_PLACEMENT_3D ( 'NONE', #1624, #525, #1807 ) ;
#723 = CARTESIAN_POINT ( 'NONE',  ( -37.85714285714286831, -9.583148474999095612, -15.50000000000000000 ) ) ;
#724 = CARTESIAN_POINT ( 'NONE',  ( -14.45683229480095910, 4.000000000000001776, -22.00000000000001421 ) ) ;
#725 = ORIENTED_EDGE ( 'NONE', *, *, #481, .F. ) ;
#726 = EDGE_CURVE ( 'NONE', #1197, #120, #1226, .T. ) ;
#727 = CARTESIAN_POINT ( 'NONE',  ( -30.00000000000001421, 6.123233995736763324E-16, -32.13290929250831596 ) ) ;
#728 = AXIS2_PLACEMENT_3D ( 'NONE', #238, #1117, #1267 ) ;
#729 = ORGANIZATION ( 'UNSPECIFIED', 'UNSPECIFIED', '' ) ;
#730 = EDGE_CURVE ( 'NONE', #830, #1250, #1684, .T. ) ;
#731 = CARTESIAN_POINT ( 'NONE',  ( 22.10825860861288916, 9.542476309471778606, 13.65636737358308039 ) ) ;
#732 = ORIENTED_EDGE ( 'NONE', *, *, #1637, .T. ) ;
#733 = ORIENTED_EDGE ( 'NONE', *, *, #335, .F. ) ;
#734 = CARTESIAN_POINT ( 'NONE',  ( 0.000000000000000000, -20.00000000000000000, -23.00000000000000000 ) ) ;
#735 = CARTESIAN_POINT ( 'NONE',  ( -5.714285714285723294, -19.16629694999819122, 23.00000000000000000 ) ) ;
#736 = ORIENTED_EDGE ( 'NONE', *, *, #1509, .T. ) ;
#737 = LINE ( 'NONE', #1721, #1576 ) ;
#738 = CARTESIAN_POINT ( 'NONE',  ( -14.80226282382083802, -3.999999999999998224, -22.33292208183632255 ) ) ;
#739 = VERTEX_POINT ( 'NONE', #1354 ) ;
#740 = EDGE_LOOP ( 'NONE', ( #1174, #965, #620, #231 ) ) ;
#741 = DIRECTION ( 'NONE',  ( -0.000000000000000000, 0.000000000000000000, 1.000000000000000000 ) ) ;
#742 = FACE_OUTER_BOUND ( 'NONE', #418, .T. ) ;
#743 = VERTEX_POINT ( 'NONE', #1659 ) ;
#744 = AXIS2_PLACEMENT_3D ( 'NONE', #2063, #2021, #1876 ) ;
#745 = EDGE_CURVE ( 'NONE', #85, #469, #1425, .T. ) ;
#746 = CARTESIAN_POINT ( 'NONE',  ( 0.000000000000000000, -20.00000000000000000, 23.00000000000000000 ) ) ;
#747 = CARTESIAN_POINT ( 'NONE',  ( 60.00000000000000000, -10.00000000000000000, 21.50000000000000000 ) ) ;
#748 = ADVANCED_FACE ( 'NONE', ( #243 ), #386, .F. ) ;
#749 = CARTESIAN_POINT ( 'NONE',  ( 21.56861000813439588, 9.835641862320210649, 12.82182969146094109 ) ) ;
#750 = ORIENTED_EDGE ( 'NONE', *, *, #1996, .F. ) ;
#751 = DIRECTION ( 'NONE',  ( 1.000000000000000000, 0.000000000000000000, 0.000000000000000000 ) ) ;
#752 = CYLINDRICAL_SURFACE ( 'NONE', #744, 3.249999999999996003 ) ;
#753 = ORIENTED_EDGE ( 'NONE', *, *, #2038, .F. ) ;
#754 = CYLINDRICAL_SURFACE ( 'NONE', #505, 5.000000000000000888 ) ;
#755 = EDGE_CURVE ( 'NONE', #1493, #1225, #519, .T. ) ;
#756 = ORIENTED_EDGE ( 'NONE', *, *, #221, .F. ) ;
#757 = CIRCLE ( 'NONE', #425, 4.499999999999976019 ) ;
#758 = ORIENTED_EDGE ( 'NONE', *, *, #1883, .T. ) ;
#759 = AXIS2_PLACEMENT_3D ( 'NONE', #601, #439, #1724 ) ;
#760 = VECTOR ( 'NONE', #1024, 1000.000000000000000 ) ;
#761 = ORIENTED_EDGE ( 'NONE', *, *, #391, .F. ) ;
#762 = AXIS2_PLACEMENT_3D ( 'NONE', #1703, #2016, #1672 ) ;
#763 = DIRECTION ( 'NONE',  ( -1.000000000000000000, 0.000000000000000000, 0.000000000000000000 ) ) ;
#764 = PLANE ( 'NONE',  #372 ) ;
#765 = LINE ( 'NONE', #907, #2056 ) ;
#766 = ORIENTED_EDGE ( 'NONE', *, *, #578, .T. ) ;
#767 = CARTESIAN_POINT ( 'NONE',  ( -35.00000000000000000, 0.000000000000000000, 15.50000000000000000 ) ) ;
#768 = ORIENTED_EDGE ( 'NONE', *, *, #121, .F. ) ;
#769 = CARTESIAN_POINT ( 'NONE',  ( 59.99999999999999289, 1.387778780781445676E-14, -15.50000000000000000 ) ) ;
#770 = VERTEX_POINT ( 'NONE', #844 ) ;
#771 = DIRECTION ( 'NONE',  ( 1.000000000000000000, 8.673617379884027583E-16, 0.000000000000000000 ) ) ;
#772 = EDGE_LOOP ( 'NONE', ( #1481, #1822 ) ) ;
#773 = LINE ( 'NONE', #1092, #1680 ) ;
#774 = CARTESIAN_POINT ( 'NONE',  ( 70.00000000000000000, -9.999999999999998224, 23.00000000000000000 ) ) ;
#775 = DIRECTION ( 'NONE',  ( -0.000000000000000000, -0.000000000000000000, -1.000000000000000000 ) ) ;
#776 = EDGE_LOOP ( 'NONE', ( #798, #317, #1080, #1462 ) ) ;
#778 = FACE_OUTER_BOUND ( 'NONE', #437, .T. ) ;
#777 = VECTOR ( 'NONE', #1182, 1000.000000000000000 ) ;
#779 = ADVANCED_FACE ( 'NONE', ( #1201 ), #1837, .F. ) ;
#780 = CIRCLE ( 'NONE', #104, 7.000000000000006217 ) ;
#781 = ORIENTED_EDGE ( 'NONE', *, *, #672, .T. ) ;
#782 = ORIENTED_EDGE ( 'NONE', *, *, #1166, .T. ) ;
#783 = CARTESIAN_POINT ( 'NONE',  ( -38.74999999999999289, 4.592425496802563125E-16, 20.99999999999996447 ) ) ;
#784 = EDGE_CURVE ( 'NONE', #2068, #1432, #211, .T. ) ;
#785 = ORIENTED_EDGE ( 'NONE', *, *, #983, .F. ) ;
#786 = DATE_AND_TIME ( #808, #1345 ) ;
#787 = DIRECTION ( 'NONE',  ( -1.000000000000000000, 0.000000000000000000, 0.000000000000000000 ) ) ;
#788 = DIRECTION ( 'NONE',  ( -1.000000000000000000, 4.513785525492613210E-16, 0.000000000000000000 ) ) ;
#789 = ORIENTED_EDGE ( 'NONE', *, *, #755, .F. ) ;
#790 = CARTESIAN_POINT ( 'NONE',  ( -35.00000000000000711, 0.000000000000000000, -20.99999999999996447 ) ) ;
#791 = CIRCLE ( 'NONE', #1971, 10.00000000000000888 ) ;
#792 = EDGE_CURVE ( 'NONE', #1264, #1648, #200, .T. ) ;
#793 = VERTEX_POINT ( 'NONE', #76 ) ;
#794 = ORIENTED_EDGE ( 'NONE', *, *, #1195, .T. ) ;
#795 = CIRCLE ( 'NONE', #925, 10.00000000000000888 ) ;
#796 = CARTESIAN_POINT ( 'NONE',  ( 60.00000000000000000, -10.00000000000000000, -21.50000000000000000 ) ) ;
#797 = AXIS2_PLACEMENT_3D ( 'NONE', #1766, #1616, #6 ) ;
#798 = ORIENTED_EDGE ( 'NONE', *, *, #201, .T. ) ;
#799 = AXIS2_PLACEMENT_3D ( 'NONE', #396, #1611, #1658 ) ;
#800 = DIRECTION ( 'NONE',  ( 0.000000000000000000, 0.000000000000000000, 1.000000000000000000 ) ) ;
#801 = CARTESIAN_POINT ( 'NONE',  ( 24.75796709689394604, 8.179978865583661829, -15.35333948264042903 ) ) ;
#802 = CYLINDRICAL_SURFACE ( 'NONE', #1163, 4.000000000000003553 ) ;
#803 = DIRECTION ( 'NONE',  ( -0.000000000000000000, -0.000000000000000000, -1.000000000000000000 ) ) ;
#804 = FACE_BOUND ( 'NONE', #1199, .T. ) ;
#805 = DIRECTION ( 'NONE',  ( 1.000000000000000000, 0.000000000000000000, 0.000000000000000000 ) ) ;
#806 = EDGE_CURVE ( 'NONE', #2081, #497, #77, .T. ) ;
#807 = ORIENTED_EDGE ( 'NONE', *, *, #1033, .F. ) ;
#808 = CALENDAR_DATE ( 2024, 19, 8 ) ;
#809 = CARTESIAN_POINT ( 'NONE',  ( -23.07106781186547195, 13.99150433121955928, 15.49999999999999822 ) ) ;
#810 = PLANE ( 'NONE',  #1048 ) ;
#811 = ORIENTED_EDGE ( 'NONE', *, *, #1492, .F. ) ;
#812 = DIRECTION ( 'NONE',  ( 0.2857142857142854764, -0.9583148474999100275, 0.000000000000000000 ) ) ;
#813 = EDGE_CURVE ( 'NONE', #743, #1585, #1651, .T. ) ;
#814 = ADVANCED_FACE ( 'NONE', ( #1373, #855 ), #1506, .T. ) ;
#815 = CARTESIAN_POINT ( 'NONE',  ( 0.000000000000000000, -20.00000000000000000, 23.00000000000000000 ) ) ;
#816 = ORIENTED_EDGE ( 'NONE', *, *, #511, .T. ) ;
#817 = ORIENTED_EDGE ( 'NONE', *, *, #1632, .F. ) ;
#818 = CYLINDRICAL_SURFACE ( 'NONE', #898, 4.999999999999997335 ) ;
#819 = EDGE_LOOP ( 'NONE', ( #1411, #1114, #766, #507 ) ) ;
#820 = ADVANCED_FACE ( 'NONE', ( #53 ), #692, .F. ) ;
#821 = CARTESIAN_POINT ( 'NONE',  ( 67.00000000000000000, -10.00000000000000000, -36.57117203369102043 ) ) ;
#822 = FACE_BOUND ( 'NONE', #1441, .T. ) ;
#823 = VERTEX_POINT ( 'NONE', #1084 ) ;
#824 = DIRECTION ( 'NONE',  ( -1.000000000000000000, 0.000000000000000000, 0.000000000000000000 ) ) ;
#825 = ADVANCED_FACE ( 'NONE', ( #1865 ), #604, .F. ) ;
#826 = CARTESIAN_POINT ( 'NONE',  ( -30.00000000000000711, 6.123233995736772199E-16, -32.13290929250831596 ) ) ;
#827 = VECTOR ( 'NONE', #1613, 1000.000000000000000 ) ;
#828 = FACE_OUTER_BOUND ( 'NONE', #1954, .T. ) ;
#829 = ORIENTED_EDGE ( 'NONE', *, *, #1171, .F. ) ;
#830 = VERTEX_POINT ( 'NONE', #1239 ) ;
#831 = VECTOR ( 'NONE', #1458, 1000.000000000000000 ) ;
#832 = CARTESIAN_POINT ( 'NONE',  ( 23.04970902327490023, 9.043907427042972458, -14.54929247622042432 ) ) ;
#833 = ORIENTED_EDGE ( 'NONE', *, *, #784, .T. ) ;
#834 =( GEOMETRIC_REPRESENTATION_CONTEXT ( 3 ) GLOBAL_UNCERTAINTY_ASSIGNED_CONTEXT ( ( #1209 ) ) GLOBAL_UNIT_ASSIGNED_CONTEXT ( ( #2049, #1733, #1409 ) ) REPRESENTATION_CONTEXT ( 'NONE', 'WORKASPACE' ) );
#835 = VECTOR ( 'NONE', #1097, 1000.000000000000000 ) ;
#836 = CARTESIAN_POINT ( 'NONE',  ( -37.85714285714286831, 9.583148474999095612, 23.00000000000000000 ) ) ;
#837 = CARTESIAN_POINT ( 'NONE',  ( 55.99999999999999289, -10.00000000000000000, -21.00000000000001066 ) ) ;
#838 = ORIENTED_EDGE ( 'NONE', *, *, #1695, .T. ) ;
#839 = CARTESIAN_POINT ( 'NONE',  ( 60.00000000000000000, -10.00000000000000000, 23.00000000000000000 ) ) ;
#840 = ADVANCED_FACE ( 'NONE', ( #1423 ), #752, .F. ) ;
#841 = ORIENTED_EDGE ( 'NONE', *, *, #1090, .T. ) ;
#842 = CARTESIAN_POINT ( 'NONE',  ( -26.00000000000000355, 14.60897745299861938, -15.50000000000000000 ) ) ;
#843 = ORIENTED_EDGE ( 'NONE', *, *, #1435, .T. ) ;
#844 = CARTESIAN_POINT ( 'NONE',  ( 64.49999999999997158, -10.00000000000000000, -21.50000000000000000 ) ) ;
#845 = CARTESIAN_POINT ( 'NONE',  ( 49.99999999999998579, -10.00000000000000000, 23.00000000000000000 ) ) ;
#846 = VERTEX_POINT ( 'NONE', #1581 ) ;
#847 = LINE ( 'NONE', #80, #896 ) ;
#848 = CIRCLE ( 'NONE', #551, 9.999999999999998224 ) ;
#849 = EDGE_LOOP ( 'NONE', ( #1863, #1050, #1889, #182 ) ) ;
#850 = EDGE_CURVE ( 'NONE', #571, #715, #1931, .T. ) ;
#851 = ADVANCED_FACE ( 'NONE', ( #1391 ), #895, .F. ) ;
#852 = DIRECTION ( 'NONE',  ( 0.000000000000000000, 0.000000000000000000, 1.000000000000000000 ) ) ;
#853 = ORIENTED_EDGE ( 'NONE', *, *, #1509, .F. ) ;
#854 = DIRECTION ( 'NONE',  ( -1.000000000000000000, 0.000000000000000000, 0.000000000000000000 ) ) ;
#855 = FACE_OUTER_BOUND ( 'NONE', #1143, .T. ) ;
#856 = PRODUCT_DEFINITION_SHAPE ( 'NONE', 'NONE',  #1430 ) ;
#857 = CYLINDRICAL_SURFACE ( 'NONE', #1877, 4.999999999999997335 ) ;
#858 = ADVANCED_FACE ( 'NONE', ( #1219 ), #1064, .F. ) ;
#859 = DIRECTION ( 'NONE',  ( -1.000000000000000000, 0.000000000000000000, 0.000000000000000000 ) ) ;
#860 = ORIENTED_EDGE ( 'NONE', *, *, #1297, .T. ) ;
#861 = VERTEX_POINT ( 'NONE', #914 ) ;
#862 = DIRECTION ( 'NONE',  ( -1.175036694370783896E-16, -0.000000000000000000, -1.000000000000000000 ) ) ;
#863 = CC_DESIGN_PERSON_AND_ORGANIZATION_ASSIGNMENT ( #1421, #2061, ( #1430 ) ) ;
#864 = DIRECTION ( 'NONE',  ( 1.000000000000000000, 0.000000000000000000, 0.000000000000000000 ) ) ;
#865 = CONICAL_SURFACE ( 'NONE', #399, 3.749999999999989342, 0.7853981633974561616 ) ;
#866 = DIRECTION ( 'NONE',  ( 0.000000000000000000, 0.000000000000000000, -1.000000000000000000 ) ) ;
#867 = AXIS2_PLACEMENT_3D ( 'NONE', #89, #272, #910 ) ;
#868 = CIRCLE ( 'NONE', #1374, 7.000000000000006217 ) ;
#869 = CARTESIAN_POINT ( 'NONE',  ( -26.00000000000000355, -13.11826546799876247, 15.50000000000000000 ) ) ;
#870 = CARTESIAN_POINT ( 'NONE',  ( -31.75000000000001421, 3.980102097228892808E-16, -20.49999999999996447 ) ) ;
#871 = ORIENTED_EDGE ( 'NONE', *, *, #1370, .F. ) ;
#872 = LINE ( 'NONE', #1169, #1420 ) ;
#873 = CARTESIAN_POINT ( 'NONE',  ( 64.00000000000000000, -10.00000000000000000, 21.00000000000002487 ) ) ;
#874 = CARTESIAN_POINT ( 'NONE',  ( -37.85714285714286831, 9.583148474999095612, -15.50000000000000000 ) ) ;
#875 = APPLICATION_CONTEXT ( 'configuration controlled 3d designs of mechanical parts and assemblies' ) ;
#876 = LINE ( 'NONE', #1519, #564 ) ;
#877 = EDGE_CURVE ( 'NONE', #1225, #1729, #1257, .T. ) ;
#878 = EDGE_LOOP ( 'NONE', ( #952, #1178, #1261, #409 ) ) ;
#879 = LINE ( 'NONE', #717, #1710 ) ;
#880 = AXIS2_PLACEMENT_3D ( 'NONE', #1532, #1972, #397 ) ;
#881 = CARTESIAN_POINT ( 'NONE',  ( 64.49999999999997158, -10.00000000000000000, 21.50000000000000000 ) ) ;
#882 = AXIS2_PLACEMENT_3D ( 'NONE', #790, #2078, #984 ) ;
#883 = EDGE_CURVE ( 'NONE', #376, #577, #434, .T. ) ;
#884 = DIRECTION ( 'NONE',  ( 0.000000000000000000, 1.000000000000000000, -0.000000000000000000 ) ) ;
#885 = LINE ( 'NONE', #1984, #246 ) ;
#886 = ORIENTED_EDGE ( 'NONE', *, *, #79, .T. ) ;
#887 = CARTESIAN_POINT ( 'NONE',  ( 26.00000000000000355, -20.00000000000001066, 15.50000000000000000 ) ) ;
#888 = VERTEX_POINT ( 'NONE', #922 ) ;
#889 = EDGE_CURVE ( 'NONE', #1900, #739, #1560, .T. ) ;
#890 = DIRECTION ( 'NONE',  ( 1.000000000000000000, 0.000000000000000000, 0.000000000000000000 ) ) ;
#891 = VERTEX_POINT ( 'NONE', #280 ) ;
#892 = AXIS2_PLACEMENT_3D ( 'NONE', #975, #347, #15 ) ;
#893 = EDGE_LOOP ( 'NONE', ( #1590, #999 ) ) ;
#894 = CARTESIAN_POINT ( 'NONE',  ( 0.000000000000000000, 0.000000000000000000, 23.00000000000000000 ) ) ;
#895 = CYLINDRICAL_SURFACE ( 'NONE', #1830, 4.000000000000003553 ) ;
#896 = VECTOR ( 'NONE', #1038, 1000.000000000000000 ) ;
#897 = CARTESIAN_POINT ( 'NONE',  ( 26.00000000000000355, -20.00000000000001066, -10.49999999999999822 ) ) ;
#898 = AXIS2_PLACEMENT_3D ( 'NONE', #124, #1589, #1752 ) ;
#899 = CIRCLE ( 'NONE', #1949, 10.00000000000000888 ) ;
#900 = CIRCLE ( 'NONE', #967, 3.250000000000002665 ) ;
#901 = CC_DESIGN_PERSON_AND_ORGANIZATION_ASSIGNMENT ( #1350, #1800, ( #1147 ) ) ;
#902 = CARTESIAN_POINT ( 'NONE',  ( 60.00000000000000000, -10.00000000000000000, -21.50000000000000000 ) ) ;
#903 = VERTEX_POINT ( 'NONE', #735 ) ;
#904 = ORIENTED_EDGE ( 'NONE', *, *, #1096, .F. ) ;
#905 = ADVANCED_FACE ( 'NONE', ( #1895 ), #294, .F. ) ;
#906 = DIRECTION ( 'NONE',  ( -1.000000000000000000, 0.000000000000000000, 0.000000000000000000 ) ) ;
#907 = CARTESIAN_POINT ( 'NONE',  ( 15.00000000000000000, 0.000000000000000000, 21.99999999999998579 ) ) ;
#908 = DIRECTION ( 'NONE',  ( 0.000000000000000000, 0.000000000000000000, -1.000000000000000000 ) ) ;
#909 = CARTESIAN_POINT ( 'NONE',  ( 26.00000000000000355, -20.00000000000001066, 10.49999999999999822 ) ) ;
#910 = DIRECTION ( 'NONE',  ( 1.000000000000000000, 0.000000000000000000, 0.000000000000000000 ) ) ;
#911 = ORIENTED_EDGE ( 'NONE', *, *, #99, .F. ) ;
#912 = LINE ( 'NONE', #2039, #159 ) ;
#913 = EDGE_CURVE ( 'NONE', #473, #888, #1086, .T. ) ;
#914 = CARTESIAN_POINT ( 'NONE',  ( -37.85714285714286831, 9.583148474999095612, 23.00000000000000000 ) ) ;
#915 = FACE_OUTER_BOUND ( 'NONE', #1835, .T. ) ;
#916 = ORIENTED_EDGE ( 'NONE', *, *, #2, .T. ) ;
#917 = DIRECTION ( 'NONE',  ( -1.000000000000000000, 0.000000000000000000, 0.000000000000000000 ) ) ;
#918 = ADVANCED_FACE ( 'NONE', ( #1568 ), #1714, .F. ) ;
#919 = CARTESIAN_POINT ( 'NONE',  ( -14.45683229480096088, -3.999999999999998224, 23.00000000000000000 ) ) ;
#920 = DIRECTION ( 'NONE',  ( 0.000000000000000000, 0.000000000000000000, -1.000000000000000000 ) ) ;
#921 = AXIS2_PLACEMENT_3D ( 'NONE', #591, #1599, #1443 ) ;
#922 = CARTESIAN_POINT ( 'NONE',  ( 16.00000000000001421, 0.000000000000000000, 23.00000000000000000 ) ) ;
#923 = DIRECTION ( 'NONE',  ( -0.000000000000000000, 0.000000000000000000, -1.000000000000000000 ) ) ;
#924 = ORIENTED_EDGE ( 'NONE', *, *, #283, .F. ) ;
#925 = AXIS2_PLACEMENT_3D ( 'NONE', #2074, #800, #1291 ) ;
#926 = CARTESIAN_POINT ( 'NONE',  ( -37.85714285714286831, -9.583148474999095612, 23.00000000000000000 ) ) ;
#927 = ORIENTED_EDGE ( 'NONE', *, *, #1667, .T. ) ;
#928 = CARTESIAN_POINT ( 'NONE',  ( 26.00000000000000355, -20.00000000000000000, 10.49999999999999822 ) ) ;
#929 = LOCAL_TIME ( 14, 25, 17.00000000000000000, #1636 ) ;
#930 = PERSON_AND_ORGANIZATION ( #1418, #729 ) ;
#931 = DIRECTION ( 'NONE',  ( -1.000000000000000000, 0.000000000000000000, 0.000000000000000000 ) ) ;
#932 = CARTESIAN_POINT ( 'NONE',  ( -35.00000000000000000, 0.000000000000000000, -23.00000000000000000 ) ) ;
#933 = ORIENTED_EDGE ( 'NONE', *, *, #1637, .F. ) ;
#934 = DIRECTION ( 'NONE',  ( -0.000000000000000000, -0.000000000000000000, 1.000000000000000000 ) ) ;
#935 = ORIENTED_EDGE ( 'NONE', *, *, #1536, .F. ) ;
#936 = EDGE_CURVE ( 'NONE', #1168, #888, #765, .T. ) ;
#937 = EDGE_CURVE ( 'NONE', #1627, #609, #848, .T. ) ;
#938 = DIRECTION ( 'NONE',  ( -1.175036694370783896E-16, -0.000000000000000000, -1.000000000000000000 ) ) ;
#939 = FACE_OUTER_BOUND ( 'NONE', #16, .T. ) ;
#940 = ORIENTED_EDGE ( 'NONE', *, *, #1973, .F. ) ;
#941 = DIRECTION ( 'NONE',  ( -0.000000000000000000, -0.000000000000000000, -1.000000000000000000 ) ) ;
#942 = CARTESIAN_POINT ( 'NONE',  ( 21.55746003896158314, 9.841641965748987531, -12.81911007318206863 ) ) ;
#943 = ORIENTED_EDGE ( 'NONE', *, *, #164, .T. ) ;
#944 = ADVANCED_FACE ( 'NONE', ( #742 ), #1929, .F. ) ;
#946 = CARTESIAN_POINT ( 'NONE',  ( 60.00000000000000000, -10.00000000000000000, 25.00000000000000000 ) ) ;
#945 = AXIS2_PLACEMENT_3D ( 'NONE', #1346, #1691, #1410 ) ;
#947 = VECTOR ( 'NONE', #504, 1000.000000000000000 ) ;
#948 = ORIENTED_EDGE ( 'NONE', *, *, #2073, .T. ) ;
#949 = DIRECTION ( 'NONE',  ( 0.000000000000000000, 0.000000000000000000, -1.000000000000000000 ) ) ;
#950 = EDGE_CURVE ( 'NONE', #571, #151, #2076, .T. ) ;
#951 = DIRECTION ( 'NONE',  ( 1.000000000000000000, 0.000000000000000000, 0.000000000000000000 ) ) ;
#952 = ORIENTED_EDGE ( 'NONE', *, *, #69, .F. ) ;
#953 = PERSON_AND_ORGANIZATION_ROLE ( 'design_owner' ) ;
#954 = LINE ( 'NONE', #774, #1032 ) ;
#955 = DIRECTION ( 'NONE',  ( -0.000000000000000000, 0.000000000000000000, 1.000000000000000000 ) ) ;
#956 = LINE ( 'NONE', #1486, #679 ) ;
#957 = VECTOR ( 'NONE', #1275, 1000.000000000000000 ) ;
#958 = ORIENTED_EDGE ( 'NONE', *, *, #1667, .F. ) ;
#959 = CARTESIAN_POINT ( 'NONE',  ( -15.49193338482968230, -3.999999999999999112, 23.00000000000000000 ) ) ;
#960 = CARTESIAN_POINT ( 'NONE',  ( 60.00000000000000000, -10.00000000000000000, 15.50000000000000000 ) ) ;
#961 = VECTOR ( 'NONE', #1205, 1000.000000000000000 ) ;
#962 = VERTEX_POINT ( 'NONE', #354 ) ;
#963 = DIRECTION ( 'NONE',  ( -0.000000000000000000, -0.000000000000000000, -1.000000000000000000 ) ) ;
#964 = AXIS2_PLACEMENT_3D ( 'NONE', #1313, #150, #18 ) ;
#965 = ORIENTED_EDGE ( 'NONE', *, *, #936, .T. ) ;
#966 = VECTOR ( 'NONE', #584, 1000.000000000000000 ) ;
#967 = AXIS2_PLACEMENT_3D ( 'NONE', #1748, #1251, #1584 ) ;
#968 = DIRECTION ( 'NONE',  ( 0.000000000000000000, 0.000000000000000000, 1.000000000000000000 ) ) ;
#969 = DIRECTION ( 'NONE',  ( -1.175036694370783896E-16, -0.000000000000000000, -1.000000000000000000 ) ) ;
#970 = ADVANCED_FACE ( 'NONE', ( #1923 ), #1792, .T. ) ;
#971 = ADVANCED_FACE ( 'NONE', ( #1304, #1943 ), #1131, .F. ) ;
#972 = DIRECTION ( 'NONE',  ( 0.000000000000000000, 0.000000000000000000, -1.000000000000000000 ) ) ;
#973 = LINE ( 'NONE', #309, #947 ) ;
#974 = CARTESIAN_POINT ( 'NONE',  ( 0.000000000000000000, 0.000000000000000000, 21.99999999999998579 ) ) ;
#975 = CARTESIAN_POINT ( 'NONE',  ( -35.00000000000000000, 0.000000000000000000, 22.99999999999996447 ) ) ;
#976 = ORIENTED_EDGE ( 'NONE', *, *, #1726, .T. ) ;
#977 = FACE_OUTER_BOUND ( 'NONE', #443, .T. ) ;
#978 = VERTEX_POINT ( 'NONE', #11 ) ;
#979 = DIRECTION ( 'NONE',  ( -1.000000000000000000, 0.000000000000000000, 0.000000000000000000 ) ) ;
#980 = CARTESIAN_POINT ( 'NONE',  ( -37.85714285714286831, 9.583148474999095612, -23.00000000000000000 ) ) ;
#981 = CARTESIAN_POINT ( 'NONE',  ( 23.58609691820148413, 8.767151265472442390, -14.89022303727321983 ) ) ;
#982 = ORIENTED_EDGE ( 'NONE', *, *, #668, .T. ) ;
#983 = EDGE_CURVE ( 'NONE', #861, #149, #209, .T. ) ;
#984 = DIRECTION ( 'NONE',  ( 1.000000000000000000, 0.000000000000000000, 0.000000000000000000 ) ) ;
#985 = DIRECTION ( 'NONE',  ( -0.000000000000000000, -0.000000000000000000, -1.000000000000000000 ) ) ;
#986 = AXIS2_PLACEMENT_3D ( 'NONE', #1553, #1720, #1399 ) ;
#987 = CARTESIAN_POINT ( 'NONE',  ( -37.85714285714286831, -9.583148474999095612, 15.50000000000000000 ) ) ;
#988 = ORIENTED_EDGE ( 'NONE', *, *, #718, .F. ) ;
#989 = EDGE_LOOP ( 'NONE', ( #1424, #1908, #574, #323 ) ) ;
#990 = CARTESIAN_POINT ( 'NONE',  ( 21.00000000000000000, -20.00000000000001066, 15.50000000000000000 ) ) ;
#991 = LINE ( 'NONE', #183, #1696 ) ;
#992 = PRODUCT_RELATED_PRODUCT_CATEGORY ( 'detail', '', ( #1186 ) ) ;
#993 = CARTESIAN_POINT ( 'NONE',  ( -35.00000000000000000, 0.000000000000000000, 15.50000000000000000 ) ) ;
#994 = ADVANCED_FACE ( 'NONE', ( #664, #1933 ), #810, .F. ) ;
#995 = AXIS2_PLACEMENT_3D ( 'NONE', #1298, #1476, #1927 ) ;
#996 = VERTEX_POINT ( 'NONE', #2088 ) ;
#997 = CARTESIAN_POINT ( 'NONE',  ( -14.45683229480096088, -3.999999999999998224, 23.00000000000000000 ) ) ;
#998 = APPROVAL_ROLE ( '' ) ;
#999 = ORIENTED_EDGE ( 'NONE', *, *, #1382, .T. ) ;
#1000 = VECTOR ( 'NONE', #1193, 999.9999999999998863 ) ;
#1001 = LINE ( 'NONE', #1494, #1223 ) ;
#1002 = ADVANCED_FACE ( 'NONE', ( #189, #306 ), #344, .T. ) ;
#1003 = VECTOR ( 'NONE', #1827, 1000.000000000000000 ) ;
#1004 = DIRECTION ( 'NONE',  ( -0.000000000000000000, -0.000000000000000000, -1.000000000000000000 ) ) ;
#1005 = FACE_OUTER_BOUND ( 'NONE', #1285, .T. ) ;
#1006 = VERTEX_POINT ( 'NONE', #1605 ) ;
#1007 = EDGE_CURVE ( 'NONE', #1825, #743, #215, .T. ) ;
#1008 = LINE ( 'NONE', #670, #1643 ) ;
#1009 = EDGE_LOOP ( 'NONE', ( #807, #1521 ) ) ;
#1010 = ORIENTED_EDGE ( 'NONE', *, *, #1609, .T. ) ;
#1011 = DIRECTION ( 'NONE',  ( 0.000000000000000000, 0.000000000000000000, 1.000000000000000000 ) ) ;
#1012 = ORIENTED_EDGE ( 'NONE', *, *, #883, .T. ) ;
#1013 = CARTESIAN_POINT ( 'NONE',  ( -14.45683229480096088, -3.999999999999998224, -22.00000000000001421 ) ) ;
#1014 = DIRECTION ( 'NONE',  ( 0.9583148474999100275, 0.2857142857142854764, 0.000000000000000000 ) ) ;
#1015 = EDGE_CURVE ( 'NONE', #978, #345, #412, .T. ) ;
#1016 = FACE_OUTER_BOUND ( 'NONE', #588, .T. ) ;
#1017 = EDGE_LOOP ( 'NONE', ( #958, #431, #1833, #32 ) ) ;
#1018 = CARTESIAN_POINT ( 'NONE',  ( 21.00000000000000000, -20.00000000000001066, -15.50000000000000000 ) ) ;
#1019 = AXIS2_PLACEMENT_3D ( 'NONE', #1956, #1485, #476 ) ;
#1020 = VECTOR ( 'NONE', #647, 1000.000000000000000 ) ;
#1021 = ORIENTED_EDGE ( 'NONE', *, *, #1260, .T. ) ;
#1022 = DIRECTION ( 'NONE',  ( 1.000000000000000000, 0.000000000000000000, 0.000000000000000000 ) ) ;
#1023 = VERTEX_POINT ( 'NONE', #1906 ) ;
#1024 = DIRECTION ( 'NONE',  ( -0.7071067811865531239, 8.659560562355001884E-17, 0.7071067811865420216 ) ) ;
#1025 = DIRECTION ( 'NONE',  ( -0.000000000000000000, -0.000000000000000000, -1.000000000000000000 ) ) ;
#1026 = DIRECTION ( 'NONE',  ( -1.000000000000000000, 0.000000000000000000, 0.000000000000000000 ) ) ;
#1027 = AXIS2_PLACEMENT_3D ( 'NONE', #359, #1467, #193 ) ;
#1028 = CARTESIAN_POINT ( 'NONE',  ( 52.99999999999999289, -10.00000000000000000, 21.50000000000000000 ) ) ;
#1029 = ORIENTED_EDGE ( 'NONE', *, *, #1587, .T. ) ;
#1030 = DIRECTION ( 'NONE',  ( 1.000000000000000000, 0.000000000000000000, -0.000000000000000000 ) ) ;
#1031 = CARTESIAN_POINT ( 'NONE',  ( -26.00000000000000355, -13.11826546799876247, -15.50000000000000000 ) ) ;
#1033 = EDGE_CURVE ( 'NONE', #962, #739, #179, .T. ) ;
#1032 = VECTOR ( 'NONE', #1471, 1000.000000000000000 ) ;
#1034 = DIRECTION ( 'NONE',  ( -1.175036694370783896E-16, -0.000000000000000000, -1.000000000000000000 ) ) ;
#1035 = AXIS2_PLACEMENT_3D ( 'NONE', #78, #2004, #561 ) ;
#1036 = FACE_OUTER_BOUND ( 'NONE', #651, .T. ) ;
#1037 = ORIENTED_EDGE ( 'NONE', *, *, #195, .T. ) ;
#1038 = DIRECTION ( 'NONE',  ( -0.000000000000000000, -0.000000000000000000, -1.000000000000000000 ) ) ;
#1039 = EDGE_CURVE ( 'NONE', #203, #1704, #711, .T. ) ;
#1040 = CARTESIAN_POINT ( 'NONE',  ( -31.75000000000000711, 3.980102097228901683E-16, -32.13290929250831596 ) ) ;
#1041 = ADVANCED_BREP_SHAPE_REPRESENTATION ( 'Bauteil_C', ( #130, #2012 ), #834 ) ;
#1042 = CARTESIAN_POINT ( 'NONE',  ( -5.714285714285711748, 19.16629694999818767, -23.00000000000000000 ) ) ;
#1043 = CARTESIAN_POINT ( 'NONE',  ( 21.00000000000000000, -20.00000000000001066, 10.49999999999999822 ) ) ;
#1044 = ADVANCED_FACE ( 'NONE', ( #822, #1472 ), #1158, .F. ) ;
#1045 = ORIENTED_EDGE ( 'NONE', *, *, #1356, .F. ) ;
#1046 = DIRECTION ( 'NONE',  ( -0.000000000000000000, -0.000000000000000000, -1.000000000000000000 ) ) ;
#1047 = ORIENTED_EDGE ( 'NONE', *, *, #2003, .T. ) ;
#1048 = AXIS2_PLACEMENT_3D ( 'NONE', #990, #955, #22 ) ;
#1049 = CARTESIAN_POINT ( 'NONE',  ( 70.00000000000000000, -9.999999999999998224, -25.00000000000000000 ) ) ;
#1050 = ORIENTED_EDGE ( 'NONE', *, *, #813, .F. ) ;
#1051 = ORIENTED_EDGE ( 'NONE', *, *, #74, .F. ) ;
#1052 = AXIS2_PLACEMENT_3D ( 'NONE', #2015, #705, #406 ) ;
#1053 = CARTESIAN_POINT ( 'NONE',  ( -35.00000000000000000, 0.000000000000000000, 15.50000000000000000 ) ) ;
#1054 = DIRECTION ( 'NONE',  ( -1.000000000000000000, 0.000000000000000000, 0.000000000000000000 ) ) ;
#1055 = CC_DESIGN_PERSON_AND_ORGANIZATION_ASSIGNMENT ( #1302, #1145, ( #403 ) ) ;
#1056 = CYLINDRICAL_SURFACE ( 'NONE', #1647, 5.000000000000000888 ) ;
#1057 = ORIENTED_EDGE ( 'NONE', *, *, #1071, .T. ) ;
#1058 = EDGE_CURVE ( 'NONE', #1816, #1168, #349, .T. ) ;
#1059 = DIRECTION ( 'NONE',  ( -0.000000000000000000, -0.000000000000000000, -1.000000000000000000 ) ) ;
#1060 = ORIENTED_EDGE ( 'NONE', *, *, #659, .F. ) ;
#1061 = EDGE_LOOP ( 'NONE', ( #1550, #1119, #1010, #853 ) ) ;
#1062 = VECTOR ( 'NONE', #1355, 1000.000000000000000 ) ;
#1063 = DIRECTION ( 'NONE',  ( 1.000000000000000000, 0.000000000000000000, 0.000000000000000000 ) ) ;
#1064 = CYLINDRICAL_SURFACE ( 'NONE', #986, 5.000000000000004441 ) ;
#1065 = VERTEX_POINT ( 'NONE', #41 ) ;
#1066 = VECTOR ( 'NONE', #662, 1000.000000000000000 ) ;
#1067 = DIRECTION ( 'NONE',  ( -1.000000000000000000, 0.000000000000000000, 0.000000000000000000 ) ) ;
#1068 = AXIS2_PLACEMENT_3D ( 'NONE', #1552, #420, #751 ) ;
#1069 = CARTESIAN_POINT ( 'NONE',  ( -14.45683229480095910, 4.000000000000001776, 21.99999999999998579 ) ) ;
#1070 = EDGE_CURVE ( 'NONE', #677, #303, #1526, .T. ) ;
#1071 = EDGE_CURVE ( 'NONE', #1102, #471, #404, .T. ) ;
#1072 = CARTESIAN_POINT ( 'NONE',  ( -37.85714285714286831, 9.583148474999095612, -23.00000000000000000 ) ) ;
#1073 = ORIENTED_EDGE ( 'NONE', *, *, #537, .F. ) ;
#1074 = ORIENTED_EDGE ( 'NONE', *, *, #1794, .T. ) ;
#1075 = CARTESIAN_POINT ( 'NONE',  ( 60.00000000000000000, -10.00000000000000000, -25.00000000000000000 ) ) ;
#1076 = DIRECTION ( 'NONE',  ( -0.000000000000000000, -0.000000000000000000, -1.000000000000000000 ) ) ;
#1077 = EDGE_LOOP ( 'NONE', ( #1872, #393, #1621, #768 ) ) ;
#1078 = ADVANCED_FACE ( 'NONE', ( #1207, #50, #392 ), #550, .F. ) ;
#1079 = DIRECTION ( 'NONE',  ( 0.000000000000000000, 0.000000000000000000, -1.000000000000000000 ) ) ;
#1080 = ORIENTED_EDGE ( 'NONE', *, *, #1821, .T. ) ;
#1081 = ORIENTED_EDGE ( 'NONE', *, *, #1750, .F. ) ;
#1082 = CARTESIAN_POINT ( 'NONE',  ( 21.49170208043402752, 9.877841318680147253, 12.66895395445331829 ) ) ;
#1083 = DIRECTION ( 'NONE',  ( 1.000000000000000000, 0.000000000000000000, 0.000000000000000000 ) ) ;
#1084 = CARTESIAN_POINT ( 'NONE',  ( -21.00000000000000000, 14.60897745299861938, 10.50000000000000178 ) ) ;
#1085 = ORIENTED_EDGE ( 'NONE', *, *, #313, .F. ) ;
#1086 = CIRCLE ( 'NONE', #1258, 16.00000000000001421 ) ;
#1087 = FACE_BOUND ( 'NONE', #1551, .T. ) ;
#1088 = ORIENTED_EDGE ( 'NONE', *, *, #1573, .T. ) ;
#1089 = EDGE_LOOP ( 'NONE', ( #549, #1155, #1925, #988, #430 ) ) ;
#1090 = EDGE_CURVE ( 'NONE', #605, #1648, #1179, .T. ) ;
#1091 = CARTESIAN_POINT ( 'NONE',  ( 23.58492815183622326, 8.767753710865914485, 14.88949127017673746 ) ) ;
#1092 = CARTESIAN_POINT ( 'NONE',  ( -14.45683229480096088, -3.999999999999998224, -23.00000000000000000 ) ) ;
#1093 = CARTESIAN_POINT ( 'NONE',  ( -35.00000000000000711, 0.000000000000000000, -32.13290929250831596 ) ) ;
#1094 = EDGE_LOOP ( 'NONE', ( #1722, #1111, #422, #314 ) ) ;
#1095 = ORIENTED_EDGE ( 'NONE', *, *, #62, .T. ) ;
#1096 = EDGE_CURVE ( 'NONE', #390, #1113, #445, .T. ) ;
#1097 = DIRECTION ( 'NONE',  ( -1.175036694370783896E-16, -0.000000000000000000, -1.000000000000000000 ) ) ;
#1098 = ORIENTED_EDGE ( 'NONE', *, *, #695, .F. ) ;
#1099 = AXIS2_PLACEMENT_3D ( 'NONE', #839, #380, #697 ) ;
#1100 = CARTESIAN_POINT ( 'NONE',  ( 60.00000000000002132, 1.387778780781445676E-14, 23.00000000000000000 ) ) ;
#1101 = AXIS2_PLACEMENT_3D ( 'NONE', #1286, #531, #1762 ) ;
#1102 = VERTEX_POINT ( 'NONE', #1656 ) ;
#1103 = EDGE_CURVE ( 'NONE', #146, #583, #1161, .T. ) ;
#1104 = DIRECTION ( 'NONE',  ( -0.000000000000000000, -0.000000000000000000, -1.000000000000000000 ) ) ;
#1105 = DATE_AND_TIME ( #462, #538 ) ;
#1106 = CARTESIAN_POINT ( 'NONE',  ( -31.25000000000002132, 4.592425496802560167E-16, -20.99999999999996447 ) ) ;
#1107 = CARTESIAN_POINT ( 'NONE',  ( 21.28557164618720776, 9.991306840109601239, -12.19958763637644950 ) ) ;
#1108 = ORIENTED_EDGE ( 'NONE', *, *, #1641, .F. ) ;
#1109 = FACE_OUTER_BOUND ( 'NONE', #1960, .T. ) ;
#1110 = EDGE_CURVE ( 'NONE', #1541, #1427, #1970, .T. ) ;
#1111 = ORIENTED_EDGE ( 'NONE', *, *, #1996, .T. ) ;
#1112 =( BOUNDED_CURVE ( )  B_SPLINE_CURVE ( 3, ( #1802, #557, #365, #375 ),
 .UNSPECIFIED., .F., .F. ) 
 B_SPLINE_CURVE_WITH_KNOTS ( ( 4, 4 ),
 ( 1.570796326794896558, 3.141592653589794892 ),
 .UNSPECIFIED. ) 
 CURVE ( )  GEOMETRIC_REPRESENTATION_ITEM ( )  RATIONAL_B_SPLINE_CURVE ( ( 1.000000000000000000, 0.8047378541243646044, 0.8047378541243646044, 1.000000000000000000 ) ) 
 REPRESENTATION_ITEM ( '' )  );
#1113 = VERTEX_POINT ( 'NONE', #881 ) ;
#1114 = ORIENTED_EDGE ( 'NONE', *, *, #177, .F. ) ;
#1115 = CARTESIAN_POINT ( 'NONE',  ( -40.00000000000000711, 0.000000000000000000, 20.99999999999996447 ) ) ;
#1116 = VERTEX_POINT ( 'NONE', #530 ) ;
#1117 = DIRECTION ( 'NONE',  ( -0.000000000000000000, 0.000000000000000000, 1.000000000000000000 ) ) ;
#1118 = CARTESIAN_POINT ( 'NONE',  ( 21.72308171910314556, 9.750975125611887506, -13.11141018795461832 ) ) ;
#1119 = ORIENTED_EDGE ( 'NONE', *, *, #391, .T. ) ;
#1121 = DIRECTION ( 'NONE',  ( -1.000000000000000000, 0.000000000000000000, 0.000000000000000000 ) ) ;
#1120 = AXIS2_PLACEMENT_3D ( 'NONE', #1326, #1334, #1030 ) ;
#1122 = CIRCLE ( 'NONE', #1758, 5.000000000000004441 ) ;
#1123 = ORIENTED_EDGE ( 'NONE', *, *, #1687, .F. ) ;
#1124 = CARTESIAN_POINT ( 'NONE',  ( -20.99999999999999645, -14.60897745299862116, -13.42893218813451739 ) ) ;
#1125 = DIRECTION ( 'NONE',  ( 1.000000000000000000, 0.000000000000000000, 0.000000000000000000 ) ) ;
#1126 = EDGE_CURVE ( 'NONE', #1340, #447, #872, .T. ) ;
#1127 = ORIENTED_EDGE ( 'NONE', *, *, #1518, .F. ) ;
#1128 = PLANE ( 'NONE',  #629 ) ;
#1129 = ORIENTED_EDGE ( 'NONE', *, *, #1232, .F. ) ;
#1130 = DIRECTION ( 'NONE',  ( -0.000000000000000000, -0.000000000000000000, -1.000000000000000000 ) ) ;
#1131 = PLANE ( 'NONE',  #1993 ) ;
#1132 = EDGE_LOOP ( 'NONE', ( #1791, #248, #1157, #1129, #1765, #1595, #1279, #1085, #233, #1045 ) ) ;
#1133 = LINE ( 'NONE', #1796, #1662 ) ;
#1134 = ADVANCED_FACE ( 'NONE', ( #709 ), #688, .T. ) ;
#1135 = LINE ( 'NONE', #1682, #760 ) ;
#1136 = FACE_OUTER_BOUND ( 'NONE', #740, .T. ) ;
#1137 = AXIS2_PLACEMENT_3D ( 'NONE', #1939, #963, #771 ) ;
#1138 = ORIENTED_EDGE ( 'NONE', *, *, #1096, .T. ) ;
#1139 = ORIENTED_EDGE ( 'NONE', *, *, #205, .T. ) ;
#1140 = DIRECTION ( 'NONE',  ( -0.000000000000000000, -0.000000000000000000, -1.000000000000000000 ) ) ;
#1142 = EDGE_CURVE ( 'NONE', #1648, #1340, #1112, .T. ) ;
#1141 = AXIS2_PLACEMENT_3D ( 'NONE', #262, #1852, #1255 ) ;
#1143 = EDGE_LOOP ( 'NONE', ( #2027, #816 ) ) ;
#1144 = CONICAL_SURFACE ( 'NONE', #1315, 4.000000000000003553, 0.7853981633974346233 ) ;
#1145 = PERSON_AND_ORGANIZATION_ROLE ( 'creator' ) ;
#1146 = CARTESIAN_POINT ( 'NONE',  ( 49.99999999999998579, -10.00000000000000000, 23.00000000000000000 ) ) ;
#1147 = SECURITY_CLASSIFICATION ( '', '', #698 ) ;
#1148 = CARTESIAN_POINT ( 'NONE',  ( 21.03652060743866414, 10.12973550627618380, -11.19439357875103980 ) ) ;
#1149 = EDGE_LOOP ( 'NONE', ( #1021, #176, #2011, #1271, #1987, #364 ) ) ;
#1150 = CARTESIAN_POINT ( 'NONE',  ( -38.25000000000000711, 0.000000000000000000, 20.49999999999998224 ) ) ;
#1151 = EDGE_LOOP ( 'NONE', ( #1236, #1657, #1708, #1743 ) ) ;
#1152 = CARTESIAN_POINT ( 'NONE',  ( -30.00000000000001066, 6.123233995736766282E-16, -20.99999999999996447 ) ) ;
#1153 = VERTEX_POINT ( 'NONE', #521 ) ;
#1154 = FACE_OUTER_BOUND ( 'NONE', #30, .T. ) ;
#1155 = ORIENTED_EDGE ( 'NONE', *, *, #913, .T. ) ;
#1156 = APPROVAL_DATE_TIME ( #216, #1764 ) ;
#1157 = ORIENTED_EDGE ( 'NONE', *, *, #726, .F. ) ;
#1158 = PLANE ( 'NONE',  #1386 ) ;
#1159 = ORIENTED_EDGE ( 'NONE', *, *, #1142, .T. ) ;
#1160 = CARTESIAN_POINT ( 'NONE',  ( -37.85714285714286831, 9.583148474999095612, 23.00000000000000000 ) ) ;
#1161 = CIRCLE ( 'NONE', #1793, 4.999999999999997335 ) ;
#1162 = CARTESIAN_POINT ( 'NONE',  ( 59.99999999999978684, 79.99999999999938893, -23.00000000000000000 ) ) ;
#1163 = AXIS2_PLACEMENT_3D ( 'NONE', #667, #1640, #346 ) ;
#1164 = EDGE_LOOP ( 'NONE', ( #2009, #927 ) ) ;
#1165 = CARTESIAN_POINT ( 'NONE',  ( 60.00000000000000000, -10.00000000000000000, 23.00000000000000000 ) ) ;
#1166 = EDGE_CURVE ( 'NONE', #1704, #770, #1001, .T. ) ;
#1167 = VERTEX_POINT ( 'NONE', #1998 ) ;
#1168 = VERTEX_POINT ( 'NONE', #1815 ) ;
#1169 = CARTESIAN_POINT ( 'NONE',  ( -21.00000000000000000, -14.60897745299861938, -10.49999999999999822 ) ) ;
#1170 = DIRECTION ( 'NONE',  ( 0.000000000000000000, 0.000000000000000000, -1.000000000000000000 ) ) ;
#1171 = EDGE_CURVE ( 'NONE', #1429, #1216, #1612, .T. ) ;
#1172 = CARTESIAN_POINT ( 'NONE',  ( -21.00000000000000000, -14.60897745299861938, 23.00000000000000000 ) ) ;
#1173 = AXIS2_PLACEMENT_3D ( 'NONE', #993, #1642, #1125 ) ;
#1174 = ORIENTED_EDGE ( 'NONE', *, *, #1206, .F. ) ;
#1175 = PLANE ( 'NONE',  #1372 ) ;
#1176 = CIRCLE ( 'NONE', #55, 4.999999999999997335 ) ;
#1177 = EDGE_CURVE ( 'NONE', #1319, #2034, #226, .T. ) ;
#1178 = ORIENTED_EDGE ( 'NONE', *, *, #1321, .T. ) ;
#1179 = LINE ( 'NONE', #842, #102 ) ;
#1180 = DIRECTION ( 'NONE',  ( -0.000000000000000000, -0.000000000000000000, -1.000000000000000000 ) ) ;
#1181 = AXIS2_PLACEMENT_3D ( 'NONE', #1238, #1248, #1227 ) ;
#1182 = DIRECTION ( 'NONE',  ( 0.000000000000000000, -1.000000000000000000, -0.000000000000000000 ) ) ;
#1183 = DIRECTION ( 'NONE',  ( 0.000000000000000000, 0.000000000000000000, -1.000000000000000000 ) ) ;
#1184 = ORIENTED_EDGE ( 'NONE', *, *, #1417, .T. ) ;
#1185 = CARTESIAN_POINT ( 'NONE',  ( -35.00000000000000711, 0.000000000000000000, -32.13290929250831596 ) ) ;
#1186 = PRODUCT ( 'Bauteil_C', 'Bauteil_C', '', ( #1894 ) ) ;
#1187 = ORIENTED_EDGE ( 'NONE', *, *, #357, .F. ) ;
#1188 = EDGE_LOOP ( 'NONE', ( #288, #1351, #136, #107 ) ) ;
#1189 = CARTESIAN_POINT ( 'NONE',  ( -35.00000000000000000, 0.000000000000000000, 20.99999999999996447 ) ) ;
#1190 = CARTESIAN_POINT ( 'NONE',  ( 21.00000000000000355, 10.15016105959869108, -10.50000000000000178 ) ) ;
#1191 = CARTESIAN_POINT ( 'NONE',  ( -35.00000000000000000, 0.000000000000000000, 22.99999999999996447 ) ) ;
#1192 = CYLINDRICAL_SURFACE ( 'NONE', #1681, 3.249999999999996003 ) ;
#1193 = DIRECTION ( 'NONE',  ( 0.9583148474999100275, -0.2857142857142854764, 0.000000000000000000 ) ) ;
#1194 = VECTOR ( 'NONE', #596, 1000.000000000000000 ) ;
#1195 = EDGE_CURVE ( 'NONE', #586, #1225, #218, .T. ) ;
#1196 = ADVANCED_FACE ( 'NONE', ( #64 ), #1732, .T. ) ;
#1197 = VERTEX_POINT ( 'NONE', #1707 ) ;
#1198 = CARTESIAN_POINT ( 'NONE',  ( 60.00000000000000000, -10.00000000000000000, -25.00000000000000000 ) ) ;
#1199 = EDGE_LOOP ( 'NONE', ( #1854, #781 ) ) ;
#1200 = DIRECTION ( 'NONE',  ( -0.000000000000000000, -0.000000000000000000, -1.000000000000000000 ) ) ;
#1201 = FACE_OUTER_BOUND ( 'NONE', #1017, .T. ) ;
#1202 = EDGE_CURVE ( 'NONE', #2067, #978, #290, .T. ) ;
#1203 = DIRECTION ( 'NONE',  ( 0.7071067811865474617, 0.000000000000000000, 0.7071067811865474617 ) ) ;
#1204 = VECTOR ( 'NONE', #1652, 1000.000000000000000 ) ;
#1205 = DIRECTION ( 'NONE',  ( -0.000000000000000000, 0.000000000000000000, 1.000000000000000000 ) ) ;
#1206 = EDGE_CURVE ( 'NONE', #1168, #1600, #1241, .T. ) ;
#1207 = FACE_BOUND ( 'NONE', #326, .T. ) ;
#1208 = ORIENTED_EDGE ( 'NONE', *, *, #171, .T. ) ;
#1209 = UNCERTAINTY_MEASURE_WITH_UNIT (LENGTH_MEASURE( 1.000000000000000082E-05 ), #2049, 'distance_accuracy_value', 'NONE');
#1210 = CARTESIAN_POINT ( 'NONE',  ( -45.00000000000000000, 0.000000000000000000, 23.00000000000000000 ) ) ;
#1211 = LINE ( 'NONE', #378, #1389 ) ;
#1212 = CIRCLE ( 'NONE', #296, 10.00000000000000888 ) ;
#1213 = ORIENTED_EDGE ( 'NONE', *, *, #617, .F. ) ;
#1214 = CARTESIAN_POINT ( 'NONE',  ( -21.00000000000000000, -14.60897745299862116, 13.42893218813452272 ) ) ;
#1215 = CARTESIAN_POINT ( 'NONE',  ( -15.14727133402314685, -3.999999999999999112, -22.66628240428916641 ) ) ;
#1216 = VERTEX_POINT ( 'NONE', #1049 ) ;
#1217 = ORIENTED_EDGE ( 'NONE', *, *, #1518, .T. ) ;
#1218 = CARTESIAN_POINT ( 'NONE',  ( -35.00000000000000000, 0.000000000000000000, 20.49999999999998224 ) ) ;
#1219 = FACE_OUTER_BOUND ( 'NONE', #1513, .T. ) ;
#1220 = ADVANCED_FACE ( 'NONE', ( #1224 ), #1810, .F. ) ;
#1221 = DIRECTION ( 'NONE',  ( -1.175036694370783896E-16, -0.000000000000000000, -1.000000000000000000 ) ) ;
#1222 = ORIENTED_EDGE ( 'NONE', *, *, #236, .F. ) ;
#1223 = VECTOR ( 'NONE', #1360, 1000.000000000000000 ) ;
#1224 = FACE_OUTER_BOUND ( 'NONE', #308, .T. ) ;
#1225 = VERTEX_POINT ( 'NONE', #1408 ) ;
#1226 = CIRCLE ( 'NONE', #1052, 19.99999999999999645 ) ;
#1227 = DIRECTION ( 'NONE',  ( -1.000000000000000000, 0.000000000000000000, 0.000000000000000000 ) ) ;
#1228 = CARTESIAN_POINT ( 'NONE',  ( -15.14727133402314685, 3.999999999999998224, -22.66628240428916286 ) ) ;
#1229 = ORIENTED_EDGE ( 'NONE', *, *, #1786, .F. ) ;
#1230 = CARTESIAN_POINT ( 'NONE',  ( 0.000000000000000000, 0.000000000000000000, -22.00000000000001421 ) ) ;
#1231 = EDGE_CURVE ( 'NONE', #2034, #1319, #56, .T. ) ;
#1232 = EDGE_CURVE ( 'NONE', #609, #1197, #1537, .T. ) ;
#1233 = VERTEX_POINT ( 'NONE', #1566 ) ;
#1234 = CARTESIAN_POINT ( 'NONE',  ( 24.75173250682910364, 8.180811152837504707, 15.38314037830032177 ) ) ;
#1235 = EDGE_LOOP ( 'NONE', ( #1229, #39, #1742, #456 ) ) ;
#1236 = ORIENTED_EDGE ( 'NONE', *, *, #936, .F. ) ;
#1237 = EDGE_CURVE ( 'NONE', #891, #571, #1274, .T. ) ;
#1238 = CARTESIAN_POINT ( 'NONE',  ( 59.99999999999978684, 79.99999999999938893, 23.00000000000000000 ) ) ;
#1239 = CARTESIAN_POINT ( 'NONE',  ( 21.00000000000000355, 10.15016105959869108, 10.49999999999999822 ) ) ;
#1240 = FACE_BOUND ( 'NONE', #1089, .T. ) ;
#1241 = CIRCLE ( 'NONE', #867, 15.00000000000000000 ) ;
#1242 = AXIS2_PLACEMENT_3D ( 'NONE', #1711, #266, #568 ) ;
#1243 = CIRCLE ( 'NONE', #1514, 3.250000000000002665 ) ;
#1244 = ORIENTED_EDGE ( 'NONE', *, *, #745, .T. ) ;
#1245 = DIRECTION ( 'NONE',  ( -1.000000000000000000, 0.000000000000000000, 0.000000000000000000 ) ) ;
#1246 = AXIS2_PLACEMENT_3D ( 'NONE', #621, #1272, #436 ) ;
#1247 = CARTESIAN_POINT ( 'NONE',  ( 23.86597365151435923, 8.624645697337680161, 15.03285114096443209 ) ) ;
#1248 = DIRECTION ( 'NONE',  ( -0.000000000000000000, -0.000000000000000000, -1.000000000000000000 ) ) ;
#1249 = DIRECTION ( 'NONE',  ( 0.000000000000000000, 0.000000000000000000, -1.000000000000000000 ) ) ;
#1250 = VERTEX_POINT ( 'NONE', #594 ) ;
#1251 = DIRECTION ( 'NONE',  ( -1.175036694370783896E-16, -0.000000000000000000, -1.000000000000000000 ) ) ;
#1252 = EDGE_CURVE ( 'NONE', #793, #1898, #1511, .T. ) ;
#1253 = ORIENTED_EDGE ( 'NONE', *, *, #671, .F. ) ;
#1254 = ORIENTED_EDGE ( 'NONE', *, *, #446, .F. ) ;
#1255 = DIRECTION ( 'NONE',  ( -1.000000000000000000, 0.000000000000000000, 0.000000000000000000 ) ) ;
#1256 = EDGE_CURVE ( 'NONE', #1023, #830, #270, .T. ) ;
#1257 = LINE ( 'NONE', #1856, #1194 ) ;
#1258 = AXIS2_PLACEMENT_3D ( 'NONE', #2050, #775, #1735 ) ;
#1259 = FACE_OUTER_BOUND ( 'NONE', #776, .T. ) ;
#1260 = EDGE_CURVE ( 'NONE', #1816, #1776, #573, .T. ) ;
#1261 = ORIENTED_EDGE ( 'NONE', *, *, #221, .T. ) ;
#1262 = CARTESIAN_POINT ( 'NONE',  ( -35.00000000000000000, 0.000000000000000000, 20.99999999999996447 ) ) ;
#1263 = DIRECTION ( 'NONE',  ( -0.000000000000000000, -0.000000000000000000, -1.000000000000000000 ) ) ;
#1264 = VERTEX_POINT ( 'NONE', #2036 ) ;
#1265 = COORDINATED_UNIVERSAL_TIME_OFFSET ( 1, 0, .AHEAD. ) ;
#1266 = ADVANCED_FACE ( 'NONE', ( #1558 ), #114, .F. ) ;
#1267 = DIRECTION ( 'NONE',  ( 1.000000000000000000, 0.000000000000000000, 0.000000000000000000 ) ) ;
#1268 = AXIS2_PLACEMENT_3D ( 'NONE', #1262, #938, #1245 ) ;
#1269 = CARTESIAN_POINT ( 'NONE',  ( 22.79255832963266215, 9.178556240962560508, -14.34930495582566401 ) ) ;
#1270 = VERTEX_POINT ( 'NONE', #719 ) ;
#1271 = ORIENTED_EDGE ( 'NONE', *, *, #784, .F. ) ;
#1272 = DIRECTION ( 'NONE',  ( 0.000000000000000000, 0.000000000000000000, 1.000000000000000000 ) ) ;
#1273 = AXIS2_PLACEMENT_3D ( 'NONE', #319, #1460, #931 ) ;
#1274 = CIRCLE ( 'NONE', #759, 16.00000000000000000 ) ;
#1275 = DIRECTION ( 'NONE',  ( 0.000000000000000000, 1.000000000000000000, -0.000000000000000000 ) ) ;
#1276 = AXIS2_PLACEMENT_3D ( 'NONE', #279, #920, #1567 ) ;
#1277 = ORIENTED_EDGE ( 'NONE', *, *, #850, .F. ) ;
#1278 = CYLINDRICAL_SURFACE ( 'NONE', #691, 10.00000000000000888 ) ;
#1279 = ORIENTED_EDGE ( 'NONE', *, *, #1695, .F. ) ;
#1280 = CARTESIAN_POINT ( 'NONE',  ( 60.00000000000000000, -20.00000000000001066, -15.50000000000000000 ) ) ;
#1281 = DIRECTION ( 'NONE',  ( -1.175036694370783896E-16, -0.000000000000000000, -1.000000000000000000 ) ) ;
#1282 = CARTESIAN_POINT ( 'NONE',  ( 20.99999999999999645, 10.15016105959868931, -10.85088742340608903 ) ) ;
#1283 = DIRECTION ( 'NONE',  ( -0.000000000000000000, -0.000000000000000000, -1.000000000000000000 ) ) ;
#1284 = EDGE_CURVE ( 'NONE', #1776, #891, #1572, .T. ) ;
#1285 = EDGE_LOOP ( 'NONE', ( #458, #1969 ) ) ;
#1286 = CARTESIAN_POINT ( 'NONE',  ( 60.00000000000000000, -10.00000000000000000, -21.00000000000001066 ) ) ;
#1287 = DIRECTION ( 'NONE',  ( -0.000000000000000000, -0.000000000000000000, 1.000000000000000000 ) ) ;
#1288 = VERTEX_POINT ( 'NONE', #1072 ) ;
#1289 = DIRECTION ( 'NONE',  ( 0.000000000000000000, 0.000000000000000000, -1.000000000000000000 ) ) ;
#1290 = ADVANCED_FACE ( 'NONE', ( #1419, #1154 ), #1928, .F. ) ;
#1291 = DIRECTION ( 'NONE',  ( 1.000000000000000000, 0.000000000000000000, 0.000000000000000000 ) ) ;
#1292 = CARTESIAN_POINT ( 'NONE',  ( -14.45683229480096088, 3.999999999999998224, -23.00000000000000000 ) ) ;
#1294 = FACE_OUTER_BOUND ( 'NONE', #529, .T. ) ;
#1293 = AXIS2_PLACEMENT_3D ( 'NONE', #1982, #1668, #1352 ) ;
#1295 = VECTOR ( 'NONE', #553, 1000.000000000000000 ) ;
#1296 = CARTESIAN_POINT ( 'NONE',  ( -14.45683229480096088, -3.999999999999998224, 21.99999999999998579 ) ) ;
#1297 = EDGE_CURVE ( 'NONE', #996, #1023, #2077, .T. ) ;
#1298 = CARTESIAN_POINT ( 'NONE',  ( 26.00000000000000355, -20.00000000000000000, -10.49999999999999822 ) ) ;
#1299 = VERTEX_POINT ( 'NONE', #1115 ) ;
#1300 = CARTESIAN_POINT ( 'NONE',  ( 59.99999999999978684, 79.99999999999938893, 15.50000000000000000 ) ) ;
#1301 = ORIENTED_EDGE ( 'NONE', *, *, #569, .F. ) ;
#1302 = PERSON_AND_ORGANIZATION ( #1418, #729 ) ;
#1303 = DIRECTION ( 'NONE',  ( 0.000000000000000000, 0.000000000000000000, 1.000000000000000000 ) ) ;
#1304 = FACE_BOUND ( 'NONE', #1709, .T. ) ;
#1305 = EDGE_LOOP ( 'NONE', ( #307, #1138 ) ) ;
#1306 = EDGE_CURVE ( 'NONE', #1250, #376, #592, .T. ) ;
#1307 = CIRCLE ( 'NONE', #285, 19.99999999999998934 ) ;
#1308 = DIRECTION ( 'NONE',  ( -0.9583148474999100275, -0.2857142857142854764, -0.000000000000000000 ) ) ;
#1309 = CARTESIAN_POINT ( 'NONE',  ( 0.000000000000000000, 0.000000000000000000, 23.00000000000000000 ) ) ;
#1310 = CARTESIAN_POINT ( 'NONE',  ( 59.99999999999999289, 1.387778780781445676E-14, 23.00000000000000000 ) ) ;
#1311 = CIRCLE ( 'NONE', #1477, 4.499999999999976019 ) ;
#1312 = ORIENTED_EDGE ( 'NONE', *, *, #695, .T. ) ;
#1313 = CARTESIAN_POINT ( 'NONE',  ( 0.000000000000000000, 0.000000000000000000, 23.00000000000000000 ) ) ;
#1314 = ORIENTED_EDGE ( 'NONE', *, *, #1654, .T. ) ;
#1315 = AXIS2_PLACEMENT_3D ( 'NONE', #98, #595, #441 ) ;
#1316 = CONICAL_SURFACE ( 'NONE', #666, 16.00000000000000000, 0.7853981633974552734 ) ;
#1317 = CARTESIAN_POINT ( 'NONE',  ( -35.00000000000000000, 0.000000000000000000, 20.99999999999996447 ) ) ;
#1318 = DIRECTION ( 'NONE',  ( 0.000000000000000000, 0.000000000000000000, 1.000000000000000000 ) ) ;
#1319 = VERTEX_POINT ( 'NONE', #783 ) ;
#1320 = CYLINDRICAL_SURFACE ( 'NONE', #2058, 3.250000000000002665 ) ;
#1321 = EDGE_CURVE ( 'NONE', #149, #1116, #652, .T. ) ;
#1322 = CARTESIAN_POINT ( 'NONE',  ( 60.00000000000000000, -10.00000000000000000, 21.00000000000002487 ) ) ;
#1323 = LINE ( 'NONE', #1959, #500 ) ;
#1324 = ORIENTED_EDGE ( 'NONE', *, *, #625, .T. ) ;
#1325 = ADVANCED_FACE ( 'NONE', ( #316 ), #818, .F. ) ;
#1326 = CARTESIAN_POINT ( 'NONE',  ( 0.000000000000000000, 0.000000000000000000, -23.00000000000000000 ) ) ;
#1327 = CARTESIAN_POINT ( 'NONE',  ( -35.00000000000000711, 0.000000000000000000, -20.49999999999996447 ) ) ;
#1328 = AXIS2_PLACEMENT_3D ( 'NONE', #1989, #1962, #1843 ) ;
#1329 = LINE ( 'NONE', #826, #622 ) ;
#1330 = ADVANCED_FACE ( 'NONE', ( #977 ), #1128, .F. ) ;
#1331 = EDGE_LOOP ( 'NONE', ( #1468, #1449, #811, #916, #1074, #1438 ) ) ;
#1332 = LINE ( 'NONE', #1799, #961 ) ;
#1333 = ORIENTED_EDGE ( 'NONE', *, *, #1110, .F. ) ;
#1334 = DIRECTION ( 'NONE',  ( 0.000000000000000000, 0.000000000000000000, 1.000000000000000000 ) ) ;
#1335 = EDGE_CURVE ( 'NONE', #903, #170, #1712, .T. ) ;
#1336 = DIRECTION ( 'NONE',  ( -0.000000000000000000, -0.000000000000000000, -1.000000000000000000 ) ) ;
#1337 = LINE ( 'NONE', #1820, #1740 ) ;
#1338 = AXIS2_PLACEMENT_3D ( 'NONE', #276, #1882, #133 ) ;
#1339 = CARTESIAN_POINT ( 'NONE',  ( 60.00000000000000000, -10.00000000000000000, -15.50000000000000000 ) ) ;
#1340 = VERTEX_POINT ( 'NONE', #642 ) ;
#1341 = VECTOR ( 'NONE', #417, 1000.000000000000000 ) ;
#1342 = DIRECTION ( 'NONE',  ( 1.000000000000000000, 0.000000000000000000, 0.000000000000000000 ) ) ;
#1343 = LINE ( 'NONE', #1515, #1003 ) ;
#1344 = ORIENTED_EDGE ( 'NONE', *, *, #1058, .T. ) ;
#1345 = LOCAL_TIME ( 14, 25, 17.00000000000000000, #167 ) ;
#1346 = CARTESIAN_POINT ( 'NONE',  ( 60.00000000000000000, -10.00000000000000000, -36.57117203369102043 ) ) ;
#1347 = DIRECTION ( 'NONE',  ( 0.000000000000000000, 0.000000000000000000, -1.000000000000000000 ) ) ;
#1348 = ADVANCED_FACE ( 'NONE', ( #339 ), #1448, .F. ) ;
#1349 = LINE ( 'NONE', #987, #1000 ) ;
#1350 = PERSON_AND_ORGANIZATION ( #1418, #729 ) ;
#1351 = ORIENTED_EDGE ( 'NONE', *, *, #468, .F. ) ;
#1352 = DIRECTION ( 'NONE',  ( -1.000000000000000000, 0.000000000000000000, 0.000000000000000000 ) ) ;
#1353 = DIRECTION ( 'NONE',  ( -1.000000000000000000, 4.513785525492613210E-16, 0.000000000000000000 ) ) ;
#1354 = CARTESIAN_POINT ( 'NONE',  ( 64.00000000000000000, -10.00000000000000000, 15.50000000000000000 ) ) ;
#1355 = DIRECTION ( 'NONE',  ( -0.000000000000000000, -0.000000000000000000, -1.000000000000000000 ) ) ;
#1356 = EDGE_CURVE ( 'NONE', #345, #581, #259, .T. ) ;
#1357 = CARTESIAN_POINT ( 'NONE',  ( -40.00000000000000711, 0.000000000000000000, -32.13290929250831596 ) ) ;
#1358 = AXIS2_PLACEMENT_3D ( 'NONE', #1886, #442, #452 ) ;
#1359 = ORIENTED_EDGE ( 'NONE', *, *, #1973, .T. ) ;
#1360 = DIRECTION ( 'NONE',  ( 0.7071067811865378028, 8.659560562354814529E-17, -0.7071067811865573427 ) ) ;
#1361 = CYLINDRICAL_SURFACE ( 'NONE', #503, 9.999999999999994671 ) ;
#1362 = DIRECTION ( 'NONE',  ( 1.000000000000000000, 0.000000000000000000, 0.000000000000000000 ) ) ;
#1363 = ORIENTED_EDGE ( 'NONE', *, *, #1377, .T. ) ;
#1364 = CARTESIAN_POINT ( 'NONE',  ( 60.00000000000000000, -10.00000000000000000, -15.50000000000000000 ) ) ;
#1365 = CIRCLE ( 'NONE', #1173, 9.999999999999998224 ) ;
#1366 = CARTESIAN_POINT ( 'NONE',  ( -14.45683229480095910, 4.000000000000001776, 21.99999999999998579 ) ) ;
#1367 = CARTESIAN_POINT ( 'NONE',  ( -35.00000000000000000, 0.000000000000000000, 20.99999999999996447 ) ) ;
#1368 = ORIENTED_EDGE ( 'NONE', *, *, #543, .T. ) ;
#1369 = DESIGN_CONTEXT ( 'detailed design', #875, 'design' ) ;
#1370 = EDGE_CURVE ( 'NONE', #73, #299, #1570, .T. ) ;
#1371 = DIRECTION ( 'NONE',  ( -1.175036694370783896E-16, -0.000000000000000000, -1.000000000000000000 ) ) ;
#1372 = AXIS2_PLACEMENT_3D ( 'NONE', #997, #1500, #214 ) ;
#1373 = FACE_BOUND ( 'NONE', #321, .T. ) ;
#1374 = AXIS2_PLACEMENT_3D ( 'NONE', #1669, #1772, #75 ) ;
#1375 = ORIENTED_EDGE ( 'NONE', *, *, #358, .F. ) ;
#1376 = DIRECTION ( 'NONE',  ( -0.000000000000000000, 0.000000000000000000, 1.000000000000000000 ) ) ;
#1377 = EDGE_CURVE ( 'NONE', #2045, #1577, #660, .T. ) ;
#1378 = CARTESIAN_POINT ( 'NONE',  ( 25.36538649917958210, 7.882491296058788954, 15.50000000000000355 ) ) ;
#1379 = ORIENTED_EDGE ( 'NONE', *, *, #283, .T. ) ;
#1380 = ORIENTED_EDGE ( 'NONE', *, *, #1232, .T. ) ;
#1381 = PLANE ( 'NONE',  #1242 ) ;
#1382 = EDGE_CURVE ( 'NONE', #770, #1533, #460, .T. ) ;
#1383 = DIRECTION ( 'NONE',  ( -1.000000000000000000, 0.000000000000000000, 0.000000000000000000 ) ) ;
#1384 = CARTESIAN_POINT ( 'NONE',  ( 60.00000000000000000, -10.00000000000000000, 21.00000000000002487 ) ) ;
#1385 = EDGE_CURVE ( 'NONE', #1113, #390, #1311, .T. ) ;
#1386 = AXIS2_PLACEMENT_3D ( 'NONE', #1198, #1649, #1834 ) ;
#1387 = CARTESIAN_POINT ( 'NONE',  ( -37.85714285714286831, -9.583148474999095612, -23.00000000000000000 ) ) ;
#1388 = EDGE_LOOP ( 'NONE', ( #1588, #982, #1554, #466, #1208, #1849 ) ) ;
#1389 = VECTOR ( 'NONE', #1025, 1000.000000000000000 ) ;
#1390 = DIRECTION ( 'NONE',  ( -0.9583148474999100275, 0.2857142857142854764, 0.000000000000000000 ) ) ;
#1391 = FACE_OUTER_BOUND ( 'NONE', #989, .T. ) ;
#1392 = ORIENTED_EDGE ( 'NONE', *, *, #1356, .T. ) ;
#1393 = CARTESIAN_POINT ( 'NONE',  ( -40.00000000000000711, 0.000000000000000000, 22.99999999999996447 ) ) ;
#1394 = DIRECTION ( 'NONE',  ( -0.000000000000000000, -0.000000000000000000, 1.000000000000000000 ) ) ;
#1395 = DIRECTION ( 'NONE',  ( -1.000000000000000000, 0.000000000000000000, 0.000000000000000000 ) ) ;
#1396 = EDGE_LOOP ( 'NONE', ( #860, #51, #161, #1610, #2046, #123, #1139, #97, #871, #1459 ) ) ;
#1397 = CARTESIAN_POINT ( 'NONE',  ( -21.00000000000000000, 14.60897745299861938, 10.49999999999999822 ) ) ;
#1398 = ADVANCED_FACE ( 'NONE', ( #613 ), #1278, .T. ) ;
#1399 = DIRECTION ( 'NONE',  ( -1.000000000000000000, 0.000000000000000000, 0.000000000000000000 ) ) ;
#1400 = CIRCLE ( 'NONE', #532, 7.000000000000006217 ) ;
#1401 = DIRECTION ( 'NONE',  ( -1.000000000000000000, 0.000000000000000000, 0.000000000000000000 ) ) ;
#1402 = AXIS2_PLACEMENT_3D ( 'NONE', #902, #408, #1892 ) ;
#1403 = ORIENTED_EDGE ( 'NONE', *, *, #537, .T. ) ;
#1404 = EDGE_CURVE ( 'NONE', #477, #1270, #589, .T. ) ;
#1405 = ADVANCED_FACE ( 'NONE', ( #939 ), #367, .F. ) ;
#1406 = CARTESIAN_POINT ( 'NONE',  ( 70.00000000000000000, -9.999999999999998224, 15.50000000000000000 ) ) ;
#1407 = ORIENTED_EDGE ( 'NONE', *, *, #2033, .T. ) ;
#1408 = CARTESIAN_POINT ( 'NONE',  ( -38.25000000000000711, 0.000000000000000000, -20.49999999999996447 ) ) ;
#1409 =( NAMED_UNIT ( * ) SI_UNIT ( $, .STERADIAN. ) SOLID_ANGLE_UNIT ( ) );
#1410 = DIRECTION ( 'NONE',  ( -1.000000000000000000, 0.000000000000000000, 0.000000000000000000 ) ) ;
#1411 = ORIENTED_EDGE ( 'NONE', *, *, #135, .F. ) ;
#1412 = EDGE_CURVE ( 'NONE', #1102, #606, #472, .T. ) ;
#1413 = APPLICATION_CONTEXT ( 'configuration controlled 3d designs of mechanical parts and assemblies' ) ;
#1414 = LINE ( 'NONE', #746, #539 ) ;
#1415 = ORIENTED_EDGE ( 'NONE', *, *, #446, .T. ) ;
#1416 = DIRECTION ( 'NONE',  ( 1.000000000000000000, 0.000000000000000000, 0.000000000000000000 ) ) ;
#1417 = EDGE_CURVE ( 'NONE', #497, #73, #1909, .T. ) ;
#1418 = PERSON ( 'UNSPECIFIED', 'UNSPECIFIED', 'UNSPECIFIED', ('UNSPECIFIED'), ('UNSPECIFIED'), ('UNSPECIFIED') ) ;
#1419 = FACE_BOUND ( 'NONE', #1988, .T. ) ;
#1420 = VECTOR ( 'NONE', #72, 1000.000000000000000 ) ;
#1421 = PERSON_AND_ORGANIZATION ( #1418, #729 ) ;
#1422 = CARTESIAN_POINT ( 'NONE',  ( 60.00000000000000000, -10.00000000000000000, -21.50000000000000000 ) ) ;
#1423 = FACE_OUTER_BOUND ( 'NONE', #1094, .T. ) ;
#1424 = ORIENTED_EDGE ( 'NONE', *, *, #1953, .F. ) ;
#1425 = CIRCLE ( 'NONE', #413, 5.000000000000004441 ) ;
#1426 = CARTESIAN_POINT ( 'NONE',  ( 49.99999999999998579, -10.00000000000000000, 23.00000000000000000 ) ) ;
#1427 = VERTEX_POINT ( 'NONE', #361 ) ;
#1428 = CARTESIAN_POINT ( 'NONE',  ( 26.00000000000000355, 10.15016105959869108, 15.50000000000000000 ) ) ;
#1429 = VERTEX_POINT ( 'NONE', #38 ) ;
#1430 = PRODUCT_DEFINITION ( 'UNKNOWN', '', #403, #1369 ) ;
#1431 = CARTESIAN_POINT ( 'NONE',  ( 60.00000000000000000, -10.00000000000000000, 21.50000000000000000 ) ) ;
#1432 = VERTEX_POINT ( 'NONE', #185 ) ;
#1433 = VERTEX_POINT ( 'NONE', #686 ) ;
#1434 = CARTESIAN_POINT ( 'NONE',  ( 0.000000000000000000, 0.000000000000000000, 23.00000000000000000 ) ) ;
#1435 = EDGE_CURVE ( 'NONE', #2067, #1585, #540, .T. ) ;
#1436 = CONICAL_SURFACE ( 'NONE', #1604, 4.499999999999976019, 0.7853981633974482790 ) ;
#1437 = DIRECTION ( 'NONE',  ( 1.000000000000000000, 0.000000000000000000, -0.000000000000000000 ) ) ;
#1438 = ORIENTED_EDGE ( 'NONE', *, *, #1851, .T. ) ;
#1439 = CARTESIAN_POINT ( 'NONE',  ( 60.00000000000000000, -20.00000000000001066, 15.50000000000000000 ) ) ;
#1440 = AXIS2_PLACEMENT_3D ( 'NONE', #796, #508, #496 ) ;
#1441 = EDGE_LOOP ( 'NONE', ( #71, #1811 ) ) ;
#1442 = VECTOR ( 'NONE', #862, 1000.000000000000000 ) ;
#1443 = DIRECTION ( 'NONE',  ( -1.000000000000000000, 0.000000000000000000, 0.000000000000000000 ) ) ;
#1444 = CIRCLE ( 'NONE', #1545, 4.999999999999997335 ) ;
#1445 = ADVANCED_FACE ( 'NONE', ( #548 ), #1175, .T. ) ;
#1446 = AXIS2_PLACEMENT_3D ( 'NONE', #552, #1200, #480 ) ;
#1447 = ORIENTED_EDGE ( 'NONE', *, *, #950, .T. ) ;
#1448 = CYLINDRICAL_SURFACE ( 'NONE', #964, 15.00000000000000000 ) ;
#1449 = ORIENTED_EDGE ( 'NONE', *, *, #850, .T. ) ;
#1450 = APPLICATION_PROTOCOL_DEFINITION ( 'international standard', 'config_control_design', 1994, #875 ) ;
#1451 = DIRECTION ( 'NONE',  ( -1.000000000000000000, 0.000000000000000000, 0.000000000000000000 ) ) ;
#1452 = CARTESIAN_POINT ( 'NONE',  ( 25.68326009034246482, 7.733245528491975662, -15.50000000000000178 ) ) ;
#1453 = ADVANCED_FACE ( 'NONE', ( #1520 ), #1508, .F. ) ;
#1454 = FACE_OUTER_BOUND ( 'NONE', #175, .T. ) ;
#1455 = DIRECTION ( 'NONE',  ( -0.000000000000000000, -0.000000000000000000, -1.000000000000000000 ) ) ;
#1456 = LINE ( 'NONE', #815, #1204 ) ;
#1457 = EDGE_CURVE ( 'NONE', #2043, #586, #626, .T. ) ;
#1458 = DIRECTION ( 'NONE',  ( -0.000000000000000000, -0.000000000000000000, -1.000000000000000000 ) ) ;
#1459 = ORIENTED_EDGE ( 'NONE', *, *, #699, .T. ) ;
#1460 = DIRECTION ( 'NONE',  ( -0.000000000000000000, -0.000000000000000000, -1.000000000000000000 ) ) ;
#1461 = CARTESIAN_POINT ( 'NONE',  ( 21.00000000000000355, 10.15016105959869108, -10.50000000000000178 ) ) ;
#1462 = ORIENTED_EDGE ( 'NONE', *, *, #1547, .F. ) ;
#1464 = CARTESIAN_POINT ( 'NONE',  ( -35.00000000000000000, 0.000000000000000000, 20.99999999999996447 ) ) ;
#1463 = AXIS2_PLACEMENT_3D ( 'NONE', #100, #110, #1249 ) ;
#1465 = CC_DESIGN_PERSON_AND_ORGANIZATION_ASSIGNMENT ( #450, #953, ( #1186 ) ) ;
#1466 = CARTESIAN_POINT ( 'NONE',  ( 60.00000000000000000, -10.00000000000000000, 15.50000000000000000 ) ) ;
#1467 = DIRECTION ( 'NONE',  ( 1.175036694370783896E-16, 0.000000000000000000, 1.000000000000000000 ) ) ;
#1468 = ORIENTED_EDGE ( 'NONE', *, *, #950, .F. ) ;
#1469 = DIRECTION ( 'NONE',  ( 0.000000000000000000, 0.000000000000000000, -1.000000000000000000 ) ) ;
#1470 = VERTEX_POINT ( 'NONE', #1028 ) ;
#1471 = DIRECTION ( 'NONE',  ( -0.000000000000000000, -0.000000000000000000, -1.000000000000000000 ) ) ;
#1472 = FACE_OUTER_BOUND ( 'NONE', #1479, .T. ) ;
#1473 = ORIENTED_EDGE ( 'NONE', *, *, #14, .F. ) ;
#1474 = CIRCLE ( 'NONE', #1731, 4.000000000000003553 ) ;
#1475 = CARTESIAN_POINT ( 'NONE',  ( -40.00000000000000711, 0.000000000000000000, -20.99999999999996447 ) ) ;
#1476 = DIRECTION ( 'NONE',  ( 0.000000000000000000, 1.000000000000000000, 0.000000000000000000 ) ) ;
#1478 = EDGE_CURVE ( 'NONE', #303, #677, #24, .T. ) ;
#1477 = AXIS2_PLACEMENT_3D ( 'NONE', #138, #1140, #951 ) ;
#1479 = EDGE_LOOP ( 'NONE', ( #829, #753 ) ) ;
#1480 = DIRECTION ( 'NONE',  ( -1.175036694370783896E-16, -0.000000000000000000, -1.000000000000000000 ) ) ;
#1481 = ORIENTED_EDGE ( 'NONE', *, *, #1654, .F. ) ;
#1482 = AXIS2_PLACEMENT_3D ( 'NONE', #1309, #1455, #3 ) ;
#1483 = VECTOR ( 'NONE', #1974, 1000.000000000000000 ) ;
#1484 = VERTEX_POINT ( 'NONE', #1823 ) ;
#1485 = DIRECTION ( 'NONE',  ( 0.000000000000000000, 0.000000000000000000, 1.000000000000000000 ) ) ;
#1486 = CARTESIAN_POINT ( 'NONE',  ( -37.85714285714286831, 9.583148474999095612, 23.00000000000000000 ) ) ;
#1487 = EDGE_CURVE ( 'NONE', #721, #390, #1812, .T. ) ;
#1488 = AXIS2_PLACEMENT_3D ( 'NONE', #1230, #1728, #1548 ) ;
#1489 = CARTESIAN_POINT ( 'NONE',  ( -18.29999999999999716, 4.000000000000000000, -23.00000000000000000 ) ) ;
#1490 = ORIENTED_EDGE ( 'NONE', *, *, #806, .T. ) ;
#1491 = DIRECTION ( 'NONE',  ( 1.175036694370783896E-16, 0.000000000000000000, 1.000000000000000000 ) ) ;
#1492 = EDGE_CURVE ( 'NONE', #1600, #715, #1323, .T. ) ;
#1493 = VERTEX_POINT ( 'NONE', #870 ) ;
#1494 = CARTESIAN_POINT ( 'NONE',  ( 64.00000000000000000, -10.00000000000000000, -21.00000000000001066 ) ) ;
#1495 = ORIENTED_EDGE ( 'NONE', *, *, #883, .F. ) ;
#1496 = CARTESIAN_POINT ( 'NONE',  ( 26.00000000000000355, -20.00000000000001066, -15.50000000000000000 ) ) ;
#1497 = AXIS2_PLACEMENT_3D ( 'NONE', #142, #1783, #181 ) ;
#1498 = DIRECTION ( 'NONE',  ( -0.000000000000000000, -0.000000000000000000, -1.000000000000000000 ) ) ;
#1499 = CIRCLE ( 'NONE', #882, 3.749999999999989342 ) ;
#1500 = DIRECTION ( 'NONE',  ( -4.513785525492613210E-16, 1.000000000000000000, 0.000000000000000000 ) ) ;
#1501 = ORIENTED_EDGE ( 'NONE', *, *, #328, .T. ) ;
#1502 = DIRECTION ( 'NONE',  ( -0.000000000000000000, -0.000000000000000000, -1.000000000000000000 ) ) ;
#1503 = VERTEX_POINT ( 'NONE', #389 ) ;
#1504 = CYLINDRICAL_SURFACE ( 'NONE', #799, 10.00000000000000888 ) ;
#1505 = ADVANCED_FACE ( 'NONE', ( #828 ), #707, .T. ) ;
#1506 = PLANE ( 'NONE',  #351 ) ;
#1507 = CYLINDRICAL_SURFACE ( 'NONE', #1035, 9.999999999999994671 ) ;
#1508 = CYLINDRICAL_SURFACE ( 'NONE', #1771, 5.000000000000004441 ) ;
#1509 = EDGE_CURVE ( 'NONE', #583, #846, #1986, .T. ) ;
#1510 = ORIENTED_EDGE ( 'NONE', *, *, #1945, .T. ) ;
#1511 = CIRCLE ( 'NONE', #1402, 7.000000000000006217 ) ;
#1512 = CARTESIAN_POINT ( 'NONE',  ( -38.25000000000000711, 0.000000000000000000, -32.13290929250831596 ) ) ;
#1513 = EDGE_LOOP ( 'NONE', ( #157, #251, #1324, #1997 ) ) ;
#1514 = AXIS2_PLACEMENT_3D ( 'NONE', #767, #94, #101 ) ;
#1515 = CARTESIAN_POINT ( 'NONE',  ( -18.29999999999999716, 4.000000000000000000, 23.00000000000000000 ) ) ;
#1516 = APPROVAL_PERSON_ORGANIZATION ( #1592, #27, #1755 ) ;
#1517 = CARTESIAN_POINT ( 'NONE',  ( 55.99999999999999289, -10.00000000000000000, -21.00000000000001066 ) ) ;
#1518 = EDGE_CURVE ( 'NONE', #1153, #606, #1349, .T. ) ;
#1519 = CARTESIAN_POINT ( 'NONE',  ( 64.49999999999997158, -10.00000000000000000, 21.50000000000000000 ) ) ;
#1520 = FACE_OUTER_BOUND ( 'NONE', #819, .T. ) ;
#1521 = ORIENTED_EDGE ( 'NONE', *, *, #1821, .F. ) ;
#1522 = DIRECTION ( 'NONE',  ( -0.9583148474999100275, -0.2857142857142854764, 0.000000000000000000 ) ) ;
#1523 = FACE_OUTER_BOUND ( 'NONE', #1741, .T. ) ;
#1524 = DIRECTION ( 'NONE',  ( 1.000000000000000000, 4.513785525492613210E-16, -0.000000000000000000 ) ) ;
#1525 = DIRECTION ( 'NONE',  ( -1.000000000000000000, 0.000000000000000000, 0.000000000000000000 ) ) ;
#1526 = CIRCLE ( 'NONE', #1328, 4.000000000000003553 ) ;
#1527 = PLANE ( 'NONE',  #728 ) ;
#1528 = AXIS2_PLACEMENT_3D ( 'NONE', #1620, #1629, #169 ) ;
#1529 = CARTESIAN_POINT ( 'NONE',  ( 23.05062784331385117, 9.043433944916044354, 14.54986537110994682 ) ) ;
#1530 = ORIENTED_EDGE ( 'NONE', *, *, #1231, .T. ) ;
#1531 = LINE ( 'NONE', #433, #1875 ) ;
#1532 = CARTESIAN_POINT ( 'NONE',  ( 60.00000000000000000, -10.00000000000000000, -36.57117203369102043 ) ) ;
#1533 = VERTEX_POINT ( 'NONE', #1995 ) ;
#1534 = CARTESIAN_POINT ( 'NONE',  ( 55.50000000000002132, -10.00000000000000000, 21.50000000000000000 ) ) ;
#1535 = VECTOR ( 'NONE', #2055, 1000.000000000000000 ) ;
#1536 = EDGE_CURVE ( 'NONE', #1340, #823, #1332, .T. ) ;
#1537 = LINE ( 'NONE', #1387, #332 ) ;
#1538 = EDGE_LOOP ( 'NONE', ( #1473, #2054 ) ) ;
#1539 = ORIENTED_EDGE ( 'NONE', *, *, #2033, .F. ) ;
#1540 = AXIS2_PLACEMENT_3D ( 'NONE', #1165, #373, #1645 ) ;
#1541 = VERTEX_POINT ( 'NONE', #1634 ) ;
#1542 = DIRECTION ( 'NONE',  ( 1.000000000000000000, 0.000000000000000000, 0.000000000000000000 ) ) ;
#1543 = CARTESIAN_POINT ( 'NONE',  ( 60.00000000000000000, -10.00000000000000000, -21.00000000000001066 ) ) ;
#1544 = EDGE_LOOP ( 'NONE', ( #817, #340, #295, #1778 ) ) ;
#1545 = AXIS2_PLACEMENT_3D ( 'NONE', #690, #1947, #854 ) ;
#1546 = AXIS2_PLACEMENT_3D ( 'NONE', #597, #908, #1067 ) ;
#1547 = EDGE_CURVE ( 'NONE', #721, #962, #1008, .T. ) ;
#1548 = DIRECTION ( 'NONE',  ( 1.000000000000000000, 0.000000000000000000, 0.000000000000000000 ) ) ;
#1549 = CARTESIAN_POINT ( 'NONE',  ( 21.18084789165299853, 10.04944513281126817, 11.87622696428290503 ) ) ;
#1550 = ORIENTED_EDGE ( 'NONE', *, *, #1103, .F. ) ;
#1551 = EDGE_LOOP ( 'NONE', ( #240, #1244 ) ) ;
#1552 = CARTESIAN_POINT ( 'NONE',  ( -35.00000000000000000, 0.000000000000000000, -23.00000000000000000 ) ) ;
#1553 = CARTESIAN_POINT ( 'NONE',  ( -35.00000000000000711, 0.000000000000000000, -32.13290929250831596 ) ) ;
#1554 = ORIENTED_EDGE ( 'NONE', *, *, #1202, .T. ) ;
#1555 = CARTESIAN_POINT ( 'NONE',  ( 60.00000000000000000, -10.00000000000000000, -36.57117203369102043 ) ) ;
#1556 = DIRECTION ( 'NONE',  ( 0.000000000000000000, -1.000000000000000000, 0.000000000000000000 ) ) ;
#1557 = VECTOR ( 'NONE', #1014, 999.9999999999998863 ) ;
#1558 = FACE_OUTER_BOUND ( 'NONE', #1544, .T. ) ;
#1559 = DIRECTION ( 'NONE',  ( 1.000000000000000000, 0.000000000000000000, 0.000000000000000000 ) ) ;
#1560 = LINE ( 'NONE', #1702, #43 ) ;
#1561 = EDGE_CURVE ( 'NONE', #793, #1270, #1674, .T. ) ;
#1562 = DIRECTION ( 'NONE',  ( 0.7071067811865416886, 8.659560562354861368E-17, -0.7071067811865533459 ) ) ;
#1563 = ORIENTED_EDGE ( 'NONE', *, *, #806, .F. ) ;
#1564 = CARTESIAN_POINT ( 'NONE',  ( -15.49193338482968230, 3.999999999999999112, 23.00000000000000000 ) ) ;
#1565 = EDGE_CURVE ( 'NONE', #1729, #1699, #1842, .T. ) ;
#1566 = CARTESIAN_POINT ( 'NONE',  ( 70.00000000000000000, -9.999999999999998224, 25.00000000000000000 ) ) ;
#1567 = DIRECTION ( 'NONE',  ( -1.000000000000000000, 0.000000000000000000, 0.000000000000000000 ) ) ;
#1568 = FACE_OUTER_BOUND ( 'NONE', #1235, .T. ) ;
#1569 = ORIENTED_EDGE ( 'NONE', *, *, #569, .T. ) ;
#1570 = CIRCLE ( 'NONE', #1905, 79.99999999999938893 ) ;
#1571 = DIRECTION ( 'NONE',  ( -1.000000000000000000, 0.000000000000000000, 0.000000000000000000 ) ) ;
#1572 = B_SPLINE_CURVE_WITH_KNOTS ( 'NONE', 3,
 ( #2008, #738, #1215, #1717 ),
 .UNSPECIFIED., .F., .F.,
 ( 4, 4 ),
 ( 0.000000000000000000, 0.001439247812775336886 ),
 .UNSPECIFIED. ) ;
#1573 = EDGE_CURVE ( 'NONE', #1233, #49, #847, .T. ) ;
#1574 = ORIENTED_EDGE ( 'NONE', *, *, #983, .T. ) ;
#1575 = EDGE_LOOP ( 'NONE', ( #948, #1871, #1447, #615 ) ) ;
#1576 = VECTOR ( 'NONE', #424, 1000.000000000000000 ) ;
#1577 = VERTEX_POINT ( 'NONE', #1686 ) ;
#1578 = CARTESIAN_POINT ( 'NONE',  ( -45.00000000000000000, 0.000000000000000000, 23.00000000000000000 ) ) ;
#1579 = ORIENTED_EDGE ( 'NONE', *, *, #1385, .F. ) ;
#1580 = PLANE ( 'NONE',  #1608 ) ;
#1581 = CARTESIAN_POINT ( 'NONE',  ( -40.00000000000000711, 0.000000000000000000, -22.99999999999996447 ) ) ;
#1582 = ORIENTED_EDGE ( 'NONE', *, *, #1883, .F. ) ;
#1583 = ORIENTED_EDGE ( 'NONE', *, *, #370, .T. ) ;
#1584 = DIRECTION ( 'NONE',  ( -1.000000000000000000, 0.000000000000000000, 0.000000000000000000 ) ) ;
#1585 = VERTEX_POINT ( 'NONE', #2005 ) ;
#1586 = LINE ( 'NONE', #926, #1535 ) ;
#1587 = EDGE_CURVE ( 'NONE', #1484, #2068, #879, .T. ) ;
#1588 = ORIENTED_EDGE ( 'NONE', *, *, #1666, .F. ) ;
#1589 = DIRECTION ( 'NONE',  ( -1.175036694370783896E-16, -0.000000000000000000, -1.000000000000000000 ) ) ;
#1590 = ORIENTED_EDGE ( 'NONE', *, *, #1700, .T. ) ;
#1591 = VECTOR ( 'NONE', #1522, 999.9999999999998863 ) ;
#1592 = PERSON_AND_ORGANIZATION ( #1418, #729 ) ;
#1593 = LINE ( 'NONE', #980, #154 ) ;
#1594 = DIRECTION ( 'NONE',  ( -1.000000000000000000, 0.000000000000000000, 0.000000000000000000 ) ) ;
#1595 = ORIENTED_EDGE ( 'NONE', *, *, #1938, .F. ) ;
#1596 = VECTOR ( 'NONE', #1957, 1000.000000000000000 ) ;
#1597 = DIRECTION ( 'NONE',  ( -1.000000000000000000, 0.000000000000000000, 0.000000000000000000 ) ) ;
#1598 = EDGE_LOOP ( 'NONE', ( #148, #1814, #680, #567 ) ) ;
#1599 = DIRECTION ( 'NONE',  ( 0.000000000000000000, 0.000000000000000000, -1.000000000000000000 ) ) ;
#1600 = VERTEX_POINT ( 'NONE', #1366 ) ;
#1601 = DIRECTION ( 'NONE',  ( 0.000000000000000000, -0.000000000000000000, -1.000000000000000000 ) ) ;
#1602 = ADVANCED_FACE ( 'NONE', ( #1841, #402 ), #1527, .F. ) ;
#1603 = CARTESIAN_POINT ( 'NONE',  ( -21.00000000000000000, 14.60897745299861938, 10.50000000000000178 ) ) ;
#1604 = AXIS2_PLACEMENT_3D ( 'NONE', #747, #1394, #1416 ) ;
#1605 = CARTESIAN_POINT ( 'NONE',  ( 12.00000000000005151, 15.99999999999997335, -23.00000000000000000 ) ) ;
#1606 = EDGE_LOOP ( 'NONE', ( #1495, #886, #225, #310, #461 ) ) ;
#1607 = DIRECTION ( 'NONE',  ( -1.175036694370783896E-16, -0.000000000000000000, -1.000000000000000000 ) ) ;
#1608 = AXIS2_PLACEMENT_3D ( 'NONE', #305, #1768, #330 ) ;
#1609 = EDGE_CURVE ( 'NONE', #1167, #846, #1176, .T. ) ;
#1610 = ORIENTED_EDGE ( 'NONE', *, *, #1007, .T. ) ;
#1611 = DIRECTION ( 'NONE',  ( -0.000000000000000000, -0.000000000000000000, -1.000000000000000000 ) ) ;
#1612 = CIRCLE ( 'NONE', #369, 10.00000000000000888 ) ;
#1613 = DIRECTION ( 'NONE',  ( -0.000000000000000000, -0.000000000000000000, -1.000000000000000000 ) ) ;
#1614 = VECTOR ( 'NONE', #1063, 1000.000000000000000 ) ;
#1615 = CIRCLE ( 'NONE', #61, 10.00000000000000888 ) ;
#1616 = DIRECTION ( 'NONE',  ( 0.000000000000000000, 0.000000000000000000, 1.000000000000000000 ) ) ;
#1617 = EDGE_LOOP ( 'NONE', ( #479, #329, #1312, #1981 ) ) ;
#1618 = CALENDAR_DATE ( 2024, 19, 8 ) ;
#1619 = DIRECTION ( 'NONE',  ( -0.000000000000000000, -0.000000000000000000, -1.000000000000000000 ) ) ;
#1620 = CARTESIAN_POINT ( 'NONE',  ( 60.00000000000000000, -10.00000000000000000, -23.00000000000000000 ) ) ;
#1621 = ORIENTED_EDGE ( 'NONE', *, *, #1773, .T. ) ;
#1622 = PLANE ( 'NONE',  #212 ) ;
#1623 = DIRECTION ( 'NONE',  ( 0.000000000000000000, 1.000000000000000000, 0.000000000000000000 ) ) ;
#1624 = CARTESIAN_POINT ( 'NONE',  ( 60.00000000000000000, -10.00000000000000000, 21.50000000000000000 ) ) ;
#1625 = EDGE_LOOP ( 'NONE', ( #1253, #1363, #1881, #911 ) ) ;
#1626 = DIRECTION ( 'NONE',  ( -1.000000000000000000, 0.000000000000000000, -0.000000000000000000 ) ) ;
#1627 = VERTEX_POINT ( 'NONE', #1756 ) ;
#1628 = FACE_OUTER_BOUND ( 'NONE', #301, .T. ) ;
#1629 = DIRECTION ( 'NONE',  ( -0.000000000000000000, -0.000000000000000000, -1.000000000000000000 ) ) ;
#1631 = CARTESIAN_POINT ( 'NONE',  ( 55.99999999999999289, -10.00000000000000000, -15.50000000000000000 ) ) ;
#1630 = VECTOR ( 'NONE', #788, 1000.000000000000000 ) ;
#1632 = EDGE_CURVE ( 'NONE', #1898, #477, #126, .T. ) ;
#1633 = CARTESIAN_POINT ( 'NONE',  ( 49.99999999999998579, -10.00000000000000000, 25.00000000000000000 ) ) ;
#1634 = CARTESIAN_POINT ( 'NONE',  ( -31.75000000000000000, 3.980102097228901683E-16, 20.49999999999998224 ) ) ;
#1635 = ORIENTED_EDGE ( 'NONE', *, *, #889, .F. ) ;
#1636 = COORDINATED_UNIVERSAL_TIME_OFFSET ( 1, 0, .AHEAD. ) ;
#1637 = EDGE_CURVE ( 'NONE', #1433, #2010, #180, .T. ) ;
#1638 = ORIENTED_EDGE ( 'NONE', *, *, #671, .T. ) ;
#1639 = CARTESIAN_POINT ( 'NONE',  ( -18.29999999999999716, 4.000000000000000000, 23.00000000000000000 ) ) ;
#1640 = DIRECTION ( 'NONE',  ( -0.000000000000000000, -0.000000000000000000, -1.000000000000000000 ) ) ;
#1641 = EDGE_CURVE ( 'NONE', #823, #1102, #108, .T. ) ;
#1642 = DIRECTION ( 'NONE',  ( -0.000000000000000000, 0.000000000000000000, 1.000000000000000000 ) ) ;
#1643 = VECTOR ( 'NONE', #1832, 1000.000000000000000 ) ;
#1644 = ORIENTED_EDGE ( 'NONE', *, *, #668, .F. ) ;
#1645 = DIRECTION ( 'NONE',  ( 1.000000000000000000, 0.000000000000000000, 0.000000000000000000 ) ) ;
#1646 = CIRCLE ( 'NONE', #1276, 9.999999999999994671 ) ;
#1647 = AXIS2_PLACEMENT_3D ( 'NONE', #696, #1831, #1994 ) ;
#1648 = VERTEX_POINT ( 'NONE', #21 ) ;
#1649 = DIRECTION ( 'NONE',  ( 0.000000000000000000, 0.000000000000000000, 1.000000000000000000 ) ) ;
#1650 = ORIENTED_EDGE ( 'NONE', *, *, #370, .F. ) ;
#1651 = LINE ( 'NONE', #1496, #777 ) ;
#1652 = DIRECTION ( 'NONE',  ( 1.000000000000000000, 0.000000000000000000, 0.000000000000000000 ) ) ;
#1653 = CARTESIAN_POINT ( 'NONE',  ( -35.00000000000000711, 0.000000000000000000, -20.99999999999996447 ) ) ;
#1654 = EDGE_CURVE ( 'NONE', #1470, #1577, #87, .T. ) ;
#1655 = ORIENTED_EDGE ( 'NONE', *, *, #1335, .T. ) ;
#1656 = CARTESIAN_POINT ( 'NONE',  ( -26.00000000000000355, 13.11826546799876247, 15.50000000000000000 ) ) ;
#1657 = ORIENTED_EDGE ( 'NONE', *, *, #1058, .F. ) ;
#1658 = DIRECTION ( 'NONE',  ( -1.000000000000000000, 0.000000000000000000, 0.000000000000000000 ) ) ;
#1659 = CARTESIAN_POINT ( 'NONE',  ( 26.00000000000000355, 7.584532039073291543, -15.50000000000000000 ) ) ;
#1660 = VECTOR ( 'NONE', #1670, 1000.000000000000000 ) ;
#1661 = CARTESIAN_POINT ( 'NONE',  ( 70.00000000000000000, -9.999999999999998224, -15.50000000000000000 ) ) ;
#1662 = VECTOR ( 'NONE', #492, 1000.000000000000000 ) ;
#1663 = DIRECTION ( 'NONE',  ( -0.7071067811865474617, 8.659560562354932858E-17, 0.7071067811865474617 ) ) ;
#1664 = PERSON_AND_ORGANIZATION ( #1418, #729 ) ;
#1665 = ORIENTED_EDGE ( 'NONE', *, *, #937, .T. ) ;
#1666 = EDGE_CURVE ( 'NONE', #366, #1216, #954, .T. ) ;
#1667 = EDGE_CURVE ( 'NONE', #1898, #793, #1400, .T. ) ;
#1668 = DIRECTION ( 'NONE',  ( -0.000000000000000000, -0.000000000000000000, -1.000000000000000000 ) ) ;
#1669 = CARTESIAN_POINT ( 'NONE',  ( 60.00000000000000000, -10.00000000000000000, -25.00000000000000000 ) ) ;
#1670 = DIRECTION ( 'NONE',  ( -0.000000000000000000, -0.000000000000000000, -1.000000000000000000 ) ) ;
#1671 = CIRCLE ( 'NONE', #1268, 5.000000000000004441 ) ;
#1672 = DIRECTION ( 'NONE',  ( 1.000000000000000000, 0.000000000000000000, 0.000000000000000000 ) ) ;
#1673 = EDGE_CURVE ( 'NONE', #128, #1233, #795, .T. ) ;
#1674 = LINE ( 'NONE', #29, #1675 ) ;
#1675 = VECTOR ( 'NONE', #517, 1000.000000000000000 ) ;
#1676 = ORIENTED_EDGE ( 'NONE', *, *, #1829, .F. ) ;
#1677 = AXIS2_PLACEMENT_3D ( 'NONE', #2048, #95, #1395 ) ;
#1678 = CARTESIAN_POINT ( 'NONE',  ( 60.00000000000000000, -10.00000000000000000, 21.50000000000000000 ) ) ;
#1679 = EDGE_LOOP ( 'NONE', ( #2083, #1490, #1184, #640, #1037, #1569, #1574, #1749, #198, #1655 ) ) ;
#1680 = VECTOR ( 'NONE', #2086, 1000.000000000000000 ) ;
#1681 = AXIS2_PLACEMENT_3D ( 'NONE', #1839, #546, #1525 ) ;
#1682 = CARTESIAN_POINT ( 'NONE',  ( -38.74999999999999289, 4.592425496802562139E-16, 20.99999999999996447 ) ) ;
#1683 = CC_DESIGN_SECURITY_CLASSIFICATION ( #1147, ( #403 ) ) ;
#1684 = LINE ( 'NONE', #1043, #1295 ) ;
#1685 = CARTESIAN_POINT ( 'NONE',  ( 0.000000000000000000, 0.000000000000000000, -23.00000000000000000 ) ) ;
#1686 = CARTESIAN_POINT ( 'NONE',  ( 67.00000000000000000, -10.00000000000000000, 21.50000000000000000 ) ) ;
#1687 = EDGE_CURVE ( 'NONE', #903, #1197, #1942, .T. ) ;
#1688 = CARTESIAN_POINT ( 'NONE',  ( 60.00000000000000000, -10.00000000000000000, -25.00000000000000000 ) ) ;
#1689 = ORIENTED_EDGE ( 'NONE', *, *, #659, .T. ) ;
#1690 = DIRECTION ( 'NONE',  ( -0.000000000000000000, -0.000000000000000000, -1.000000000000000000 ) ) ;
#1691 = DIRECTION ( 'NONE',  ( -0.000000000000000000, -0.000000000000000000, -1.000000000000000000 ) ) ;
#1692 = ORIENTED_EDGE ( 'NONE', *, *, #1177, .T. ) ;
#1693 = CARTESIAN_POINT ( 'NONE',  ( 12.00000000000005151, 15.99999999999997335, 23.00000000000000000 ) ) ;
#1694 = ORIENTED_EDGE ( 'NONE', *, *, #1412, .T. ) ;
#1695 = EDGE_CURVE ( 'NONE', #2010, #1288, #1593, .T. ) ;
#1696 = VECTOR ( 'NONE', #160, 1000.000000000000000 ) ;
#1697 = CARTESIAN_POINT ( 'NONE',  ( 21.82315662491700792, 9.696797317030709351, 13.25337173909358057 ) ) ;
#1698 = VERTEX_POINT ( 'NONE', #616 ) ;
#1699 = VERTEX_POINT ( 'NONE', #1106 ) ;
#1700 = EDGE_CURVE ( 'NONE', #1533, #770, #757, .T. ) ;
#1701 = DIRECTION ( 'NONE',  ( 0.000000000000000000, 0.000000000000000000, 1.000000000000000000 ) ) ;
#1702 = CARTESIAN_POINT ( 'NONE',  ( 64.00000000000000000, -10.00000000000000000, -36.57117203369102043 ) ) ;
#1703 = CARTESIAN_POINT ( 'NONE',  ( 0.000000000000000000, 0.000000000000000000, -23.00000000000000000 ) ) ;
#1704 = VERTEX_POINT ( 'NONE', #2087 ) ;
#1705 = ADVANCED_FACE ( 'NONE', ( #1932 ), #489, .T. ) ;
#1706 = AXIS2_PLACEMENT_3D ( 'NONE', #371, #1763, #325 ) ;
#1707 = CARTESIAN_POINT ( 'NONE',  ( -5.714285714285723294, -19.16629694999819122, -23.00000000000000000 ) ) ;
#1708 = ORIENTED_EDGE ( 'NONE', *, *, #1910, .F. ) ;
#1709 = EDGE_LOOP ( 'NONE', ( #689, #360 ) ) ;
#1710 = VECTOR ( 'NONE', #565, 1000.000000000000000 ) ;
#1711 = CARTESIAN_POINT ( 'NONE',  ( -37.85714285714286831, -9.583148474999095612, 23.00000000000000000 ) ) ;
#1712 = CIRCLE ( 'NONE', #797, 19.99999999999999645 ) ;
#1713 = VECTOR ( 'NONE', #884, 1000.000000000000000 ) ;
#1714 = PLANE ( 'NONE',  #1358 ) ;
#1715 = FACE_BOUND ( 'NONE', #893, .T. ) ;
#1716 = CARTESIAN_POINT ( 'NONE',  ( -14.80226282382084158, 4.000000000000001776, 22.33292208183630834 ) ) ;
#1717 = CARTESIAN_POINT ( 'NONE',  ( -15.49193338482966809, -3.999999999999999112, -23.00000000000000000 ) ) ;
#1718 = ADVANCED_FACE ( 'NONE', ( #1745, #2062 ), #1580, .F. ) ;
#1719 = LINE ( 'NONE', #1397, #1713 ) ;
#1720 = DIRECTION ( 'NONE',  ( -1.175036694370783896E-16, -0.000000000000000000, -1.000000000000000000 ) ) ;
#1721 = CARTESIAN_POINT ( 'NONE',  ( 12.00000000000005151, 15.99999999999997335, 23.00000000000000000 ) ) ;
#1722 = ORIENTED_EDGE ( 'NONE', *, *, #1457, .F. ) ;
#1723 = ORIENTED_EDGE ( 'NONE', *, *, #792, .T. ) ;
#1724 = DIRECTION ( 'NONE',  ( 1.000000000000000000, 0.000000000000000000, 0.000000000000000000 ) ) ;
#1725 = CARTESIAN_POINT ( 'NONE',  ( -31.75000000000001421, 3.980102097228895766E-16, -15.50000000000000000 ) ) ;
#1726 = EDGE_CURVE ( 'NONE', #128, #497, #499, .T. ) ;
#1727 = CARTESIAN_POINT ( 'NONE',  ( -14.45683229480095910, 4.000000000000001776, -22.00000000000001421 ) ) ;
#1728 = DIRECTION ( 'NONE',  ( -0.000000000000000000, -0.000000000000000000, -1.000000000000000000 ) ) ;
#1729 = VERTEX_POINT ( 'NONE', #343 ) ;
#1730 = ORIENTED_EDGE ( 'NONE', *, *, #1992, .T. ) ;
#1731 = AXIS2_PLACEMENT_3D ( 'NONE', #1322, #1287, #514 ) ;
#1732 = CYLINDRICAL_SURFACE ( 'NONE', #1677, 9.999999999999994671 ) ;
#1733 =( NAMED_UNIT ( * ) PLANE_ANGLE_UNIT ( ) SI_UNIT ( $, .RADIAN. ) );
#1734 = DIRECTION ( 'NONE',  ( -0.000000000000000000, -0.000000000000000000, -1.000000000000000000 ) ) ;
#1735 = DIRECTION ( 'NONE',  ( 1.000000000000000000, 0.000000000000000000, 0.000000000000000000 ) ) ;
#1736 = VECTOR ( 'NONE', #941, 1000.000000000000000 ) ;
#1737 = DIRECTION ( 'NONE',  ( -1.000000000000000000, 0.000000000000000000, 0.000000000000000000 ) ) ;
#1738 = ADVANCED_FACE ( 'NONE', ( #1628 ), #865, .F. ) ;
#1739 = AXIS2_PLACEMENT_3D ( 'NONE', #1075, #1701, #1083 ) ;
#1740 = VECTOR ( 'NONE', #1046, 1000.000000000000000 ) ;
#1741 = EDGE_LOOP ( 'NONE', ( #1801, #933, #710, #1368 ) ) ;
#1742 = ORIENTED_EDGE ( 'NONE', *, *, #590, .F. ) ;
#1743 = ORIENTED_EDGE ( 'NONE', *, *, #1809, .F. ) ;
#1744 = DIRECTION ( 'NONE',  ( -1.000000000000000000, 0.000000000000000000, 0.000000000000000000 ) ) ;
#1745 = FACE_BOUND ( 'NONE', #602, .T. ) ;
#1746 = DIRECTION ( 'NONE',  ( -0.000000000000000000, -0.000000000000000000, -1.000000000000000000 ) ) ;
#1747 = VERTEX_POINT ( 'NONE', #141 ) ;
#1748 = CARTESIAN_POINT ( 'NONE',  ( -35.00000000000000000, 0.000000000000000000, 15.50000000000000000 ) ) ;
#1749 = ORIENTED_EDGE ( 'NONE', *, *, #69, .T. ) ;
#1750 = EDGE_CURVE ( 'NONE', #583, #146, #2037, .T. ) ;
#1751 = ORIENTED_EDGE ( 'NONE', *, *, #1851, .F. ) ;
#1752 = DIRECTION ( 'NONE',  ( -1.000000000000000000, 0.000000000000000000, 0.000000000000000000 ) ) ;
#1753 = ORIENTED_EDGE ( 'NONE', *, *, #260, .T. ) ;
#1754 = AXIS2_PLACEMENT_3D ( 'NONE', #501, #1318, #1437 ) ;
#1755 = APPROVAL_ROLE ( '' ) ;
#1756 = CARTESIAN_POINT ( 'NONE',  ( -45.00000000000000711, 0.000000000000000000, -23.00000000000000000 ) ) ;
#1757 = DIRECTION ( 'NONE',  ( -1.000000000000000000, 0.000000000000000000, -0.000000000000000000 ) ) ;
#1758 = AXIS2_PLACEMENT_3D ( 'NONE', #1464, #1607, #824 ) ;
#1759 = EDGE_CURVE ( 'NONE', #1270, #477, #868, .T. ) ;
#1760 = DIRECTION ( 'NONE',  ( -0.000000000000000000, -0.000000000000000000, -1.000000000000000000 ) ) ;
#1761 = EDGE_LOOP ( 'NONE', ( #286, #843, #943, #186, #526, #1012, #720, #1897, #28, #278 ) ) ;
#1762 = DIRECTION ( 'NONE',  ( -1.000000000000000000, 0.000000000000000000, 0.000000000000000000 ) ) ;
#1763 = DIRECTION ( 'NONE',  ( -0.000000000000000000, -0.000000000000000000, 1.000000000000000000 ) ) ;
#1764 = APPROVAL ( #1979, 'UNSPECIFIED' ) ;
#1765 = ORIENTED_EDGE ( 'NONE', *, *, #937, .F. ) ;
#1766 = CARTESIAN_POINT ( 'NONE',  ( 0.000000000000000000, 0.000000000000000000, 23.00000000000000000 ) ) ;
#1767 = ORIENTED_EDGE ( 'NONE', *, *, #116, .F. ) ;
#1768 = DIRECTION ( 'NONE',  ( -1.175036694370783896E-16, 0.000000000000000000, -1.000000000000000000 ) ) ;
#1769 = CARTESIAN_POINT ( 'NONE',  ( 26.00000000000000355, 7.584532039073291543, -15.50000000000000000 ) ) ;
#1770 = LINE ( 'NONE', #334, #579 ) ;
#1771 = AXIS2_PLACEMENT_3D ( 'NONE', #1185, #70, #228 ) ;
#1772 = DIRECTION ( 'NONE',  ( -0.000000000000000000, -0.000000000000000000, -1.000000000000000000 ) ) ;
#1773 = EDGE_CURVE ( 'NONE', #1704, #203, #428, .T. ) ;
#1774 = DIRECTION ( 'NONE',  ( -1.175036694370783896E-16, -0.000000000000000000, -1.000000000000000000 ) ) ;
#1775 = CC_DESIGN_APPROVAL ( #27, ( #403 ) ) ;
#1776 = VERTEX_POINT ( 'NONE', #1013 ) ;
#1777 = CARTESIAN_POINT ( 'NONE',  ( 60.00000000000000000, -10.00000000000000000, 23.00000000000000000 ) ) ;
#1778 = ORIENTED_EDGE ( 'NONE', *, *, #1759, .T. ) ;
#1779 = PERSON_AND_ORGANIZATION ( #1418, #729 ) ;
#1780 = CARTESIAN_POINT ( 'NONE',  ( -5.714285714285711748, 19.16629694999818767, 23.00000000000000000 ) ) ;
#1781 = ADVANCED_FACE ( 'NONE', ( #220 ), #1504, .T. ) ;
#1782 = EDGE_CURVE ( 'NONE', #643, #1319, #1135, .T. ) ;
#1783 = DIRECTION ( 'NONE',  ( 0.000000000000000000, 0.000000000000000000, -1.000000000000000000 ) ) ;
#1784 = CARTESIAN_POINT ( 'NONE',  ( 59.99999999999999289, 1.387778780781445676E-14, -23.00000000000000000 ) ) ;
#1785 = CARTESIAN_POINT ( 'NONE',  ( 0.000000000000000000, -20.00000000000000000, 23.00000000000000000 ) ) ;
#1786 = EDGE_CURVE ( 'NONE', #830, #1825, #1936, .T. ) ;
#1787 = ORIENTED_EDGE ( 'NONE', *, *, #1487, .T. ) ;
#1788 = CARTESIAN_POINT ( 'NONE',  ( -60.23710793895065052, -20.00000000000001066, -15.50000000000000000 ) ) ;
#1789 = ORIENTED_EDGE ( 'NONE', *, *, #1126, .T. ) ;
#1790 = CALENDAR_DATE ( 2024, 19, 8 ) ;
#1791 = ORIENTED_EDGE ( 'NONE', *, *, #1015, .F. ) ;
#1792 = PLANE ( 'NONE',  #312 ) ;
#1793 = AXIS2_PLACEMENT_3D ( 'NONE', #208, #33, #239 ) ;
#1794 = EDGE_CURVE ( 'NONE', #473, #1484, #544, .T. ) ;
#1796 = CARTESIAN_POINT ( 'NONE',  ( 21.00000000000000000, -20.00000000000001066, 15.50000000000000000 ) ) ;
#1795 = VECTOR ( 'NONE', #1805, 1000.000000000000000 ) ;
#1797 = CARTESIAN_POINT ( 'NONE',  ( 52.99999999999999289, -10.00000000000000000, -36.57117203369102043 ) ) ;
#1798 = ORIENTED_EDGE ( 'NONE', *, *, #1726, .F. ) ;
#1799 = CARTESIAN_POINT ( 'NONE',  ( -21.00000000000000000, 14.60897745299861938, 23.00000000000000000 ) ) ;
#1800 = PERSON_AND_ORGANIZATION_ROLE ( 'classification_officer' ) ;
#1801 = ORIENTED_EDGE ( 'NONE', *, *, #313, .T. ) ;
#1802 = CARTESIAN_POINT ( 'NONE',  ( -26.00000000000000355, 13.11826546799876247, -15.50000000000000000 ) ) ;
#1803 = ORIENTED_EDGE ( 'NONE', *, *, #451, .T. ) ;
#1804 = CIRCLE ( 'NONE', #892, 5.000000000000004441 ) ;
#1805 = DIRECTION ( 'NONE',  ( -0.7071067811865378028, 0.000000000000000000, -0.7071067811865573427 ) ) ;
#1806 = CC_DESIGN_DATE_AND_TIME_ASSIGNMENT ( #673, #31, ( #1147 ) ) ;
#1807 = DIRECTION ( 'NONE',  ( -1.000000000000000000, 0.000000000000000000, 0.000000000000000000 ) ) ;
#1809 = EDGE_CURVE ( 'NONE', #888, #374, #665, .T. ) ;
#1808 = AXIS2_PLACEMENT_3D ( 'NONE', #1653, #1491, #204 ) ;
#1810 = CONICAL_SURFACE ( 'NONE', #158, 3.749999999999989342, 0.7853981633974561616 ) ;
#1811 = ORIENTED_EDGE ( 'NONE', *, *, #1404, .F. ) ;
#1812 = LINE ( 'NONE', #678, #1975 ) ;
#1813 = LOCAL_TIME ( 14, 25, 17.00000000000000000, #1903 ) ;
#1814 = ORIENTED_EDGE ( 'NONE', *, *, #730, .F. ) ;
#1815 = CARTESIAN_POINT ( 'NONE',  ( 15.00000000000000000, 0.000000000000000000, 21.99999999999998579 ) ) ;
#1816 = VERTEX_POINT ( 'NONE', #1296 ) ;
#1817 = ADVANCED_FACE ( 'NONE', ( #210 ), #563, .F. ) ;
#1818 = DIRECTION ( 'NONE',  ( -1.000000000000000000, 0.000000000000000000, 0.000000000000000000 ) ) ;
#1819 = CARTESIAN_POINT ( 'NONE',  ( -35.00000000000000711, 0.000000000000000000, -20.49999999999996447 ) ) ;
#1820 = CARTESIAN_POINT ( 'NONE',  ( -37.85714285714286831, -9.583148474999095612, 23.00000000000000000 ) ) ;
#1821 = EDGE_CURVE ( 'NONE', #739, #962, #1844, .T. ) ;
#1822 = ORIENTED_EDGE ( 'NONE', *, *, #229, .F. ) ;
#1823 = CARTESIAN_POINT ( 'NONE',  ( -18.29999999999999716, 4.000000000000000000, 23.00000000000000000 ) ) ;
#1824 = COORDINATED_UNIVERSAL_TIME_OFFSET ( 1, 0, .AHEAD. ) ;
#1825 = VERTEX_POINT ( 'NONE', #1190 ) ;
#1826 = DIRECTION ( 'NONE',  ( -1.175036694370783896E-16, -0.000000000000000000, -1.000000000000000000 ) ) ;
#1827 = DIRECTION ( 'NONE',  ( -0.000000000000000000, -0.000000000000000000, -1.000000000000000000 ) ) ;
#1828 = DIRECTION ( 'NONE',  ( -1.000000000000000000, 0.000000000000000000, 0.000000000000000000 ) ) ;
#1829 = EDGE_CURVE ( 'NONE', #846, #1167, #1444, .T. ) ;
#1830 = AXIS2_PLACEMENT_3D ( 'NONE', #421, #1076, #1054 ) ;
#1831 = DIRECTION ( 'NONE',  ( 0.000000000000000000, -1.000000000000000000, 0.000000000000000000 ) ) ;
#1832 = DIRECTION ( 'NONE',  ( -0.000000000000000000, -0.000000000000000000, -1.000000000000000000 ) ) ;
#1833 = ORIENTED_EDGE ( 'NONE', *, *, #1404, .T. ) ;
#1834 = DIRECTION ( 'NONE',  ( 1.000000000000000000, 0.000000000000000000, -0.000000000000000000 ) ) ;
#1835 = EDGE_LOOP ( 'NONE', ( #1333, #1888, #282, #1803 ) ) ;
#1836 = CARTESIAN_POINT ( 'NONE',  ( -21.00000000000000000, -14.60897745299861938, -10.49999999999998934 ) ) ;
#1837 = CYLINDRICAL_SURFACE ( 'NONE', #880, 7.000000000000006217 ) ;
#1838 = VECTOR ( 'NONE', #985, 1000.000000000000000 ) ;
#1839 = CARTESIAN_POINT ( 'NONE',  ( -35.00000000000000711, 0.000000000000000000, -32.13290929250831596 ) ) ;
#1840 =( BOUNDED_CURVE ( )  B_SPLINE_CURVE ( 3, ( #1836, #1124, #324, #1031 ),
 .UNSPECIFIED., .F., .F. ) 
 B_SPLINE_CURVE_WITH_KNOTS ( ( 4, 4 ),
 ( -1.776356839400250465E-15, 1.570796326794896558 ),
 .UNSPECIFIED. ) 
 CURVE ( )  GEOMETRIC_REPRESENTATION_ITEM ( )  RATIONAL_B_SPLINE_CURVE ( ( 1.000000000000000000, 0.8047378541243646044, 0.8047378541243646044, 1.000000000000000000 ) ) 
 REPRESENTATION_ITEM ( '' )  );
#1841 = FACE_BOUND ( 'NONE', #132, .T. ) ;
#1842 = CIRCLE ( 'NONE', #1808, 3.749999999999989342 ) ;
#1843 = DIRECTION ( 'NONE',  ( -1.000000000000000000, 0.000000000000000000, 0.000000000000000000 ) ) ;
#1844 = CIRCLE ( 'NONE', #633, 4.000000000000003553 ) ;
#1845 = CIRCLE ( 'NONE', #2013, 3.249999999999996003 ) ;
#1846 = FACE_OUTER_BOUND ( 'NONE', #207, .T. ) ;
#1847 = EDGE_CURVE ( 'NONE', #1065, #1825, #385, .T. ) ;
#1848 = CARTESIAN_POINT ( 'NONE',  ( -30.00000000000000000, 6.123233995736771213E-16, 20.99999999999996447 ) ) ;
#1849 = ORIENTED_EDGE ( 'NONE', *, *, #1171, .T. ) ;
#1850 = CARTESIAN_POINT ( 'NONE',  ( -15.49193338482968230, -3.999999999999999112, 23.00000000000000000 ) ) ;
#1851 = EDGE_CURVE ( 'NONE', #1484, #151, #1343, .T. ) ;
#1852 = DIRECTION ( 'NONE',  ( -1.175036694370783896E-16, -0.000000000000000000, -1.000000000000000000 ) ) ;
#1853 = ORIENTED_EDGE ( 'NONE', *, *, #328, .F. ) ;
#1854 = ORIENTED_EDGE ( 'NONE', *, *, #1565, .T. ) ;
#1855 = DIRECTION ( 'NONE',  ( -0.000000000000000000, -0.000000000000000000, 1.000000000000000000 ) ) ;
#1856 = CARTESIAN_POINT ( 'NONE',  ( -38.25000000000000711, 0.000000000000000000, -20.49999999999996447 ) ) ;
#1857 = ADVANCED_FACE ( 'NONE', ( #1990 ), #65, .F. ) ;
#1858 = CARTESIAN_POINT ( 'NONE',  ( 60.00000000000000000, -20.00000000000000355, 23.00000000000000000 ) ) ;
#1859 = ORIENTED_EDGE ( 'NONE', *, *, #792, .F. ) ;
#1860 = AXIS2_PLACEMENT_3D ( 'NONE', #1327, #1170, #1 ) ;
#1861 = DIRECTION ( 'NONE',  ( -0.000000000000000000, -0.000000000000000000, 1.000000000000000000 ) ) ;
#1862 = ORIENTED_EDGE ( 'NONE', *, *, #68, .T. ) ;
#1863 = ORIENTED_EDGE ( 'NONE', *, *, #164, .F. ) ;
#1864 = DIRECTION ( 'NONE',  ( -0.000000000000000000, 0.000000000000000000, 1.000000000000000000 ) ) ;
#1865 = FACE_OUTER_BOUND ( 'NONE', #560, .T. ) ;
#1866 = ORIENTED_EDGE ( 'NONE', *, *, #1487, .F. ) ;
#1867 = DIRECTION ( 'NONE',  ( -0.000000000000000000, -0.000000000000000000, -1.000000000000000000 ) ) ;
#1868 = ADVANCED_FACE ( 'NONE', ( #173 ), #704, .T. ) ;
#1869 = ORIENTED_EDGE ( 'NONE', *, *, #1700, .F. ) ;
#1870 = CARTESIAN_POINT ( 'NONE',  ( 60.00000000000000000, -20.00000000000000355, 23.00000000000000000 ) ) ;
#1871 = ORIENTED_EDGE ( 'NONE', *, *, #1237, .T. ) ;
#1872 = ORIENTED_EDGE ( 'NONE', *, *, #1478, .F. ) ;
#1873 = AXIS2_PLACEMENT_3D ( 'NONE', #1431, #2070, #628 ) ;
#1874 = CARTESIAN_POINT ( 'NONE',  ( -31.25000000000001421, 0.000000000000000000, 20.99999999999996447 ) ) ;
#1875 = VECTOR ( 'NONE', #575, 1000.000000000000000 ) ;
#1876 = DIRECTION ( 'NONE',  ( -1.000000000000000000, 0.000000000000000000, 0.000000000000000000 ) ) ;
#1877 = AXIS2_PLACEMENT_3D ( 'NONE', #387, #1985, #1026 ) ;
#1878 = LOCAL_TIME ( 14, 25, 17.00000000000000000, #1824 ) ;
#1879 = AXIS2_PLACEMENT_3D ( 'NONE', #454, #131, #1737 ) ;
#1880 = FACE_OUTER_BOUND ( 'NONE', #1679, .T. ) ;
#1881 = ORIENTED_EDGE ( 'NONE', *, *, #229, .T. ) ;
#1882 = DIRECTION ( 'NONE',  ( 0.000000000000000000, 0.000000000000000000, 1.000000000000000000 ) ) ;
#1883 = EDGE_CURVE ( 'NONE', #447, #605, #1840, .T. ) ;
#1884 = CARTESIAN_POINT ( 'NONE',  ( 21.28565022483495639, 9.991259769603313856, 12.20039752699363333 ) ) ;
#1885 = CARTESIAN_POINT ( 'NONE',  ( -38.25000000000000711, 0.000000000000000000, 15.50000000000000000 ) ) ;
#1886 = CARTESIAN_POINT ( 'NONE',  ( 21.00000000000000000, -20.00000000000001066, 15.50000000000000000 ) ) ;
#1887 = CARTESIAN_POINT ( 'NONE',  ( -37.85714285714286831, 9.583148474999095612, 15.50000000000000000 ) ) ;
#1888 = ORIENTED_EDGE ( 'NONE', *, *, #74, .T. ) ;
#1889 = ORIENTED_EDGE ( 'NONE', *, *, #1007, .F. ) ;
#1890 = AXIS2_PLACEMENT_3D ( 'NONE', #1819, #866, #235 ) ;
#1891 = CC_DESIGN_PERSON_AND_ORGANIZATION_ASSIGNMENT ( #1779, #341, ( #403 ) ) ;
#1892 = DIRECTION ( 'NONE',  ( -1.000000000000000000, 0.000000000000000000, 0.000000000000000000 ) ) ;
#1893 = ORIENTED_EDGE ( 'NONE', *, *, #2022, .T. ) ;
#1894 = MECHANICAL_CONTEXT ( 'NONE', #1413, 'mechanical' ) ;
#1895 = FACE_OUTER_BOUND ( 'NONE', #627, .T. ) ;
#1896 = LINE ( 'NONE', #2044, #58 ) ;
#1897 = ORIENTED_EDGE ( 'NONE', *, *, #105, .F. ) ;
#1898 = VERTEX_POINT ( 'NONE', #234 ) ;
#1899 = CIRCLE ( 'NONE', #995, 5.000000000000000000 ) ;
#1900 = VERTEX_POINT ( 'NONE', #873 ) ;
#1901 = DIRECTION ( 'NONE',  ( -1.000000000000000000, 0.000000000000000000, 0.000000000000000000 ) ) ;
#1902 = ORIENTED_EDGE ( 'NONE', *, *, #440, .F. ) ;
#1903 = COORDINATED_UNIVERSAL_TIME_OFFSET ( 1, 0, .AHEAD. ) ;
#1904 = CARTESIAN_POINT ( 'NONE',  ( -26.00000000000000355, 13.11826546799876247, 15.50000000000000000 ) ) ;
#1905 = AXIS2_PLACEMENT_3D ( 'NONE', #2059, #1919, #805 ) ;
#1906 = CARTESIAN_POINT ( 'NONE',  ( 26.00000000000000355, 7.584532039073291543, 15.50000000000000000 ) ) ;
#1907 = ORIENTED_EDGE ( 'NONE', *, *, #1237, .F. ) ;
#1908 = ORIENTED_EDGE ( 'NONE', *, *, #1070, .F. ) ;
#1910 = EDGE_CURVE ( 'NONE', #374, #1816, #395, .T. ) ;
#1909 = CIRCLE ( 'NONE', #1540, 10.00000000000000888 ) ;
#1911 = CARTESIAN_POINT ( 'NONE',  ( -15.49193338482968230, 3.999999999999999112, 23.00000000000000000 ) ) ;
#1912 = APPROVAL_PERSON_ORGANIZATION ( #930, #612, #152 ) ;
#1913 = CIRCLE ( 'NONE', #265, 4.000000000000003553 ) ;
#1914 = CIRCLE ( 'NONE', #762, 19.99999999999998934 ) ;
#1915 = ORIENTED_EDGE ( 'NONE', *, *, #683, .T. ) ;
#1916 = ORIENTED_EDGE ( 'NONE', *, *, #683, .F. ) ;
#1917 = ORIENTED_EDGE ( 'NONE', *, *, #260, .F. ) ;
#1918 = ADVANCED_FACE ( 'NONE', ( #1523 ), #2020, .T. ) ;
#1919 = DIRECTION ( 'NONE',  ( -0.000000000000000000, -0.000000000000000000, -1.000000000000000000 ) ) ;
#1920 = EDGE_LOOP ( 'NONE', ( #599, #1787, #1579, #1187 ) ) ;
#1921 = ORIENTED_EDGE ( 'NONE', *, *, #617, .T. ) ;
#1922 = DIRECTION ( 'NONE',  ( -1.000000000000000000, 0.000000000000000000, 0.000000000000000000 ) ) ;
#1923 = FACE_OUTER_BOUND ( 'NONE', #702, .T. ) ;
#1924 = CARTESIAN_POINT ( 'NONE',  ( -38.25000000000000711, 0.000000000000000000, -15.50000000000000000 ) ) ;
#1925 = ORIENTED_EDGE ( 'NONE', *, *, #1809, .T. ) ;
#1926 = CARTESIAN_POINT ( 'NONE',  ( 21.00000000000000000, 10.15016105959869108, -10.49999999999999822 ) ) ;
#1927 = DIRECTION ( 'NONE',  ( 0.000000000000000000, 0.000000000000000000, 1.000000000000000000 ) ) ;
#1928 = PLANE ( 'NONE',  #1976 ) ;
#1929 = CONICAL_SURFACE ( 'NONE', #384, 4.000000000000003553, 0.7853981633974346233 ) ;
#1930 = DIRECTION ( 'NONE',  ( -4.513785525492613210E-16, -1.000000000000000000, 0.000000000000000000 ) ) ;
#1931 = B_SPLINE_CURVE_WITH_KNOTS ( 'NONE', 3,
 ( #2029, #1228, #274, #1727 ),
 .UNSPECIFIED., .F., .F.,
 ( 4, 4 ),
 ( 0.000000000000000000, 0.001439247812775337971 ),
 .UNSPECIFIED. ) ;
#1932 = FACE_OUTER_BOUND ( 'NONE', #1188, .T. ) ;
#1933 = FACE_OUTER_BOUND ( 'NONE', #1606, .T. ) ;
#1934 = VECTOR ( 'NONE', #1524, 1000.000000000000000 ) ;
#1935 = CARTESIAN_POINT ( 'NONE',  ( -15.49193338482966809, 3.999999999999999112, -23.00000000000000000 ) ) ;
#1936 = LINE ( 'NONE', #336, #1977 ) ;
#1937 = DIRECTION ( 'NONE',  ( 1.000000000000000000, 0.000000000000000000, 0.000000000000000000 ) ) ;
#1938 = EDGE_CURVE ( 'NONE', #1288, #1627, #261, .T. ) ;
#1939 = CARTESIAN_POINT ( 'NONE',  ( 60.00000000000000000, -10.00000000000000000, -23.00000000000000000 ) ) ;
#1940 = ORIENTED_EDGE ( 'NONE', *, *, #62, .F. ) ;
#1941 = VECTOR ( 'NONE', #163, 1000.000000000000000 ) ;
#1942 = LINE ( 'NONE', #293, #1066 ) ;
#1943 = FACE_OUTER_BOUND ( 'NONE', #495, .T. ) ;
#1944 = CARTESIAN_POINT ( 'NONE',  ( -37.85714285714286831, -9.583148474999095612, -23.00000000000000000 ) ) ;
#1945 = EDGE_CURVE ( 'NONE', #1747, #823, #1719, .T. ) ;
#1946 = AXIS2_PLACEMENT_3D ( 'NONE', #632, #1281, #1818 ) ;
#1947 = DIRECTION ( 'NONE',  ( -1.175036694370783896E-16, -0.000000000000000000, -1.000000000000000000 ) ) ;
#1948 = DIRECTION ( 'NONE',  ( 0.000000000000000000, -0.000000000000000000, -1.000000000000000000 ) ) ;
#1949 = AXIS2_PLACEMENT_3D ( 'NONE', #273, #1864, #1542 ) ;
#1950 = CIRCLE ( 'NONE', #401, 3.249999999999996003 ) ;
#1951 = ORIENTED_EDGE ( 'NONE', *, *, #1457, .T. ) ;
#1952 = CARTESIAN_POINT ( 'NONE',  ( 67.00000000000000000, -10.00000000000000000, -36.57117203369102043 ) ) ;
#1953 = EDGE_CURVE ( 'NONE', #303, #1704, #1531, .T. ) ;
#1954 = EDGE_LOOP ( 'NONE', ( #2051, #1088, #1730, #416, #143, #1798 ) ) ;
#1955 = DIRECTION ( 'NONE',  ( -0.000000000000000000, -0.000000000000000000, 1.000000000000000000 ) ) ;
#1956 = CARTESIAN_POINT ( 'NONE',  ( -35.00000000000000000, 0.000000000000000000, 23.00000000000000000 ) ) ;
#1957 = DIRECTION ( 'NONE',  ( -0.000000000000000000, -0.000000000000000000, -1.000000000000000000 ) ) ;
#1958 = LINE ( 'NONE', #506, #827 ) ;
#1959 = CARTESIAN_POINT ( 'NONE',  ( -14.45683229480095910, 4.000000000000001776, 23.00000000000000000 ) ) ;
#1960 = EDGE_LOOP ( 'NONE', ( #789, #1415, #103, #338 ) ) ;
#1961 = ORIENTED_EDGE ( 'NONE', *, *, #1260, .F. ) ;
#1962 = DIRECTION ( 'NONE',  ( -0.000000000000000000, -0.000000000000000000, -1.000000000000000000 ) ) ;
#1963 = ADVANCED_FACE ( 'NONE', ( #405 ), #92, .F. ) ;
#1965 = LINE ( 'NONE', #1160, #1020 ) ;
#1964 = AXIS2_PLACEMENT_3D ( 'NONE', #946, #1760, #1597 ) ;
#1966 = CARTESIAN_POINT ( 'NONE',  ( -45.00000000000000711, 0.000000000000000000, 23.00000000000000000 ) ) ;
#1967 = ORIENTED_EDGE ( 'NONE', *, *, #99, .T. ) ;
#1968 = CARTESIAN_POINT ( 'NONE',  ( -35.00000000000000711, 0.000000000000000000, -15.50000000000000000 ) ) ;
#1969 = ORIENTED_EDGE ( 'NONE', *, *, #1103, .T. ) ;
#1970 = LINE ( 'NONE', #1040, #244 ) ;
#1971 = AXIS2_PLACEMENT_3D ( 'NONE', #960, #1376, #398 ) ;
#1972 = DIRECTION ( 'NONE',  ( -0.000000000000000000, -0.000000000000000000, -1.000000000000000000 ) ) ;
#1973 = EDGE_CURVE ( 'NONE', #605, #1698, #82, .T. ) ;
#1974 = DIRECTION ( 'NONE',  ( 0.000000000000000000, -1.000000000000000000, 0.000000000000000000 ) ) ;
#1975 = VECTOR ( 'NONE', #1663, 1000.000000000000114 ) ;
#1976 = AXIS2_PLACEMENT_3D ( 'NONE', #1788, #1289, #1626 ) ;
#1977 = VECTOR ( 'NONE', #1180, 1000.000000000000000 ) ;
#1978 = DIRECTION ( 'NONE',  ( -0.000000000000000000, -1.000000000000000000, 0.000000000000000000 ) ) ;
#1979 = APPROVAL_STATUS ( 'not_yet_approved' ) ;
#1980 = EDGE_CURVE ( 'NONE', #120, #978, #2028, .T. ) ;
#1981 = ORIENTED_EDGE ( 'NONE', *, *, #1382, .F. ) ;
#1982 = CARTESIAN_POINT ( 'NONE',  ( 60.00000000000000000, -10.00000000000000000, 23.00000000000000000 ) ) ;
#1983 = DIRECTION ( 'NONE',  ( 0.000000000000000000, 1.000000000000000000, 0.000000000000000000 ) ) ;
#1984 = CARTESIAN_POINT ( 'NONE',  ( -37.85714285714286831, -9.583148474999095612, 23.00000000000000000 ) ) ;
#1985 = DIRECTION ( 'NONE',  ( -1.175036694370783896E-16, -0.000000000000000000, -1.000000000000000000 ) ) ;
#1986 = LINE ( 'NONE', #1357, #224 ) ;
#1987 = ORIENTED_EDGE ( 'NONE', *, *, #718, .T. ) ;
#1988 = EDGE_LOOP ( 'NONE', ( #1753, #1951 ) ) ;
#1989 = CARTESIAN_POINT ( 'NONE',  ( 60.00000000000000000, -10.00000000000000000, -15.50000000000000000 ) ) ;
#1990 = FACE_OUTER_BOUND ( 'NONE', #1761, .T. ) ;
#1991 = DIRECTION ( 'NONE',  ( -1.000000000000000000, 0.000000000000000000, 0.000000000000000000 ) ) ;
#1992 = EDGE_CURVE ( 'NONE', #49, #996, #899, .T. ) ;
#1993 = AXIS2_PLACEMENT_3D ( 'NONE', #320, #972, #1757 ) ;
#1994 = DIRECTION ( 'NONE',  ( 0.000000000000000000, 0.000000000000000000, -1.000000000000000000 ) ) ;
#1995 = CARTESIAN_POINT ( 'NONE',  ( 55.50000000000002132, -10.00000000000000000, -21.50000000000000000 ) ) ;
#1996 = EDGE_CURVE ( 'NONE', #2043, #1493, #912, .T. ) ;
#1997 = ORIENTED_EDGE ( 'NONE', *, *, #578, .F. ) ;
#1998 = CARTESIAN_POINT ( 'NONE',  ( -30.00000000000001421, 6.123233995736764310E-16, -22.99999999999996447 ) ) ;
#1999 = VERTEX_POINT ( 'NONE', #558 ) ;
#2000 = CARTESIAN_POINT ( 'NONE',  ( -35.00000000000000000, 0.000000000000000000, 23.00000000000000000 ) ) ;
#2001 = DIRECTION ( 'NONE',  ( 0.000000000000000000, 0.000000000000000000, 1.000000000000000000 ) ) ;
#2002 = CIRCLE ( 'NONE', #921, 9.999999999999994671 ) ;
#2003 = EDGE_CURVE ( 'NONE', #1999, #1627, #2014, .T. ) ;
#2004 = DIRECTION ( 'NONE',  ( -0.000000000000000000, -0.000000000000000000, -1.000000000000000000 ) ) ;
#2005 = CARTESIAN_POINT ( 'NONE',  ( 26.00000000000000355, -20.00000000000001066, -15.50000000000000000 ) ) ;
#2006 = VECTOR ( 'NONE', #527, 1000.000000000000000 ) ;
#2007 = ADVANCED_FACE ( 'NONE', ( #1846 ), #1381, .F. ) ;
#2008 = CARTESIAN_POINT ( 'NONE',  ( -14.45683229480096088, -3.999999999999998224, -22.00000000000001421 ) ) ;
#2009 = ORIENTED_EDGE ( 'NONE', *, *, #1252, .T. ) ;
#2010 = VERTEX_POINT ( 'NONE', #1042 ) ;
#2011 = ORIENTED_EDGE ( 'NONE', *, *, #2073, .F. ) ;
#2012 = AXIS2_PLACEMENT_3D ( 'NONE', #631, #968, #488 ) ;
#2013 = AXIS2_PLACEMENT_3D ( 'NONE', #247, #1221, #716 ) ;
#2014 = LINE ( 'NONE', #1210, #966 ) ;
#2015 = CARTESIAN_POINT ( 'NONE',  ( 0.000000000000000000, 0.000000000000000000, -23.00000000000000000 ) ) ;
#2016 = DIRECTION ( 'NONE',  ( 0.000000000000000000, 0.000000000000000000, 1.000000000000000000 ) ) ;
#2017 = CARTESIAN_POINT ( 'NONE',  ( 21.73410194248555882, 9.745249730488881212, 13.11346975093472267 ) ) ;
#2018 = VERTEX_POINT ( 'NONE', #1885 ) ;
#2019 = ORIENTED_EDGE ( 'NONE', *, *, #129, .F. ) ;
#2020 = CYLINDRICAL_SURFACE ( 'NONE', #535, 19.99999999999998934 ) ;
#2021 = DIRECTION ( 'NONE',  ( -1.175036694370783896E-16, -0.000000000000000000, -1.000000000000000000 ) ) ;
#2022 = EDGE_CURVE ( 'NONE', #643, #1541, #227, .T. ) ;
#2023 = DIRECTION ( 'NONE',  ( 0.000000000000000000, -1.000000000000000000, 0.000000000000000000 ) ) ;
#2024 = AXIS2_PLACEMENT_3D ( 'NONE', #654, #1746, #1594 ) ;
#2025 = CONICAL_SURFACE ( 'NONE', #1860, 3.249999999999996003, 0.7853981633974400633 ) ;
#2026 = DIRECTION ( 'NONE',  ( -0.000000000000000000, -0.000000000000000000, -1.000000000000000000 ) ) ;
#2027 = ORIENTED_EDGE ( 'NONE', *, *, #1673, .T. ) ;
#2028 = LINE ( 'NONE', #734, #1614 ) ;
#2029 = CARTESIAN_POINT ( 'NONE',  ( -15.49193338482966809, 3.999999999999999112, -23.00000000000000000 ) ) ;
#2030 = ORIENTED_EDGE ( 'NONE', *, *, #1090, .F. ) ;
#2031 = CARTESIAN_POINT ( 'NONE',  ( 67.00000000000000000, -10.00000000000000000, -25.00000000000000000 ) ) ;
#2032 = ADVANCED_FACE ( 'NONE', ( #410 ), #1144, .F. ) ;
#2033 = EDGE_CURVE ( 'NONE', #471, #1116, #2041, .T. ) ;
#2034 = VERTEX_POINT ( 'NONE', #1874 ) ;
#2035 = ORIENTED_EDGE ( 'NONE', *, *, #1673, .F. ) ;
#2036 = CARTESIAN_POINT ( 'NONE',  ( -37.85714285714286831, 9.583148474999095612, -15.50000000000000000 ) ) ;
#2037 = CIRCLE ( 'NONE', #1946, 4.999999999999997335 ) ;
#2038 = EDGE_CURVE ( 'NONE', #1216, #1429, #464, .T. ) ;
#2039 = CARTESIAN_POINT ( 'NONE',  ( -31.75000000000001421, 3.980102097228892808E-16, -32.13290929250831596 ) ) ;
#2040 = VECTOR ( 'NONE', #2026, 1000.000000000000000 ) ;
#2041 = CIRCLE ( 'NONE', #194, 9.999999999999998224 ) ;
#2042 = DIRECTION ( 'NONE',  ( 1.000000000000000000, 0.000000000000000000, 0.000000000000000000 ) ) ;
#2043 = VERTEX_POINT ( 'NONE', #1725 ) ;
#2044 = CARTESIAN_POINT ( 'NONE',  ( -31.75000000000001421, 3.980102097228892808E-16, -20.49999999999996447 ) ) ;
#2045 = VERTEX_POINT ( 'NONE', #253 ) ;
#2046 = ORIENTED_EDGE ( 'NONE', *, *, #236, .T. ) ;
#2047 = ORIENTED_EDGE ( 'NONE', *, *, #1547, .T. ) ;
#2048 = CARTESIAN_POINT ( 'NONE',  ( -35.00000000000000000, 0.000000000000000000, 23.00000000000000000 ) ) ;
#2049 =( LENGTH_UNIT ( ) NAMED_UNIT ( * ) SI_UNIT ( .MILLI., .METRE. ) );
#2050 = CARTESIAN_POINT ( 'NONE',  ( 0.000000000000000000, 0.000000000000000000, 23.00000000000000000 ) ) ;
#2051 = ORIENTED_EDGE ( 'NONE', *, *, #511, .F. ) ;
#2052 = CARTESIAN_POINT ( 'NONE',  ( 60.00000000000000000, -10.00000000000000000, 25.00000000000000000 ) ) ;
#2053 = EDGE_CURVE ( 'NONE', #1999, #1264, #1646, .T. ) ;
#2054 = ORIENTED_EDGE ( 'NONE', *, *, #625, .F. ) ;
#2055 = DIRECTION ( 'NONE',  ( -0.000000000000000000, -0.000000000000000000, -1.000000000000000000 ) ) ;
#2056 = VECTOR ( 'NONE', #254, 1000.000000000000114 ) ;
#2057 = ORIENTED_EDGE ( 'NONE', *, *, #2003, .F. ) ;
#2058 = AXIS2_PLACEMENT_3D ( 'NONE', #356, #513, #675 ) ;
#2059 = CARTESIAN_POINT ( 'NONE',  ( 59.99999999999978684, 79.99999999999938893, 23.00000000000000000 ) ) ;
#2060 = ADVANCED_FACE ( 'NONE', ( #712 ), #1361, .T. ) ;
#2061 = PERSON_AND_ORGANIZATION_ROLE ( 'creator' ) ;
#2062 = FACE_OUTER_BOUND ( 'NONE', #1538, .T. ) ;
#2063 = CARTESIAN_POINT ( 'NONE',  ( -35.00000000000000711, 0.000000000000000000, -32.13290929250831596 ) ) ;
#2064 = ORIENTED_EDGE ( 'NONE', *, *, #572, .F. ) ;
#2065 = DIRECTION ( 'NONE',  ( 1.000000000000000000, 0.000000000000000000, 0.000000000000000000 ) ) ;
#2066 = ADVANCED_FACE ( 'NONE', ( #292 ), #764, .T. ) ;
#2067 = VERTEX_POINT ( 'NONE', #1280 ) ;
#2068 = VERTEX_POINT ( 'NONE', #2072 ) ;
#2069 = CIRCLE ( 'NONE', #147, 3.250000000000002665 ) ;
#2070 = DIRECTION ( 'NONE',  ( -0.000000000000000000, -0.000000000000000000, 1.000000000000000000 ) ) ;
#2071 = ORIENTED_EDGE ( 'NONE', *, *, #714, .F. ) ;
#2072 = CARTESIAN_POINT ( 'NONE',  ( -18.29999999999999716, -4.000000000000000000, 23.00000000000000000 ) ) ;
#2073 = EDGE_CURVE ( 'NONE', #1432, #891, #773, .T. ) ;
#2074 = CARTESIAN_POINT ( 'NONE',  ( 60.00000000000000000, -10.00000000000000000, 25.00000000000000000 ) ) ;
#2075 = VECTOR ( 'NONE', #1734, 1000.000000000000000 ) ;
#2076 = LINE ( 'NONE', #1292, #1630 ) ;
#2077 = CIRCLE ( 'NONE', #534, 79.99999999999938893 ) ;
#2078 = DIRECTION ( 'NONE',  ( 1.175036694370783896E-16, 0.000000000000000000, 1.000000000000000000 ) ) ;
#2079 = CC_DESIGN_APPROVAL ( #612, ( #1430 ) ) ;
#2080 = CONICAL_SURFACE ( 'NONE', #1546, 3.249999999999996003, 0.7853981633974400633 ) ;
#2081 = VERTEX_POINT ( 'NONE', #653 ) ;
#2082 = CARTESIAN_POINT ( 'NONE',  ( 0.000000000000000000, 0.000000000000000000, 21.99999999999998579 ) ) ;
#2083 = ORIENTED_EDGE ( 'NONE', *, *, #105, .T. ) ;
#2084 = DIRECTION ( 'NONE',  ( 1.000000000000000000, -8.673617379884101539E-16, 0.000000000000000000 ) ) ;
#2085 = ORIENTED_EDGE ( 'NONE', *, *, #1231, .F. ) ;
#2086 = DIRECTION ( 'NONE',  ( 1.000000000000000000, 4.513785525492613210E-16, -0.000000000000000000 ) ) ;
#2087 = CARTESIAN_POINT ( 'NONE',  ( 64.00000000000000000, -10.00000000000000000, -21.00000000000001066 ) ) ;
#2088 = CARTESIAN_POINT ( 'NONE',  ( 59.99999999999999289, 1.387778780781445676E-14, 15.50000000000000000 ) ) ;
ENDSEC;
END-ISO-10303-21;
