ISO-10303-21;
HEADER;
FILE_DESCRIPTION (( 'STEP AP203' ),
    '1' );
FILE_NAME ('Bauteil_D.STEP',
    '2024-08-19T12:26:23',
    ( '' ),
    ( '' ),
    'SwSTEP 2.0',
    'SolidWorks 2023',
    '' );
FILE_SCHEMA (( 'CONFIG_CONTROL_DESIGN' ));
ENDSEC;

DATA;
#1 = AXIS2_PLACEMENT_3D ( 'NONE', #1312, #626, #746 ) ;
#2 = ORIENTED_EDGE ( 'NONE', *, *, #276, .T. ) ;
#3 = CARTESIAN_POINT ( 'NONE',  ( 54.99976049507688458, 15.00006386795429947, 0.2584847052804116752 ) ) ;
#4 = ORIENTED_EDGE ( 'NONE', *, *, #624, .F. ) ;
#5 = CARTESIAN_POINT ( 'NONE',  ( 11.99999999999999645, 1.685535656186651476E-15, 11.31370849898476294 ) ) ;
#6 = DIRECTION ( 'NONE',  ( 1.000000000000000000, 0.000000000000000000, 0.000000000000000000 ) ) ;
#7 = CARTESIAN_POINT ( 'NONE',  ( 1.000000000000000000, 0.000000000000000000, 0.000000000000000000 ) ) ;
#8 = CIRCLE ( 'NONE', #1228, 4.000000000000000000 ) ;
#9 = ORIENTED_EDGE ( 'NONE', *, *, #42, .F. ) ;
#10 = CARTESIAN_POINT ( 'NONE',  ( 59.00000000000001421, 14.45683229480096088, 3.999999999999999112 ) ) ;
#11 = ORIENTED_EDGE ( 'NONE', *, *, #808, .F. ) ;
#12 = DIRECTION ( 'NONE',  ( -1.000000000000000000, -0.000000000000000000, -0.000000000000000000 ) ) ;
#13 = CARTESIAN_POINT ( 'NONE',  ( 87.00000000000001421, 25.00000000000000000, -7.327428182273443843E-16 ) ) ;
#14 = CARTESIAN_POINT ( 'NONE',  ( 38.50000000000000000, 1.714505518806294835E-15, -14.00000000000000178 ) ) ;
#15 = TOROIDAL_SURFACE ( 'NONE', #390, 15.50000000000000178, 0.8000000000000023759 ) ;
#16 = APPROVAL ( #1685, 'UNSPECIFIED' ) ;
#17 = CIRCLE ( 'NONE', #1462, 8.000000000000000000 ) ;
#18 = ORIENTED_EDGE ( 'NONE', *, *, #545, .F. ) ;
#19 = CARTESIAN_POINT ( 'NONE',  ( 57.22198227594598308, 14.56378556236613697, 3.592613327910141763 ) ) ;
#20 = ORIENTED_EDGE ( 'NONE', *, *, #31, .F. ) ;
#21 = EDGE_CURVE ( 'NONE', #430, #1195, #383, .T. ) ;
#22 = DIRECTION ( 'NONE',  ( 0.000000000000000000, 0.000000000000000000, 1.000000000000000000 ) ) ;
#23 = DIRECTION ( 'NONE',  ( -0.000000000000000000, 0.000000000000000000, 1.000000000000000000 ) ) ;
#24 = LINE ( 'NONE', #1649, #399 ) ;
#25 = EDGE_LOOP ( 'NONE', ( #1145, #367 ) ) ;
#26 = AXIS2_PLACEMENT_3D ( 'NONE', #30, #1099, #1641 ) ;
#27 = DIRECTION ( 'NONE',  ( -1.000000000000000000, -0.000000000000000000, -0.000000000000000000 ) ) ;
#28 = VERTEX_POINT ( 'NONE', #501 ) ;
#29 = DIRECTION ( 'NONE',  ( 0.000000000000000000, 0.000000000000000000, -1.000000000000000000 ) ) ;
#30 = CARTESIAN_POINT ( 'NONE',  ( 12.00000000000000178, 0.000000000000000000, 0.000000000000000000 ) ) ;
#31 = EDGE_CURVE ( 'NONE', #1556, #629, #1066, .T. ) ;
#32 = AXIS2_PLACEMENT_3D ( 'NONE', #916, #1579, #1323 ) ;
#33 = ORIENTED_EDGE ( 'NONE', *, *, #1051, .F. ) ;
#34 = APPROVAL_DATE_TIME ( #878, #1688 ) ;
#35 = DIRECTION ( 'NONE',  ( -1.000000000000000000, -0.000000000000000000, -0.000000000000000000 ) ) ;
#36 = ORIENTED_EDGE ( 'NONE', *, *, #393, .T. ) ;
#37 = FACE_OUTER_BOUND ( 'NONE', #592, .T. ) ;
#38 = DIRECTION ( 'NONE',  ( 0.000000000000000000, 0.000000000000000000, -1.000000000000000000 ) ) ;
#39 = VECTOR ( 'NONE', #1348, 1000.000000000000000 ) ;
#40 = ADVANCED_FACE ( 'NONE', ( #1585 ), #578, .F. ) ;
#41 = ORIENTED_EDGE ( 'NONE', *, *, #171, .T. ) ;
#42 = EDGE_CURVE ( 'NONE', #250, #1132, #1479, .T. ) ;
#43 = DIRECTION ( 'NONE',  ( 0.000000000000000000, -1.224646799147353207E-16, 1.000000000000000000 ) ) ;
#44 = ORIENTED_EDGE ( 'NONE', *, *, #21, .F. ) ;
#45 = ADVANCED_FACE ( 'NONE', ( #1350 ), #976, .T. ) ;
#47 = AXIS2_PLACEMENT_3D ( 'NONE', #721, #1273, #333 ) ;
#46 = DIRECTION ( 'NONE',  ( 0.000000000000000000, 0.000000000000000000, -1.000000000000000000 ) ) ;
#48 = FACE_OUTER_BOUND ( 'NONE', #1163, .T. ) ;
#49 = LINE ( 'NONE', #58, #285 ) ;
#50 = FACE_OUTER_BOUND ( 'NONE', #1406, .T. ) ;
#51 = EDGE_LOOP ( 'NONE', ( #1233, #511, #182, #1482, #1293, #245 ) ) ;
#52 = EDGE_CURVE ( 'NONE', #80, #401, #354, .T. ) ;
#53 = CARTESIAN_POINT ( 'NONE',  ( 0.2957818423218631643, 2.284842794848345626, -9.028865704136418202 ) ) ;
#54 = VERTEX_POINT ( 'NONE', #830 ) ;
#55 = CARTESIAN_POINT ( 'NONE',  ( 59.00000000000001421, 11.00000000000000000, -8.673617379884035472E-16 ) ) ;
#56 = AXIS2_PLACEMENT_3D ( 'NONE', #13, #1486, #257 ) ;
#57 = DIRECTION ( 'NONE',  ( -1.000000000000000000, -0.000000000000000000, -0.000000000000000000 ) ) ;
#58 = CARTESIAN_POINT ( 'NONE',  ( -5.866723343975976945, -9.899494936611665352, 1.414213562373099586 ) ) ;
#59 = ORIENTED_EDGE ( 'NONE', *, *, #1555, .T. ) ;
#60 = CALENDAR_DATE ( 2024, 19, 8 ) ;
#61 = VECTOR ( 'NONE', #713, 1000.000000000000000 ) ;
#62 = CARTESIAN_POINT ( 'NONE',  ( 0.000000000000000000, 0.000000000000000000, 4.249999999999992895 ) ) ;
#63 = EDGE_LOOP ( 'NONE', ( #205, #672, #36, #1290 ) ) ;
#64 = CARTESIAN_POINT ( 'NONE',  ( 1.000000000000000000, 0.000000000000000000, 0.000000000000000000 ) ) ;
#65 = DIRECTION ( 'NONE',  ( 1.000000000000000000, 0.000000000000000000, 0.000000000000000000 ) ) ;
#66 = DIRECTION ( 'NONE',  ( 1.000000000000000000, 0.000000000000000000, 0.000000000000000000 ) ) ;
#67 = VECTOR ( 'NONE', #258, 1000.000000000000000 ) ;
#68 = ORIENTED_EDGE ( 'NONE', *, *, #497, .F. ) ;
#69 = VERTEX_POINT ( 'NONE', #1504 ) ;
#70 = DIRECTION ( 'NONE',  ( 0.000000000000000000, -0.7071067811865474617, -0.7071067811865474617 ) ) ;
#71 = AXIS2_PLACEMENT_3D ( 'NONE', #74, #66, #38 ) ;
#72 = PLANE ( 'NONE',  #513 ) ;
#73 = EDGE_CURVE ( 'NONE', #1336, #1132, #1117, .T. ) ;
#74 = CARTESIAN_POINT ( 'NONE',  ( 0.000000000000000000, 0.000000000000000000, 0.000000000000000000 ) ) ;
#75 = PRODUCT ( 'Bauteil_D', 'Bauteil_D', '', ( #861 ) ) ;
#76 = VERTEX_POINT ( 'NONE', #838 ) ;
#77 = DIRECTION ( 'NONE',  ( -1.000000000000000000, 0.000000000000000000, -0.000000000000000000 ) ) ;
#78 = ORIENTED_EDGE ( 'NONE', *, *, #1133, .F. ) ;
#79 = CARTESIAN_POINT ( 'NONE',  ( 95.90000000000000568, 0.000000000000000000, 15.00000000000000000 ) ) ;
#80 = VERTEX_POINT ( 'NONE', #966 ) ;
#81 = FACE_OUTER_BOUND ( 'NONE', #1473, .T. ) ;
#82 = CARTESIAN_POINT ( 'NONE',  ( 40.00000000000000000, 1.898202538678397557E-15, 15.50000000000000178 ) ) ;
#83 = AXIS2_PLACEMENT_3D ( 'NONE', #961, #146, #1620 ) ;
#84 = ORIENTED_EDGE ( 'NONE', *, *, #115, .T. ) ;
#85 = CARTESIAN_POINT ( 'NONE',  ( 0.000000000000000000, -8.572330196915023848, 2.741378302069738204 ) ) ;
#86 = ORIENTED_EDGE ( 'NONE', *, *, #1107, .F. ) ;
#87 = CARTESIAN_POINT ( 'NONE',  ( 9.673140024990090069, 1.800230794746609518E-15, -14.70000000000000107 ) ) ;
#88 = ORIENTED_EDGE ( 'NONE', *, *, #1746, .T. ) ;
#89 = DIRECTION ( 'NONE',  ( -1.000000000000000000, 0.000000000000000000, 0.000000000000000000 ) ) ;
#90 = DIRECTION ( 'NONE',  ( 1.000000000000000000, 0.000000000000000000, 0.000000000000000000 ) ) ;
#91 = ADVANCED_FACE ( 'NONE', ( #1497 ), #440, .F. ) ;
#92 = CARTESIAN_POINT ( 'NONE',  ( 0.000000000000000000, 0.000000000000000000, 0.000000000000000000 ) ) ;
#93 = ORIENTED_EDGE ( 'NONE', *, *, #1389, .F. ) ;
#94 = EDGE_CURVE ( 'NONE', #1135, #28, #660, .T. ) ;
#95 = DIRECTION ( 'NONE',  ( 1.000000000000000000, 0.000000000000000000, 0.000000000000000000 ) ) ;
#96 = ORIENTED_EDGE ( 'NONE', *, *, #225, .T. ) ;
#97 = EDGE_CURVE ( 'NONE', #290, #1467, #1574, .T. ) ;
#98 = PLANE ( 'NONE',  #1584 ) ;
#99 = VECTOR ( 'NONE', #432, 1000.000000000000000 ) ;
#101 = CARTESIAN_POINT ( 'NONE',  ( 99.00000000000000000, 0.000000000000000000, 15.00000000000000000 ) ) ;
#100 = VECTOR ( 'NONE', #1146, 1000.000000000000000 ) ;
#102 = DIRECTION ( 'NONE',  ( 0.000000000000000000, 0.000000000000000000, 1.000000000000000000 ) ) ;
#103 = CARTESIAN_POINT ( 'NONE',  ( 12.00000000000000000, 0.000000000000000000, 10.00000000000000000 ) ) ;
#104 = EDGE_CURVE ( 'NONE', #422, #1602, #1110, .T. ) ;
#105 = EDGE_LOOP ( 'NONE', ( #41, #931 ) ) ;
#106 = CARTESIAN_POINT ( 'NONE',  ( 0.000000000000000000, 1.685535656186651476E-15, 11.31370849898476294 ) ) ;
#107 = DIRECTION ( 'NONE',  ( 0.000000000000000000, -1.000000000000000000, 0.000000000000000000 ) ) ;
#108 = DIRECTION ( 'NONE',  ( 0.000000000000000000, 0.000000000000000000, 1.000000000000000000 ) ) ;
#109 = CIRCLE ( 'NONE', #1104, 25.00000000000000000 ) ;
#110 = AXIS2_PLACEMENT_3D ( 'NONE', #1187, #879, #1704 ) ;
#111 = VERTEX_POINT ( 'NONE', #425 ) ;
#112 = AXIS2_PLACEMENT_3D ( 'NONE', #748, #1719, #628 ) ;
#113 = FACE_OUTER_BOUND ( 'NONE', #1569, .T. ) ;
#114 = CARTESIAN_POINT ( 'NONE',  ( 51.48211799574141168, 0.000000000000000000, 0.000000000000000000 ) ) ;
#115 = EDGE_CURVE ( 'NONE', #889, #474, #807, .T. ) ;
#116 = CARTESIAN_POINT ( 'NONE',  ( 0.000000000000000000, 6.429395695523593306E-16, -5.249999999999991118 ) ) ;
#117 = DIRECTION ( 'NONE',  ( 0.000000000000000000, 0.000000000000000000, 1.000000000000000000 ) ) ;
#118 = ORIENTED_EDGE ( 'NONE', *, *, #1744, .T. ) ;
#119 = ADVANCED_FACE ( 'NONE', ( #434, #1521 ), #1262, .F. ) ;
#120 = VERTEX_POINT ( 'NONE', #1127 ) ;
#121 = CARTESIAN_POINT ( 'NONE',  ( 90.99975710930513628, 14.99993522917340982, 0.2658448911950340721 ) ) ;
#122 = LINE ( 'NONE', #1214, #1337 ) ;
#123 = ORIENTED_EDGE ( 'NONE', *, *, #673, .T. ) ;
#124 = DIRECTION ( 'NONE',  ( 0.000000000000000000, 0.000000000000000000, 1.000000000000000000 ) ) ;
#125 = DIRECTION ( 'NONE',  ( 0.000000000000000000, -0.7071067811865474617, 0.7071067811865476838 ) ) ;
#126 = ADVANCED_FACE ( 'NONE', ( #37 ), #191, .T. ) ;
#127 = TOROIDAL_SURFACE ( 'NONE', #557, 15.50000000000000178, 0.8000000000000023759 ) ;
#128 = AXIS2_PLACEMENT_3D ( 'NONE', #1126, #442, #471 ) ;
#129 = AXIS2_PLACEMENT_3D ( 'NONE', #187, #1282, #1708 ) ;
#130 = VERTEX_POINT ( 'NONE', #158 ) ;
#131 = DIRECTION ( 'NONE',  ( 0.000000000000000000, 0.000000000000000000, 1.000000000000000000 ) ) ;
#132 = CARTESIAN_POINT ( 'NONE',  ( 103.5594490902112170, 1.751244922780714709E-15, 14.29999999999999893 ) ) ;
#133 = VERTEX_POINT ( 'NONE', #822 ) ;
#134 = CARTESIAN_POINT ( 'NONE',  ( 38.50000000000000000, 0.000000000000000000, 0.000000000000000000 ) ) ;
#135 = DIRECTION ( 'NONE',  ( 0.000000000000000000, 0.000000000000000000, -1.000000000000000000 ) ) ;
#136 = DIRECTION ( 'NONE',  ( 1.000000000000000000, 0.000000000000000000, 0.000000000000000000 ) ) ;
#137 = VERTEX_POINT ( 'NONE', #974 ) ;
#138 = CARTESIAN_POINT ( 'NONE',  ( 51.48211799574141168, 0.000000000000000000, 0.000000000000000000 ) ) ;
#139 = ORIENTED_EDGE ( 'NONE', *, *, #524, .T. ) ;
#140 = CARTESIAN_POINT ( 'NONE',  ( 13.00000000000002842, 0.000000000000000000, 0.000000000000000000 ) ) ;
#141 = DIRECTION ( 'NONE',  ( 0.000000000000000000, 0.000000000000000000, 1.000000000000000000 ) ) ;
#142 = AXIS2_PLACEMENT_3D ( 'NONE', #322, #1157, #1682 ) ;
#143 = ORIENTED_EDGE ( 'NONE', *, *, #373, .T. ) ;
#144 = EDGE_CURVE ( 'NONE', #629, #1556, #1024, .T. ) ;
#145 = CARTESIAN_POINT ( 'NONE',  ( 90.87163066316396964, 14.96619794067775366, -1.038814180300452916 ) ) ;
#146 = DIRECTION ( 'NONE',  ( 1.000000000000000000, 0.000000000000000000, 0.000000000000000000 ) ) ;
#147 = EDGE_LOOP ( 'NONE', ( #926, #653, #412, #1718 ) ) ;
#148 = CARTESIAN_POINT ( 'NONE',  ( 103.5594490902112170, 0.000000000000000000, 0.000000000000000000 ) ) ;
#149 = FACE_OUTER_BOUND ( 'NONE', #1203, .T. ) ;
#150 = CYLINDRICAL_SURFACE ( 'NONE', #849, 9.999999999999998224 ) ;
#151 = AXIS2_PLACEMENT_3D ( 'NONE', #240, #1341, #1319 ) ;
#152 = CIRCLE ( 'NONE', #667, 14.00000000000000178 ) ;
#153 = VERTEX_POINT ( 'NONE', #1368 ) ;
#154 = DIRECTION ( 'NONE',  ( 0.000000000000000000, 0.000000000000000000, -1.000000000000000000 ) ) ;
#155 = ADVANCED_FACE ( 'NONE', ( #149 ), #249, .F. ) ;
#156 = ORIENTED_EDGE ( 'NONE', *, *, #858, .T. ) ;
#157 = DIRECTION ( 'NONE',  ( -0.7071067811865463515, 8.659560562354948882E-17, -0.7071067811865487940 ) ) ;
#158 = CARTESIAN_POINT ( 'NONE',  ( 12.00000000000000000, 9.899494936611667129, -1.414213562373095145 ) ) ;
#159 = CARTESIAN_POINT ( 'NONE',  ( 0.000000000000000000, 0.000000000000000000, 0.000000000000000000 ) ) ;
#160 = VERTEX_POINT ( 'NONE', #679 ) ;
#161 = CC_DESIGN_APPROVAL ( #1688, ( #705 ) ) ;
#162 = APPROVAL_ROLE ( '' ) ;
#163 = CARTESIAN_POINT ( 'NONE',  ( 50.00000000000000000, 0.000000000000000000, 25.00000000000000000 ) ) ;
#164 = ORIENTED_EDGE ( 'NONE', *, *, #1669, .T. ) ;
#165 = B_SPLINE_CURVE_WITH_KNOTS ( 'NONE', 3,
 ( #1660, #1407, #301, #452 ),
 .UNSPECIFIED., .F., .F.,
 ( 4, 4 ),
 ( 0.000000000000000000, 0.002126671693653754344 ),
 .UNSPECIFIED. ) ;
#166 = DIRECTION ( 'NONE',  ( -1.000000000000000000, -0.000000000000000000, -0.000000000000000000 ) ) ;
#167 = EDGE_CURVE ( 'NONE', #1745, #611, #712, .T. ) ;
#168 = DIRECTION ( 'NONE',  ( 0.7071067811865493491, 8.659560562354910671E-17, 0.7071067811865456854 ) ) ;
#169 = ADVANCED_FACE ( 'NONE', ( #453 ), #1417, .F. ) ;
#170 = CARTESIAN_POINT ( 'NONE',  ( 97.50000000000000000, 0.000000000000000000, -14.29999999999999893 ) ) ;
#171 = EDGE_CURVE ( 'NONE', #776, #1635, #426, .T. ) ;
#172 = VERTEX_POINT ( 'NONE', #14 ) ;
#173 = APPROVAL_DATE_TIME ( #1268, #1063 ) ;
#174 = CARTESIAN_POINT ( 'NONE',  ( 95.90000000000000568, 0.000000000000000000, 0.000000000000000000 ) ) ;
#175 = VERTEX_POINT ( 'NONE', #694 ) ;
#176 = CARTESIAN_POINT ( 'NONE',  ( 1.000000000000011324, 0.000000000000000000, 0.000000000000000000 ) ) ;
#177 = B_SPLINE_CURVE_WITH_KNOTS ( 'NONE', 3,
 ( #253, #690, #1101, #1628, #1492, #261, #271, #674, #551, #1221, #1213, #1643, #654, #799, #1346, #429, #121, #1466, #244, #145, #818, #1079, #1204, #790, #1636, #1500, #395, #1338, #1735, #1747, #1363, #1354 ),
 .UNSPECIFIED., .F., .F.,
 ( 4, 2, 2, 2, 2, 2, 2, 2, 2, 2, 2, 2, 2, 2, 2, 4 ),
 ( 0.000000000000000000, 0.0007849218594541739012, 0.001569843718908347802, 0.002354765578362521920, 0.003139687437816695605, 0.003924609297270869289, 0.004709531156725043841, 0.005494453016179218392, 0.006279374875633392944, 0.007064296735087567496, 0.007849218594541742047, 0.009419062313450091151, 0.01020398417290428045, 0.01098890603235846974, 0.01177382789181265904, 0.01255874975126684660 ),
 .UNSPECIFIED. ) ;
#178 = DIRECTION ( 'NONE',  ( 0.000000000000000000, -1.000000000000000000, 0.000000000000000000 ) ) ;
#179 = LINE ( 'NONE', #722, #1583 ) ;
#180 = ADVANCED_FACE ( 'NONE', ( #1245 ), #1499, .T. ) ;
#181 = AXIS2_PLACEMENT_3D ( 'NONE', #520, #95, #496 ) ;
#182 = ORIENTED_EDGE ( 'NONE', *, *, #858, .F. ) ;
#183 = CIRCLE ( 'NONE', #868, 10.00000000000000000 ) ;
#184 = CARTESIAN_POINT ( 'NONE',  ( 11.99999999999999645, 9.899494936611665352, 1.414213562373097810 ) ) ;
#185 = ORIENTED_EDGE ( 'NONE', *, *, #413, .F. ) ;
#186 = CARTESIAN_POINT ( 'NONE',  ( 11.99999999999999645, -11.31370849898476116, 0.000000000000000000 ) ) ;
#187 = CARTESIAN_POINT ( 'NONE',  ( 52.50000000000000711, 0.000000000000000000, 0.000000000000000000 ) ) ;
#188 = ORIENTED_EDGE ( 'NONE', *, *, #837, .T. ) ;
#189 = APPROVAL_STATUS ( 'not_yet_approved' ) ;
#190 = DIRECTION ( 'NONE',  ( 1.000000000000000000, 0.000000000000000000, 0.000000000000000000 ) ) ;
#191 = CONICAL_SURFACE ( 'NONE', #792, 12.99999999999998224, 0.7853981633974457255 ) ;
#192 = VERTEX_POINT ( 'NONE', #732 ) ;
#193 = AXIS2_PLACEMENT_3D ( 'NONE', #1640, #424, #965 ) ;
#194 = DIRECTION ( 'NONE',  ( 0.000000000000000000, 0.000000000000000000, 1.000000000000000000 ) ) ;
#195 = CARTESIAN_POINT ( 'NONE',  ( 1.000000000000011324, 1.414213562373096922, -9.899494936611663576 ) ) ;
#196 = AXIS2_PLACEMENT_3D ( 'NONE', #217, #1037, #1296 ) ;
#197 = ORIENTED_EDGE ( 'NONE', *, *, #73, .T. ) ;
#198 = SHAPE_DEFINITION_REPRESENTATION ( #350, #312 ) ;
#199 = DIRECTION ( 'NONE',  ( 0.000000000000000000, 0.000000000000000000, -1.000000000000000000 ) ) ;
#200 = ADVANCED_FACE ( 'NONE', ( #481, #1155 ), #72, .F. ) ;
#201 = ORIENTED_EDGE ( 'NONE', *, *, #1746, .F. ) ;
#202 = CARTESIAN_POINT ( 'NONE',  ( 55.82294762036357838, 14.80112639638216621, -2.444465059074471203 ) ) ;
#203 = CARTESIAN_POINT ( 'NONE',  ( 0.000000000000000000, -8.572330196915023848, 2.741378302069738204 ) ) ;
#204 = DIRECTION ( 'NONE',  ( -1.000000000000000000, -0.000000000000000000, -0.000000000000000000 ) ) ;
#205 = ORIENTED_EDGE ( 'NONE', *, *, #1753, .F. ) ;
#206 = FACE_BOUND ( 'NONE', #725, .T. ) ;
#207 = ORIENTED_EDGE ( 'NONE', *, *, #888, .T. ) ;
#208 = PLANE ( 'NONE',  #196 ) ;
#209 = CIRCLE ( 'NONE', #151, 15.00000000000000000 ) ;
#210 = CIRCLE ( 'NONE', #636, 4.000000000000000000 ) ;
#211 = CARTESIAN_POINT ( 'NONE',  ( -5.866723343975976945, 1.414213562373096922, -9.899494936611663576 ) ) ;
#212 = AXIS2_PLACEMENT_3D ( 'NONE', #1597, #238, #1073 ) ;
#213 = LINE ( 'NONE', #499, #445 ) ;
#214 = CARTESIAN_POINT ( 'NONE',  ( 40.00000000000000000, 0.000000000000000000, 0.000000000000000000 ) ) ;
#215 = FACE_OUTER_BOUND ( 'NONE', #972, .T. ) ;
#216 = ORIENTED_EDGE ( 'NONE', *, *, #1669, .F. ) ;
#217 = CARTESIAN_POINT ( 'NONE',  ( 83.41778489984130829, -11.31370849898476116, 0.000000000000000000 ) ) ;
#218 = ORIENTED_EDGE ( 'NONE', *, *, #1002, .F. ) ;
#219 = FACE_OUTER_BOUND ( 'NONE', #819, .T. ) ;
#220 = AXIS2_PLACEMENT_3D ( 'NONE', #1121, #1287, #1514 ) ;
#221 = DIRECTION ( 'NONE',  ( 0.000000000000000000, 0.000000000000000000, 1.000000000000000000 ) ) ;
#222 = CIRCLE ( 'NONE', #823, 14.69999999999999929 ) ;
#223 = EDGE_CURVE ( 'NONE', #1304, #130, #892, .T. ) ;
#224 = B_SPLINE_CURVE_WITH_KNOTS ( 'NONE', 3,
 ( #85, #642, #356, #494 ),
 .UNSPECIFIED., .F., .F.,
 ( 4, 4 ),
 ( 1.005704144328319265E-18, 0.002126671693653753911 ),
 .UNSPECIFIED. ) ;
#225 = EDGE_CURVE ( 'NONE', #1304, #759, #876, .T. ) ;
#226 = DIRECTION ( 'NONE',  ( 0.000000000000000000, 0.000000000000000000, 1.000000000000000000 ) ) ;
#227 = EDGE_CURVE ( 'NONE', #1311, #785, #109, .T. ) ;
#228 = ORIENTED_EDGE ( 'NONE', *, *, #1240, .F. ) ;
#229 = AXIS2_PLACEMENT_3D ( 'NONE', #1564, #1543, #583 ) ;
#230 = CARTESIAN_POINT ( 'NONE',  ( -5.866723343975976945, 0.000000000000000000, 0.000000000000000000 ) ) ;
#231 = ORIENTED_EDGE ( 'NONE', *, *, #1235, .T. ) ;
#232 = DIRECTION ( 'NONE',  ( 1.000000000000000000, 0.000000000000000000, -0.000000000000000000 ) ) ;
#233 = CARTESIAN_POINT ( 'NONE',  ( 12.00000000000000000, 1.414213562373103805, 9.899494936611665352 ) ) ;
#234 = B_SPLINE_CURVE_WITH_KNOTS ( 'NONE', 3,
 ( #365, #771, #1200, #1701 ),
 .UNSPECIFIED., .F., .F.,
 ( 4, 4 ),
 ( 2.395511462894869461E-18, 0.002126671693653755645 ),
 .UNSPECIFIED. ) ;
#235 = DIRECTION ( 'NONE',  ( -1.000000000000000000, -0.000000000000000000, -0.000000000000000000 ) ) ;
#236 = ORIENTED_EDGE ( 'NONE', *, *, #1741, .F. ) ;
#237 = DIRECTION ( 'NONE',  ( -1.000000000000000000, -0.000000000000000000, -0.000000000000000000 ) ) ;
#238 = DIRECTION ( 'NONE',  ( 0.000000000000000000, 1.000000000000000000, -1.224646799147353207E-16 ) ) ;
#240 = CARTESIAN_POINT ( 'NONE',  ( 97.50000000000000000, 0.000000000000000000, 0.000000000000000000 ) ) ;
#239 = CIRCLE ( 'NONE', #1438, 5.249999999999991118 ) ;
#241 = DIRECTION ( 'NONE',  ( 0.000000000000000000, 0.000000000000000000, -1.000000000000000000 ) ) ;
#242 = ORIENTED_EDGE ( 'NONE', *, *, #73, .F. ) ;
#243 = ADVANCED_FACE ( 'NONE', ( #81 ), #1032, .F. ) ;
#244 = CARTESIAN_POINT ( 'NONE',  ( 90.97406279329526058, 14.99302277369875647, -0.5248655142899372184 ) ) ;
#245 = ORIENTED_EDGE ( 'NONE', *, *, #1618, .T. ) ;
#246 = DIRECTION ( 'NONE',  ( 1.000000000000000000, 0.000000000000000000, 0.000000000000000000 ) ) ;
#247 = DIRECTION ( 'NONE',  ( -1.000000000000000000, -0.000000000000000000, -0.000000000000000000 ) ) ;
#248 = CC_DESIGN_APPROVAL ( #1063, ( #332 ) ) ;
#249 = TOROIDAL_SURFACE ( 'NONE', #1052, 15.50000000000000355, 0.8000000000000055955 ) ;
#250 = VERTEX_POINT ( 'NONE', #1307 ) ;
#251 = ORIENTED_EDGE ( 'NONE', *, *, #681, .F. ) ;
#252 = AXIS2_PLACEMENT_3D ( 'NONE', #174, #1538, #738 ) ;
#253 = CARTESIAN_POINT ( 'NONE',  ( 87.00000000000001421, 14.45683229480096088, 3.999999999999999112 ) ) ;
#254 = EDGE_CURVE ( 'NONE', #474, #318, #1541, .T. ) ;
#255 = DIRECTION ( 'NONE',  ( 0.000000000000000000, 0.000000000000000000, -1.000000000000000000 ) ) ;
#256 = FACE_OUTER_BOUND ( 'NONE', #25, .T. ) ;
#257 = DIRECTION ( 'NONE',  ( 0.000000000000000000, 0.000000000000000000, -1.000000000000000000 ) ) ;
#258 = DIRECTION ( 'NONE',  ( -1.000000000000000000, -0.000000000000000000, -0.000000000000000000 ) ) ;
#259 = AXIS2_PLACEMENT_3D ( 'NONE', #669, #886, #1428 ) ;
#260 = ORIENTED_EDGE ( 'NONE', *, *, #31, .T. ) ;
#261 = CARTESIAN_POINT ( 'NONE',  ( 88.77736551177228819, 14.56369432173503498, 3.592988858052722279 ) ) ;
#262 = CARTESIAN_POINT ( 'NONE',  ( 40.00000000000000000, 0.000000000000000000, 0.000000000000000000 ) ) ;
#263 = AXIS2_PLACEMENT_3D ( 'NONE', #522, #793, #1340 ) ;
#264 = ORIENTED_EDGE ( 'NONE', *, *, #671, .T. ) ;
#265 = DIRECTION ( 'NONE',  ( 0.000000000000000000, 0.000000000000000000, -1.000000000000000000 ) ) ;
#266 = CARTESIAN_POINT ( 'NONE',  ( 59.00000000000001421, 25.00000000000000000, -4.000000000000000888 ) ) ;
#267 = DIRECTION ( 'NONE',  ( 0.000000000000000000, 0.000000000000000000, 1.000000000000000000 ) ) ;
#268 = ORIENTED_EDGE ( 'NONE', *, *, #543, .F. ) ;
#269 = CIRCLE ( 'NONE', #1355, 1.499999999999999556 ) ;
#270 = ORIENTED_EDGE ( 'NONE', *, *, #1384, .T. ) ;
#271 = CARTESIAN_POINT ( 'NONE',  ( 89.00658281762845547, 14.59384849672717976, 3.470116914414576481 ) ) ;
#272 = VERTEX_POINT ( 'NONE', #1165 ) ;
#273 = DIRECTION ( 'NONE',  ( -0.000000000000000000, 0.000000000000000000, 1.000000000000000000 ) ) ;
#274 = DIRECTION ( 'NONE',  ( -0.000000000000000000, 1.000000000000000000, 1.224646799147353207E-16 ) ) ;
#275 = VECTOR ( 'NONE', #1662, 1000.000000000000000 ) ;
#276 = EDGE_CURVE ( 'NONE', #1508, #655, #489, .T. ) ;
#277 = EDGE_CURVE ( 'NONE', #850, #1304, #865, .T. ) ;
#278 = EDGE_LOOP ( 'NONE', ( #1377, #398, #1019, #1176 ) ) ;
#279 = EDGE_CURVE ( 'NONE', #1132, #1498, #758, .T. ) ;
#280 = CYLINDRICAL_SURFACE ( 'NONE', #571, 14.00000000000000178 ) ;
#281 = DIRECTION ( 'NONE',  ( 0.000000000000000000, 0.000000000000000000, -1.000000000000000000 ) ) ;
#282 = ORIENTED_EDGE ( 'NONE', *, *, #52, .F. ) ;
#283 = CARTESIAN_POINT ( 'NONE',  ( 0.000000000000000000, 11.31370849898476116, 0.000000000000000000 ) ) ;
#284 = DIRECTION ( 'NONE',  ( -1.000000000000000000, -0.000000000000000000, -0.000000000000000000 ) ) ;
#285 = VECTOR ( 'NONE', #1418, 1000.000000000000000 ) ;
#286 = CARTESIAN_POINT ( 'NONE',  ( 0.6348061879937201279, -1.844598597234786252, 9.469109901749977354 ) ) ;
#287 = EDGE_CURVE ( 'NONE', #111, #172, #269, .T. ) ;
#288 = ORIENTED_EDGE ( 'NONE', *, *, #724, .T. ) ;
#289 = CARTESIAN_POINT ( 'NONE',  ( 59.00000000000001421, 14.45683229480096088, 3.999999999999999112 ) ) ;
#290 = VERTEX_POINT ( 'NONE', #1137 ) ;
#291 = CARTESIAN_POINT ( 'NONE',  ( 15.00000000000000000, 0.000000000000000000, 0.000000000000000000 ) ) ;
#292 = DIRECTION ( 'NONE',  ( 1.000000000000000000, 0.000000000000000000, 0.000000000000000000 ) ) ;
#293 = CARTESIAN_POINT ( 'NONE',  ( 100.0000000000000000, 9.797174393178825657E-16, -8.000000000000000000 ) ) ;
#294 = CIRCLE ( 'NONE', #1013, 25.00000000000000000 ) ;
#295 = CIRCLE ( 'NONE', #128, 15.00000000000000000 ) ;
#296 = EDGE_LOOP ( 'NONE', ( #559, #1344, #1045, #1441 ) ) ;
#297 = PERSON_AND_ORGANIZATION_ROLE ( 'creator' ) ;
#298 = DIRECTION ( 'NONE',  ( -1.000000000000000000, -0.000000000000000000, -0.000000000000000000 ) ) ;
#299 = EDGE_CURVE ( 'NONE', #817, #76, #498, .T. ) ;
#300 = EDGE_LOOP ( 'NONE', ( #773, #467 ) ) ;
#301 = CARTESIAN_POINT ( 'NONE',  ( 0.2957818423218626647, 9.028865704136416426, 2.284842794848347847 ) ) ;
#302 = EDGE_CURVE ( 'NONE', #290, #361, #363, .T. ) ;
#303 = CARTESIAN_POINT ( 'NONE',  ( 0.2957818423218629977, -9.028865704136414649, -2.284842794848346070 ) ) ;
#304 = FACE_OUTER_BOUND ( 'NONE', #1078, .T. ) ;
#305 = DIRECTION ( 'NONE',  ( -1.000000000000000000, -0.000000000000000000, -0.000000000000000000 ) ) ;
#306 = APPLICATION_CONTEXT ( 'configuration controlled 3d designs of mechanical parts and assemblies' ) ;
#307 = ORIENTED_EDGE ( 'NONE', *, *, #94, .T. ) ;
#308 = CALENDAR_DATE ( 2024, 19, 8 ) ;
#309 = AXIS2_PLACEMENT_3D ( 'NONE', #517, #235, #1558 ) ;
#310 = FACE_OUTER_BOUND ( 'NONE', #380, .T. ) ;
#311 = VERTEX_POINT ( 'NONE', #203 ) ;
#312 = ADVANCED_BREP_SHAPE_REPRESENTATION ( 'Bauteil_D', ( #948, #220 ), #1222 ) ;
#313 = ADVANCED_FACE ( 'NONE', ( #344 ), #1147, .T. ) ;
#314 = DIRECTION ( 'NONE',  ( 0.000000000000000000, 0.000000000000000000, 1.000000000000000000 ) ) ;
#315 = CARTESIAN_POINT ( 'NONE',  ( 50.80000000000000426, 1.898202538678397952E-15, -15.50000000000000355 ) ) ;
#316 = CARTESIAN_POINT ( 'NONE',  ( 52.50000000000000711, 0.000000000000000000, 0.000000000000000000 ) ) ;
#317 = PLANE ( 'NONE',  #1616 ) ;
#318 = VERTEX_POINT ( 'NONE', #472 ) ;
#319 = LINE ( 'NONE', #989, #519 ) ;
#320 = EDGE_LOOP ( 'NONE', ( #1451, #20, #188, #1179 ) ) ;
#321 = CARTESIAN_POINT ( 'NONE',  ( -5.866723343975976945, 0.000000000000000000, 9.999999999999998224 ) ) ;
#322 = CARTESIAN_POINT ( 'NONE',  ( 51.27506275965939864, 0.000000000000000000, 0.000000000000000000 ) ) ;
#323 = AXIS2_PLACEMENT_3D ( 'NONE', #396, #232, #1476 ) ;
#324 = DIRECTION ( 'NONE',  ( -1.000000000000000000, -0.000000000000000000, -0.000000000000000000 ) ) ;
#325 = ORIENTED_EDGE ( 'NONE', *, *, #1049, .T. ) ;
#326 = CIRCLE ( 'NONE', #1128, 15.50000000000000178 ) ;
#327 =( NAMED_UNIT ( * ) SI_UNIT ( $, .STERADIAN. ) SOLID_ANGLE_UNIT ( ) );
#328 = CIRCLE ( 'NONE', #723, 10.00000000000000000 ) ;
#329 = CARTESIAN_POINT ( 'NONE',  ( -5.866723343975976945, -1.414213562373096922, -9.899494936611665352 ) ) ;
#330 = ORIENTED_EDGE ( 'NONE', *, *, #167, .F. ) ;
#331 = DIRECTION ( 'NONE',  ( 0.000000000000000000, 0.000000000000000000, 1.000000000000000000 ) ) ;
#332 = PRODUCT_DEFINITION ( 'UNKNOWN', '', #1139, #400 ) ;
#333 = DIRECTION ( 'NONE',  ( 0.000000000000000000, 0.000000000000000000, -1.000000000000000000 ) ) ;
#334 = DIRECTION ( 'NONE',  ( -1.000000000000000000, -0.000000000000000000, -0.000000000000000000 ) ) ;
#335 = ADVANCED_FACE ( 'NONE', ( #48 ), #1012, .T. ) ;
#336 = VERTEX_POINT ( 'NONE', #741 ) ;
#337 = CALENDAR_DATE ( 2024, 19, 8 ) ;
#338 = DIRECTION ( 'NONE',  ( -1.000000000000000000, -0.000000000000000000, -0.000000000000000000 ) ) ;
#339 = CARTESIAN_POINT ( 'NONE',  ( -5.866723343975976945, 0.000000000000000000, 15.00000000000000000 ) ) ;
#340 = AXIS2_PLACEMENT_3D ( 'NONE', #1434, #1004, #855 ) ;
#341 = ORIENTED_EDGE ( 'NONE', *, *, #21, .T. ) ;
#342 = CARTESIAN_POINT ( 'NONE',  ( 51.48211799574141168, 0.000000000000000000, -14.72725933896874295 ) ) ;
#343 = CIRCLE ( 'NONE', #1391, 15.00000000000000000 ) ;
#344 = FACE_OUTER_BOUND ( 'NONE', #1061, .T. ) ;
#345 = VECTOR ( 'NONE', #70, 1000.000000000000114 ) ;
#346 = CARTESIAN_POINT ( 'NONE',  ( 38.50000000000000000, 0.000000000000000000, 0.000000000000000000 ) ) ;
#347 = ADVANCED_FACE ( 'NONE', ( #606 ), #874, .T. ) ;
#348 = CARTESIAN_POINT ( 'NONE',  ( 50.80000000000000426, 0.000000000000000000, 15.50000000000000355 ) ) ;
#349 = ORIENTED_EDGE ( 'NONE', *, *, #1496, .T. ) ;
#350 = PRODUCT_DEFINITION_SHAPE ( 'NONE', 'NONE',  #332 ) ;
#351 = CYLINDRICAL_SURFACE ( 'NONE', #411, 25.00000000000000000 ) ;
#352 = CARTESIAN_POINT ( 'NONE',  ( 11.99999999999999645, 1.724678898308568479E-15, -11.31370849898475939 ) ) ;
#353 = LINE ( 'NONE', #631, #1158 ) ;
#354 = CIRCLE ( 'NONE', #1733, 10.00000000000000000 ) ;
#355 = ORIENTED_EDGE ( 'NONE', *, *, #646, .T. ) ;
#356 = CARTESIAN_POINT ( 'NONE',  ( 0.6348061879937196839, -9.469109901749977354, 1.844598597234785142 ) ) ;
#357 = VERTEX_POINT ( 'NONE', #1446 ) ;
#358 = CYLINDRICAL_SURFACE ( 'NONE', #112, 15.00000000000000000 ) ;
#359 = AXIS2_PLACEMENT_3D ( 'NONE', #1166, #983, #1522 ) ;
#360 = EDGE_CURVE ( 'NONE', #991, #817, #1661, .T. ) ;
#361 = VERTEX_POINT ( 'NONE', #372 ) ;
#362 = CARTESIAN_POINT ( 'NONE',  ( 0.000000000000000000, 0.000000000000000000, -8.999999999999994671 ) ) ;
#363 = CIRCLE ( 'NONE', #1743, 15.50000000000000355 ) ;
#364 = ADVANCED_FACE ( 'NONE', ( #1199 ), #1714, .T. ) ;
#365 = CARTESIAN_POINT ( 'NONE',  ( 0.000000000000000000, 8.572330196915020295, -2.741378302069741757 ) ) ;
#366 = EDGE_CURVE ( 'NONE', #133, #1250, #1065, .T. ) ;
#367 = ORIENTED_EDGE ( 'NONE', *, *, #1555, .F. ) ;
#368 = CYLINDRICAL_SURFACE ( 'NONE', #1366, 4.249999999999992895 ) ;
#369 = ORIENTED_EDGE ( 'NONE', *, *, #1264, .T. ) ;
#370 = CARTESIAN_POINT ( 'NONE',  ( 56.55960681453659333, 14.65979393583282153, -3.180026274113394891 ) ) ;
#371 = EDGE_LOOP ( 'NONE', ( #1614, #207, #1016, #456 ) ) ;
#372 = CARTESIAN_POINT ( 'NONE',  ( 50.00000000000000000, 0.000000000000000000, 15.50000000000000355 ) ) ;
#373 = EDGE_CURVE ( 'NONE', #160, #1498, #1605, .T. ) ;
#374 = CARTESIAN_POINT ( 'NONE',  ( 40.00000000000000000, 0.000000000000000000, 0.000000000000000000 ) ) ;
#375 = AXIS2_PLACEMENT_3D ( 'NONE', #1696, #765, #199 ) ;
#376 = CARTESIAN_POINT ( 'NONE',  ( 52.50000000000000711, 0.000000000000000000, 15.00000000000000000 ) ) ;
#377 = ORIENTED_EDGE ( 'NONE', *, *, #1339, .F. ) ;
#378 = CIRCLE ( 'NONE', #1505, 14.29999999999999893 ) ;
#379 = CARTESIAN_POINT ( 'NONE',  ( 50.80000000000000426, 0.000000000000000000, 0.000000000000000000 ) ) ;
#380 = EDGE_LOOP ( 'NONE', ( #9, #251, #1697, #701 ) ) ;
#381 = DIRECTION ( 'NONE',  ( 0.000000000000000000, 1.000000000000000000, 0.000000000000000000 ) ) ;
#382 = DIRECTION ( 'NONE',  ( 0.000000000000000000, 0.000000000000000000, 1.000000000000000000 ) ) ;
#383 = CIRCLE ( 'NONE', #605, 25.00000000000000000 ) ;
#384 = FACE_BOUND ( 'NONE', #1173, .T. ) ;
#385 = ORIENTED_EDGE ( 'NONE', *, *, #1320, .F. ) ;
#386 = ADVANCED_FACE ( 'NONE', ( #527 ), #1044, .T. ) ;
#387 = CARTESIAN_POINT ( 'NONE',  ( -5.866723343975976945, 0.000000000000000000, 0.000000000000000000 ) ) ;
#388 = ORIENTED_EDGE ( 'NONE', *, *, #1694, .T. ) ;
#389 = LINE ( 'NONE', #1722, #585 ) ;
#390 = AXIS2_PLACEMENT_3D ( 'NONE', #1723, #1448, #382 ) ;
#392 = CARTESIAN_POINT ( 'NONE',  ( -5.866723343975976945, 9.899494936611663576, -1.414213562373096922 ) ) ;
#391 = CIRCLE ( 'NONE', #756, 8.000000000000000000 ) ;
#393 = EDGE_CURVE ( 'NONE', #1280, #1617, #1190, .T. ) ;
#394 = EDGE_LOOP ( 'NONE', ( #1034, #1370 ) ) ;
#395 = CARTESIAN_POINT ( 'NONE',  ( 88.77801772405408087, 14.56378556236613342, -3.592613327910140875 ) ) ;
#396 = CARTESIAN_POINT ( 'NONE',  ( 97.50000000000000000, 15.00000000000000000, 0.000000000000000000 ) ) ;
#397 = DIRECTION ( 'NONE',  ( 0.000000000000000000, 0.000000000000000000, 1.000000000000000000 ) ) ;
#398 = ORIENTED_EDGE ( 'NONE', *, *, #1389, .T. ) ;
#399 = VECTOR ( 'NONE', #324, 1000.000000000000000 ) ;
#400 = DESIGN_CONTEXT ( 'detailed design', #1074, 'design' ) ;
#401 = VERTEX_POINT ( 'NONE', #918 ) ;
#402 = DIRECTION ( 'NONE',  ( 0.000000000000000000, 0.000000000000000000, 1.000000000000000000 ) ) ;
#403 = ORIENTED_EDGE ( 'NONE', *, *, #1125, .T. ) ;
#404 = DIRECTION ( 'NONE',  ( 1.000000000000000000, -0.000000000000000000, -0.000000000000000000 ) ) ;
#405 = DIRECTION ( 'NONE',  ( -1.000000000000000000, -0.000000000000000000, -0.000000000000000000 ) ) ;
#406 = ORIENTED_EDGE ( 'NONE', *, *, #944, .F. ) ;
#407 = UNCERTAINTY_MEASURE_WITH_UNIT (LENGTH_MEASURE( 1.000000000000000082E-05 ), #1364, 'distance_accuracy_value', 'NONE');
#408 = ORIENTED_EDGE ( 'NONE', *, *, #1180, .F. ) ;
#409 = CARTESIAN_POINT ( 'NONE',  ( 57.70425573090154359, 14.51280317824353361, 3.793318381051911548 ) ) ;
#410 = DIRECTION ( 'NONE',  ( 1.000000000000000000, -0.000000000000000000, -0.000000000000000000 ) ) ;
#411 = AXIS2_PLACEMENT_3D ( 'NONE', #387, #1030, #760 ) ;
#412 = ORIENTED_EDGE ( 'NONE', *, *, #914, .F. ) ;
#413 = EDGE_CURVE ( 'NONE', #1209, #692, #389, .T. ) ;
#414 = DIRECTION ( 'NONE',  ( 1.000000000000000000, -0.000000000000000000, -0.000000000000000000 ) ) ;
#415 = DIRECTION ( 'NONE',  ( 0.000000000000000000, 0.000000000000000000, 1.000000000000000000 ) ) ;
#416 = AXIS2_PLACEMENT_3D ( 'NONE', #491, #1732, #1454 ) ;
#417 = ADVANCED_FACE ( 'NONE', ( #665, #801 ), #98, .F. ) ;
#418 = AXIS2_PLACEMENT_3D ( 'NONE', #580, #882, #1540 ) ;
#419 = EDGE_CURVE ( 'NONE', #627, #1594, #1736, .T. ) ;
#420 = ORIENTED_EDGE ( 'NONE', *, *, #393, .F. ) ;
#421 = CARTESIAN_POINT ( 'NONE',  ( 11.99999999999999645, -1.414213562373095590, 9.899494936611667129 ) ) ;
#422 = VERTEX_POINT ( 'NONE', #1217 ) ;
#423 = CARTESIAN_POINT ( 'NONE',  ( 11.99999999999999645, 1.414213562373095368, -9.899494936611667129 ) ) ;
#424 = DIRECTION ( 'NONE',  ( -1.000000000000000000, -0.000000000000000000, -0.000000000000000000 ) ) ;
#425 = CARTESIAN_POINT ( 'NONE',  ( 40.00000000000000000, 0.000000000000000000, -15.50000000000000178 ) ) ;
#426 = CIRCLE ( 'NONE', #566, 8.000000000000000000 ) ;
#427 = AXIS2_PLACEMENT_3D ( 'NONE', #159, #1256, #102 ) ;
#428 = ORIENTED_EDGE ( 'NONE', *, *, #279, .T. ) ;
#429 = CARTESIAN_POINT ( 'NONE',  ( 90.97399297088117009, 14.99300276868437720, 0.5261371306837556716 ) ) ;
#430 = VERTEX_POINT ( 'NONE', #1184 ) ;
#431 = CIRCLE ( 'NONE', #32, 8.999999999999994671 ) ;
#432 = DIRECTION ( 'NONE',  ( 0.000000000000000000, -1.000000000000000000, 0.000000000000000000 ) ) ;
#433 = CC_DESIGN_DATE_AND_TIME_ASSIGNMENT ( #1008, #1548, ( #705 ) ) ;
#434 = FACE_OUTER_BOUND ( 'NONE', #1188, .T. ) ;
#435 = LINE ( 'NONE', #1265, #1670 ) ;
#436 = EDGE_CURVE ( 'NONE', #1617, #272, #1403, .T. ) ;
#437 = ORIENTED_EDGE ( 'NONE', *, *, #1607, .T. ) ;
#438 = ADVANCED_FACE ( 'NONE', ( #1333 ), #1458, .F. ) ;
#439 = DIRECTION ( 'NONE',  ( -1.000000000000000000, -0.000000000000000000, -0.000000000000000000 ) ) ;
#440 = CONICAL_SURFACE ( 'NONE', #1429, 4.249999999999992895, 0.7853981633974473908 ) ;
#441 = ORIENTED_EDGE ( 'NONE', *, *, #1077, .F. ) ;
#442 = DIRECTION ( 'NONE',  ( -1.000000000000000000, -0.000000000000000000, -0.000000000000000000 ) ) ;
#443 = DIRECTION ( 'NONE',  ( 0.000000000000000000, 0.000000000000000000, 1.000000000000000000 ) ) ;
#444 = DIRECTION ( 'NONE',  ( 0.000000000000000000, 0.000000000000000000, -1.000000000000000000 ) ) ;
#445 = VECTOR ( 'NONE', #1591, 1000.000000000000114 ) ;
#446 = AXIS2_PLACEMENT_3D ( 'NONE', #348, #1193, #1717 ) ;
#447 = ORIENTED_EDGE ( 'NONE', *, *, #302, .F. ) ;
#448 = EDGE_CURVE ( 'NONE', #692, #870, #1578, .T. ) ;
#449 = PERSON_AND_ORGANIZATION ( #1440, #1251 ) ;
#450 = CARTESIAN_POINT ( 'NONE',  ( 1.000000000000000000, 5.204748896376241824E-16, -4.249999999999992895 ) ) ;
#451 = ORIENTED_EDGE ( 'NONE', *, *, #254, .F. ) ;
#452 = CARTESIAN_POINT ( 'NONE',  ( 0.000000000000000000, 8.572330196915020295, 2.741378302069742645 ) ) ;
#453 = FACE_OUTER_BOUND ( 'NONE', #1345, .T. ) ;
#454 = DIRECTION ( 'NONE',  ( -1.000000000000000000, -0.000000000000000000, -0.000000000000000000 ) ) ;
#455 = DIRECTION ( 'NONE',  ( 0.000000000000000000, -4.440892098500626162E-15, -1.000000000000000000 ) ) ;
#456 = ORIENTED_EDGE ( 'NONE', *, *, #595, .F. ) ;
#457 = PERSON_AND_ORGANIZATION ( #1440, #1251 ) ;
#458 = AXIS2_PLACEMENT_3D ( 'NONE', #804, #136, #1751 ) ;
#459 = CARTESIAN_POINT ( 'NONE',  ( 1.000000000000011324, -1.414213562373099586, 9.899494936611665352 ) ) ;
#460 = ORIENTED_EDGE ( 'NONE', *, *, #1411, .T. ) ;
#461 = CARTESIAN_POINT ( 'NONE',  ( 87.00000000000001421, 25.00000000000000000, 3.999999999999999112 ) ) ;
#462 = DIRECTION ( 'NONE',  ( 0.7071067811865500152, 0.000000000000000000, -0.7071067811865451302 ) ) ;
#463 = CARTESIAN_POINT ( 'NONE',  ( 12.00000000000000355, 1.592040838891556926E-15, 12.99999999999998224 ) ) ;
#464 = CONICAL_SURFACE ( 'NONE', #685, 15.00000000000000000, 0.7853981633974500554 ) ;
#465 = ADVANCED_FACE ( 'NONE', ( #1590, #1081 ), #1453, .F. ) ;
#466 = CYLINDRICAL_SURFACE ( 'NONE', #1141, 9.999999999999998224 ) ;
#467 = ORIENTED_EDGE ( 'NONE', *, *, #1435, .F. ) ;
#468 = CALENDAR_DATE ( 2024, 19, 8 ) ;
#469 = DIRECTION ( 'NONE',  ( -0.000000000000000000, 1.000000000000000000, 1.224646799147353207E-16 ) ) ;
#470 = ORIENTED_EDGE ( 'NONE', *, *, #1156, .T. ) ;
#471 = DIRECTION ( 'NONE',  ( 0.000000000000000000, 0.000000000000000000, 1.000000000000000000 ) ) ;
#472 = CARTESIAN_POINT ( 'NONE',  ( 1.000000000000011324, 0.000000000000000000, -9.999999999999998224 ) ) ;
#473 = ADVANCED_FACE ( 'NONE', ( #901 ), #1749, .F. ) ;
#474 = VERTEX_POINT ( 'NONE', #362 ) ;
#475 = VECTOR ( 'NONE', #168, 1000.000000000000000 ) ;
#476 = APPLICATION_PROTOCOL_DEFINITION ( 'international standard', 'config_control_design', 1994, #306 ) ;
#477 = VECTOR ( 'NONE', #1011, 1000.000000000000114 ) ;
#478 = DIRECTION ( 'NONE',  ( -1.000000000000000000, -0.000000000000000000, -0.000000000000000000 ) ) ;
#479 = ORIENTED_EDGE ( 'NONE', *, *, #730, .F. ) ;
#480 = CARTESIAN_POINT ( 'NONE',  ( 59.00000000000001421, 25.00000000000000000, 3.999999999999999112 ) ) ;
#481 = FACE_BOUND ( 'NONE', #1577, .T. ) ;
#482 = DIRECTION ( 'NONE',  ( 1.000000000000000000, 0.000000000000000000, 0.000000000000000000 ) ) ;
#483 = ADVANCED_FACE ( 'NONE', ( #219 ), #632, .F. ) ;
#484 = ORIENTED_EDGE ( 'NONE', *, *, #115, .F. ) ;
#485 = DIRECTION ( 'NONE',  ( 1.000000000000000000, 0.000000000000000000, 0.000000000000000000 ) ) ;
#486 = LOCAL_TIME ( 14, 26, 23.00000000000000000, #736 ) ;
#487 = EDGE_LOOP ( 'NONE', ( #1064, #288, #607, #86 ) ) ;
#488 = FACE_OUTER_BOUND ( 'NONE', #824, .T. ) ;
#489 = LINE ( 'NONE', #321, #1563 ) ;
#490 = CC_DESIGN_PERSON_AND_ORGANIZATION_ASSIGNMENT ( #457, #1525, ( #332 ) ) ;
#491 = CARTESIAN_POINT ( 'NONE',  ( 51.27506275965939153, 0.000000000000000000, 15.50000000000000178 ) ) ;
#492 = EDGE_LOOP ( 'NONE', ( #1286, #1038, #1560, #835 ) ) ;
#493 = EDGE_CURVE ( 'NONE', #664, #401, #676, .T. ) ;
#494 = CARTESIAN_POINT ( 'NONE',  ( 1.000000000000011324, -9.899494936611665352, 1.414213562373099586 ) ) ;
#495 = VERTEX_POINT ( 'NONE', #813 ) ;
#496 = DIRECTION ( 'NONE',  ( 0.000000000000000000, 0.000000000000000000, -1.000000000000000000 ) ) ;
#497 = EDGE_CURVE ( 'NONE', #250, #625, #1351, .T. ) ;
#498 = LINE ( 'NONE', #1021, #1130 ) ;
#499 = CARTESIAN_POINT ( 'NONE',  ( 0.000000000000000000, 1.724678898308568479E-15, -11.31370849898475939 ) ) ;
#500 = AXIS2_PLACEMENT_3D ( 'NONE', #230, #1046, #784 ) ;
#501 = CARTESIAN_POINT ( 'NONE',  ( 0.000000000000000000, 0.000000000000000000, 5.249999999999991118 ) ) ;
#502 = CARTESIAN_POINT ( 'NONE',  ( 12.00000000000000178, 0.000000000000000000, -12.99999999999998046 ) ) ;
#503 = ADVANCED_FACE ( 'NONE', ( #1483 ), #1595, .T. ) ;
#504 = ORIENTED_EDGE ( 'NONE', *, *, #1618, .F. ) ;
#505 = B_SPLINE_CURVE_WITH_KNOTS ( 'NONE', 3,
 ( #1713, #644, #1164, #1197 ),
 .UNSPECIFIED., .F., .F.,
 ( 4, 4 ),
 ( 2.084373266899508154E-18, 0.002126671693653751308 ),
 .UNSPECIFIED. ) ;
#506 = CARTESIAN_POINT ( 'NONE',  ( 99.00000000000000000, 1.836970198721029589E-15, -15.00000000000000000 ) ) ;
#507 = DIRECTION ( 'NONE',  ( -1.000000000000000000, 0.000000000000000000, 0.000000000000000000 ) ) ;
#508 = AXIS2_PLACEMENT_3D ( 'NONE', #1699, #1572, #1681 ) ;
#509 = DIRECTION ( 'NONE',  ( 1.000000000000000000, 0.000000000000000000, 0.000000000000000000 ) ) ;
#510 = CYLINDRICAL_SURFACE ( 'NONE', #309, 15.00000000000000000 ) ;
#511 = ORIENTED_EDGE ( 'NONE', *, *, #1513, .T. ) ;
#512 = FACE_OUTER_BOUND ( 'NONE', #647, .T. ) ;
#513 = AXIS2_PLACEMENT_3D ( 'NONE', #1298, #65, #1416 ) ;
#514 = CARTESIAN_POINT ( 'NONE',  ( 95.90000000000000568, 15.00000000000000000, 0.000000000000000000 ) ) ;
#515 = DIRECTION ( 'NONE',  ( 1.000000000000000000, 0.000000000000000000, 0.000000000000000000 ) ) ;
#516 = CIRCLE ( 'NONE', #193, 13.99999999999999467 ) ;
#517 = CARTESIAN_POINT ( 'NONE',  ( -5.866723343975976945, 0.000000000000000000, 0.000000000000000000 ) ) ;
#518 = ORIENTED_EDGE ( 'NONE', *, *, #833, .T. ) ;
#519 = VECTOR ( 'NONE', #1396, 1000.000000000000114 ) ;
#520 = CARTESIAN_POINT ( 'NONE',  ( 13.00000000000002842, 0.000000000000000000, 0.000000000000000000 ) ) ;
#521 = ORIENTED_EDGE ( 'NONE', *, *, #1119, .T. ) ;
#522 = CARTESIAN_POINT ( 'NONE',  ( -5.391182137840081268, 0.000000000000000000, 0.000000000000000000 ) ) ;
#523 = CARTESIAN_POINT ( 'NONE',  ( -5.866723343975976945, 9.899494936611663576, 1.414213562373102251 ) ) ;
#524 = EDGE_CURVE ( 'NONE', #357, #1467, #1056, .T. ) ;
#525 = VERTEX_POINT ( 'NONE', #1707 ) ;
#526 = DIRECTION ( 'NONE',  ( -1.000000000000000000, -0.000000000000000000, -0.000000000000000000 ) ) ;
#527 = FACE_OUTER_BOUND ( 'NONE', #1494, .T. ) ;
#528 = CIRCLE ( 'NONE', #416, 0.8000000000000020428 ) ;
#530 = FACE_OUTER_BOUND ( 'NONE', #576, .T. ) ;
#529 = CIRCLE ( 'NONE', #1742, 9.999999999999998224 ) ;
#531 = DIRECTION ( 'NONE',  ( 1.000000000000000000, -0.000000000000000000, -0.000000000000000000 ) ) ;
#532 = ORIENTED_EDGE ( 'NONE', *, *, #1096, .T. ) ;
#533 = VECTOR ( 'NONE', #927, 1000.000000000000000 ) ;
#534 = ADVANCED_FACE ( 'NONE', ( #488 ), #351, .T. ) ;
#535 = ORIENTED_EDGE ( 'NONE', *, *, #299, .T. ) ;
#536 = DIRECTION ( 'NONE',  ( -1.000000000000000000, -0.000000000000000000, -0.000000000000000000 ) ) ;
#537 = ORIENTED_EDGE ( 'NONE', *, *, #1513, .F. ) ;
#538 = CARTESIAN_POINT ( 'NONE',  ( -5.866723343975976945, 1.836970198721029589E-15, -15.00000000000000000 ) ) ;
#539 = CARTESIAN_POINT ( 'NONE',  ( -5.866723343975976945, 0.000000000000000000, 0.000000000000000000 ) ) ;
#540 = CARTESIAN_POINT ( 'NONE',  ( 12.00000000000000178, 0.000000000000000000, 0.000000000000000000 ) ) ;
#541 = CC_DESIGN_PERSON_AND_ORGANIZATION_ASSIGNMENT ( #449, #988, ( #75 ) ) ;
#542 = ORIENTED_EDGE ( 'NONE', *, *, #1297, .F. ) ;
#543 = EDGE_CURVE ( 'NONE', #1635, #744, #1457, .T. ) ;
#544 = CARTESIAN_POINT ( 'NONE',  ( 55.20418132563825253, 14.94652878537993601, 1.288761059899527162 ) ) ;
#545 = EDGE_CURVE ( 'NONE', #1712, #76, #951, .T. ) ;
#546 = ORIENTED_EDGE ( 'NONE', *, *, #752, .T. ) ;
#547 = DIRECTION ( 'NONE',  ( 0.000000000000000000, -0.7071067811865474617, -0.7071067811865474617 ) ) ;
#548 = FACE_OUTER_BOUND ( 'NONE', #1445, .T. ) ;
#549 = DIRECTION ( 'NONE',  ( -1.000000000000000000, -0.000000000000000000, -0.000000000000000000 ) ) ;
#550 = ORIENTED_EDGE ( 'NONE', *, *, #227, .T. ) ;
#551 = CARTESIAN_POINT ( 'NONE',  ( 89.64480593476456249, 14.69566445511124719, 3.012037617465344930 ) ) ;
#552 = VECTOR ( 'NONE', #547, 1000.000000000000114 ) ;
#553 = ORIENTED_EDGE ( 'NONE', *, *, #1264, .F. ) ;
#554 = DIRECTION ( 'NONE',  ( -0.000000000000000000, 0.000000000000000000, 1.000000000000000000 ) ) ;
#555 = CARTESIAN_POINT ( 'NONE',  ( 1.000000000000000000, 0.000000000000000000, 0.000000000000000000 ) ) ;
#556 = DIRECTION ( 'NONE',  ( 1.000000000000000000, 0.000000000000000000, 0.000000000000000000 ) ) ;
#557 = AXIS2_PLACEMENT_3D ( 'NONE', #1040, #1582, #1716 ) ;
#558 = VECTOR ( 'NONE', #1645, 1000.000000000000114 ) ;
#559 = ORIENTED_EDGE ( 'NONE', *, *, #641, .T. ) ;
#560 = ADVANCED_FACE ( 'NONE', ( #1729, #512 ), #358, .T. ) ;
#561 = CARTESIAN_POINT ( 'NONE',  ( 56.35544080723133220, 14.69560284124310101, 3.012438429109661531 ) ) ;
#562 = EDGE_LOOP ( 'NONE', ( #1026, #1381, #228, #1080 ) ) ;
#563 = DIRECTION ( 'NONE',  ( 1.000000000000000000, 0.000000000000000000, 0.000000000000000000 ) ) ;
#564 = CARTESIAN_POINT ( 'NONE',  ( 0.6348061879937203500, -9.469109901749977354, -1.844598597234787585 ) ) ;
#565 = LOCAL_TIME ( 14, 26, 23.00000000000000000, #999 ) ;
#566 = AXIS2_PLACEMENT_3D ( 'NONE', #994, #1632, #415 ) ;
#567 = AXIS2_PLACEMENT_3D ( 'NONE', #610, #338, #1430 ) ;
#568 = ORIENTED_EDGE ( 'NONE', *, *, #1375, .T. ) ;
#569 = DIRECTION ( 'NONE',  ( 0.000000000000000000, 0.000000000000000000, -1.000000000000000000 ) ) ;
#570 = ORIENTED_EDGE ( 'NONE', *, *, #104, .F. ) ;
#571 = AXIS2_PLACEMENT_3D ( 'NONE', #1371, #526, #1072 ) ;
#572 = DIRECTION ( 'NONE',  ( 0.000000000000000000, 0.7071067811865475727, -0.7071067811865475727 ) ) ;
#573 = DIRECTION ( 'NONE',  ( 0.000000000000000000, -1.224646799147352468E-16, 1.000000000000000000 ) ) ;
#574 = ADVANCED_FACE ( 'NONE', ( #1444 ), #208, .F. ) ;
#575 = FACE_OUTER_BOUND ( 'NONE', #1679, .T. ) ;
#576 = EDGE_LOOP ( 'NONE', ( #1388, #1687, #956, #1229 ) ) ;
#577 = CARTESIAN_POINT ( 'NONE',  ( -5.866723343975976945, 0.000000000000000000, 0.000000000000000000 ) ) ;
#578 = TOROIDAL_SURFACE ( 'NONE', #749, 15.50000000000000178, 1.500000000000000000 ) ;
#579 = ORIENTED_EDGE ( 'NONE', *, *, #1025, .T. ) ;
#580 = CARTESIAN_POINT ( 'NONE',  ( 51.48211799574141168, 0.000000000000000000, 0.000000000000000000 ) ) ;
#581 = AXIS2_PLACEMENT_3D ( 'NONE', #1730, #507, #770 ) ;
#582 = CARTESIAN_POINT ( 'NONE',  ( 9.673140024990090069, 0.000000000000000000, 14.70000000000000107 ) ) ;
#583 = DIRECTION ( 'NONE',  ( 0.000000000000000000, 0.000000000000000000, 1.000000000000000000 ) ) ;
#584 = EDGE_LOOP ( 'NONE', ( #341, #1706 ) ) ;
#585 = VECTOR ( 'NONE', #936, 1000.000000000000000 ) ;
#586 = PERSON_AND_ORGANIZATION ( #1440, #1251 ) ;
#587 = CARTESIAN_POINT ( 'NONE',  ( 1.000000000000011324, 1.414213562373096922, -9.899494936611663576 ) ) ;
#588 = ORIENTED_EDGE ( 'NONE', *, *, #277, .T. ) ;
#589 = CARTESIAN_POINT ( 'NONE',  ( 0.000000000000000000, 0.000000000000000000, 0.000000000000000000 ) ) ;
#590 = DIRECTION ( 'NONE',  ( -1.000000000000000000, -0.000000000000000000, -0.000000000000000000 ) ) ;
#591 = CARTESIAN_POINT ( 'NONE',  ( -5.866723343975976945, 0.000000000000000000, 0.000000000000000000 ) ) ;
#592 = EDGE_LOOP ( 'NONE', ( #1638, #715, #18, #1150 ) ) ;
#593 = PERSON_AND_ORGANIZATION ( #1440, #1251 ) ;
#594 = DIRECTION ( 'NONE',  ( 0.000000000000000000, 0.000000000000000000, 1.000000000000000000 ) ) ;
#595 = EDGE_CURVE ( 'NONE', #1467, #611, #1257, .T. ) ;
#596 = ORIENTED_EDGE ( 'NONE', *, *, #1720, .T. ) ;
#597 = DIRECTION ( 'NONE',  ( 0.000000000000000000, 0.000000000000000000, 1.000000000000000000 ) ) ;
#598 = AXIS2_PLACEMENT_3D ( 'NONE', #978, #1000, #154 ) ;
#599 = EDGE_LOOP ( 'NONE', ( #1524, #216, #881, #270 ) ) ;
#600 = APPROVAL_STATUS ( 'not_yet_approved' ) ;
#601 = DIRECTION ( 'NONE',  ( -1.000000000000000000, -0.000000000000000000, -0.000000000000000000 ) ) ;
#602 = ORIENTED_EDGE ( 'NONE', *, *, #366, .T. ) ;
#603 = DIRECTION ( 'NONE',  ( -1.000000000000000000, 0.000000000000000000, 0.000000000000000000 ) ) ;
#604 = EDGE_CURVE ( 'NONE', #361, #290, #1111, .T. ) ;
#605 = AXIS2_PLACEMENT_3D ( 'NONE', #214, #1160, #894 ) ;
#606 = FACE_OUTER_BOUND ( 'NONE', #1642, .T. ) ;
#607 = ORIENTED_EDGE ( 'NONE', *, *, #651, .T. ) ;
#608 = AXIS2_PLACEMENT_3D ( 'NONE', #919, #763, #221 ) ;
#609 = COORDINATED_UNIVERSAL_TIME_OFFSET ( 1, 0, .AHEAD. ) ;
#610 = CARTESIAN_POINT ( 'NONE',  ( -5.866723343975976945, 0.000000000000000000, 0.000000000000000000 ) ) ;
#611 = VERTEX_POINT ( 'NONE', #1331 ) ;
#612 = CARTESIAN_POINT ( 'NONE',  ( 12.00000000000000178, 1.653273178848925881E-15, 12.99999999999998046 ) ) ;
#613 = DIRECTION ( 'NONE',  ( -1.000000000000000000, -0.000000000000000000, -0.000000000000000000 ) ) ;
#614 = FACE_OUTER_BOUND ( 'NONE', #1306, .T. ) ;
#615 = EDGE_CURVE ( 'NONE', #474, #1124, #431, .T. ) ;
#616 = EDGE_CURVE ( 'NONE', #1565, #311, #1181, .T. ) ;
#617 = ORIENTED_EDGE ( 'NONE', *, *, #1180, .T. ) ;
#618 = DIRECTION ( 'NONE',  ( 0.000000000000000000, 0.000000000000000000, 1.000000000000000000 ) ) ;
#619 = ORIENTED_EDGE ( 'NONE', *, *, #1753, .T. ) ;
#620 = CONICAL_SURFACE ( 'NONE', #458, 8.999999999999994671, 0.7853981633974447263 ) ;
#621 = CARTESIAN_POINT ( 'NONE',  ( 59.00000000000001421, 14.45683229480095910, -4.000000000000000888 ) ) ;
#622 = DIRECTION ( 'NONE',  ( 0.000000000000000000, 0.000000000000000000, -1.000000000000000000 ) ) ;
#623 = DIRECTION ( 'NONE',  ( 0.000000000000000000, 0.000000000000000000, -1.000000000000000000 ) ) ;
#624 = EDGE_CURVE ( 'NONE', #1534, #1480, #505, .T. ) ;
#625 = VERTEX_POINT ( 'NONE', #79 ) ;
#626 = DIRECTION ( 'NONE',  ( 1.000000000000000000, 0.000000000000000000, 0.000000000000000000 ) ) ;
#627 = VERTEX_POINT ( 'NONE', #506 ) ;
#628 = DIRECTION ( 'NONE',  ( 0.000000000000000000, 0.000000000000000000, 1.000000000000000000 ) ) ;
#629 = VERTEX_POINT ( 'NONE', #612 ) ;
#630 = CARTESIAN_POINT ( 'NONE',  ( 97.50000000000000000, 0.000000000000000000, 0.000000000000000000 ) ) ;
#631 = CARTESIAN_POINT ( 'NONE',  ( -5.866723343975976945, 14.45683229480096088, 3.999999999999999112 ) ) ;
#632 = TOROIDAL_SURFACE ( 'NONE', #1041, 15.50000000000000178, 1.500000000000000000 ) ;
#633 = CARTESIAN_POINT ( 'NONE',  ( 50.80000000000000426, 1.800230794746609518E-15, -14.70000000000000107 ) ) ;
#634 = AXIS2_PLACEMENT_3D ( 'NONE', #1693, #482, #444 ) ;
#635 = ORIENTED_EDGE ( 'NONE', *, *, #493, .T. ) ;
#636 = AXIS2_PLACEMENT_3D ( 'NONE', #55, #1551, #331 ) ;
#637 = DIRECTION ( 'NONE',  ( -1.000000000000000000, -0.000000000000000000, -0.000000000000000000 ) ) ;
#638 = ORIENTED_EDGE ( 'NONE', *, *, #1420, .T. ) ;
#639 = DIRECTION ( 'NONE',  ( 0.000000000000000000, -0.000000000000000000, 1.000000000000000000 ) ) ;
#640 = DIRECTION ( 'NONE',  ( -0.7071067811865463515, 0.000000000000000000, 0.7071067811865487940 ) ) ;
#641 = EDGE_CURVE ( 'NONE', #54, #766, #987, .T. ) ;
#642 = CARTESIAN_POINT ( 'NONE',  ( 0.2957818423218619430, -9.028865704136416426, 2.284842794848344738 ) ) ;
#643 = ORIENTED_EDGE ( 'NONE', *, *, #1439, .T. ) ;
#644 = CARTESIAN_POINT ( 'NONE',  ( 0.2957818423218613324, 2.284842794848350067, 9.028865704136412873 ) ) ;
#645 = AXIS2_PLACEMENT_3D ( 'NONE', #1227, #549, #141 ) ;
#646 = EDGE_CURVE ( 'NONE', #1665, #153, #177, .T. ) ;
#647 = EDGE_LOOP ( 'NONE', ( #68, #1630, #406, #706 ) ) ;
#648 = DIRECTION ( 'NONE',  ( -1.000000000000000000, -0.000000000000000000, -0.000000000000000000 ) ) ;
#649 = DIRECTION ( 'NONE',  ( 1.000000000000000000, 0.000000000000000000, 0.000000000000000000 ) ) ;
#650 = AXIS2_PLACEMENT_3D ( 'NONE', #555, #1207, #267 ) ;
#651 = EDGE_CURVE ( 'NONE', #1336, #160, #1031, .T. ) ;
#652 = AXIS2_PLACEMENT_3D ( 'NONE', #1123, #35, #1259 ) ;
#653 = ORIENTED_EDGE ( 'NONE', *, *, #254, .T. ) ;
#654 = CARTESIAN_POINT ( 'NONE',  ( 90.59308536508751786, 14.89633762119252935, 1.776937342985582813 ) ) ;
#655 = VERTEX_POINT ( 'NONE', #942 ) ;
#656 = CARTESIAN_POINT ( 'NONE',  ( 103.5594490902112170, 0.000000000000000000, -14.29999999999999893 ) ) ;
#657 = EDGE_CURVE ( 'NONE', #611, #1467, #1705, .T. ) ;
#658 = FACE_OUTER_BOUND ( 'NONE', #562, .T. ) ;
#659 = ORIENTED_EDGE ( 'NONE', *, *, #1648, .F. ) ;
#660 = CIRCLE ( 'NONE', #1655, 5.249999999999991118 ) ;
#661 = VERTEX_POINT ( 'NONE', #1481 ) ;
#662 = CARTESIAN_POINT ( 'NONE',  ( 55.12836933683608720, 14.96619794067775722, 1.038814180300451362 ) ) ;
#663 = CARTESIAN_POINT ( 'NONE',  ( 99.00000000000000000, 0.000000000000000000, 15.00000000000000000 ) ) ;
#664 = VERTEX_POINT ( 'NONE', #421 ) ;
#665 = FACE_BOUND ( 'NONE', #300, .T. ) ;
#666 = VECTOR ( 'NONE', #157, 1000.000000000000000 ) ;
#668 = CARTESIAN_POINT ( 'NONE',  ( 0.000000000000000000, 0.000000000000000000, 0.000000000000000000 ) ) ;
#667 = AXIS2_PLACEMENT_3D ( 'NONE', #140, #6, #686 ) ;
#669 = CARTESIAN_POINT ( 'NONE',  ( 51.48211799574141168, 0.000000000000000000, 0.000000000000000000 ) ) ;
#670 = ADVANCED_FACE ( 'NONE', ( #113 ), #280, .T. ) ;
#671 = EDGE_CURVE ( 'NONE', #1602, #311, #1728, .T. ) ;
#672 = ORIENTED_EDGE ( 'NONE', *, *, #1435, .T. ) ;
#673 = EDGE_CURVE ( 'NONE', #759, #904, #1678, .T. ) ;
#674 = CARTESIAN_POINT ( 'NONE',  ( 89.44039318546344930, 14.65979393583282153, 3.180026274113389562 ) ) ;
#675 = ORIENTED_EDGE ( 'NONE', *, *, #1254, .T. ) ;
#676 = LINE ( 'NONE', #5, #552 ) ;
#677 = CARTESIAN_POINT ( 'NONE',  ( 59.00000000000001421, 25.00000000000000000, -4.000000000000000888 ) ) ;
#678 = CARTESIAN_POINT ( 'NONE',  ( 13.00000000000002842, 1.714505518806294835E-15, -14.00000000000000178 ) ) ;
#679 = CARTESIAN_POINT ( 'NONE',  ( 51.48211799574141168, 1.820269649844566750E-15, 14.72725933896874295 ) ) ;
#680 = CONICAL_SURFACE ( 'NONE', #375, 8.999999999999994671, 0.7853981633974447263 ) ;
#681 = EDGE_CURVE ( 'NONE', #625, #250, #797, .T. ) ;
#682 = ORIENTED_EDGE ( 'NONE', *, *, #1339, .T. ) ;
#683 = CARTESIAN_POINT ( 'NONE',  ( 55.12937551293889271, 14.96593618217723076, -1.042931681875744143 ) ) ;
#684 = ORIENTED_EDGE ( 'NONE', *, *, #1240, .T. ) ;
#685 = AXIS2_PLACEMENT_3D ( 'NONE', #1283, #334, #1005 ) ;
#686 = DIRECTION ( 'NONE',  ( 0.000000000000000000, 0.000000000000000000, -1.000000000000000000 ) ) ;
#687 = CARTESIAN_POINT ( 'NONE',  ( 0.000000000000000000, 0.000000000000000000, 0.000000000000000000 ) ) ;
#688 = AXIS2_PLACEMENT_3D ( 'NONE', #1646, #284, #1510 ) ;
#689 = ORIENTED_EDGE ( 'NONE', *, *, #967, .T. ) ;
#690 = CARTESIAN_POINT ( 'NONE',  ( 87.26550687481562818, 14.45683229480096266, 3.999999999999999112 ) ) ;
#691 = B_SPLINE_CURVE_WITH_KNOTS ( 'NONE', 3,
 ( #714, #975, #996, #697 ),
 .UNSPECIFIED., .F., .F.,
 ( 4, 4 ),
 ( 5.777859416904051974E-19, 0.002126671693653751742 ),
 .UNSPECIFIED. ) ;
#692 = VERTEX_POINT ( 'NONE', #450 ) ;
#693 = DIRECTION ( 'NONE',  ( 1.000000000000000000, 0.000000000000000000, 0.000000000000000000 ) ) ;
#694 = CARTESIAN_POINT ( 'NONE',  ( 87.00000000000001421, 11.00000000000000000, 3.999999999999999112 ) ) ;
#695 = CIRCLE ( 'NONE', #1069, 14.00000000000000178 ) ;
#696 = VECTOR ( 'NONE', #1116, 1000.000000000000000 ) ;
#697 = CARTESIAN_POINT ( 'NONE',  ( 1.000000000000011324, -1.414213562373096922, -9.899494936611665352 ) ) ;
#698 = ORIENTED_EDGE ( 'NONE', *, *, #1404, .F. ) ;
#699 = DIRECTION ( 'NONE',  ( 1.000000000000000000, 0.000000000000000000, 0.000000000000000000 ) ) ;
#700 = FACE_OUTER_BOUND ( 'NONE', #816, .T. ) ;
#701 = ORIENTED_EDGE ( 'NONE', *, *, #279, .F. ) ;
#702 = EDGE_CURVE ( 'NONE', #153, #133, #1657, .T. ) ;
#703 = DIRECTION ( 'NONE',  ( 0.000000000000000000, -1.000000000000000000, 0.000000000000000000 ) ) ;
#704 = DIRECTION ( 'NONE',  ( 0.000000000000000000, 0.000000000000000000, 1.000000000000000000 ) ) ;
#705 = SECURITY_CLASSIFICATION ( '', '', #1151 ) ;
#706 = ORIENTED_EDGE ( 'NONE', *, *, #815, .F. ) ;
#707 = CALENDAR_DATE ( 2024, 19, 8 ) ;
#708 = PLANE ( 'NONE',  #912 ) ;
#709 = ORIENTED_EDGE ( 'NONE', *, *, #52, .T. ) ;
#710 = AXIS2_PLACEMENT_3D ( 'NONE', #379, #637, #890 ) ;
#711 = CARTESIAN_POINT ( 'NONE',  ( 15.00000000000000000, 0.000000000000000000, 0.000000000000000000 ) ) ;
#712 = LINE ( 'NONE', #582, #275 ) ;
#713 = DIRECTION ( 'NONE',  ( 0.7071067811865493491, 0.000000000000000000, -0.7071067811865456854 ) ) ;
#714 = CARTESIAN_POINT ( 'NONE',  ( 0.000000000000000000, -2.741378302069732875, -8.572330196915025624 ) ) ;
#715 = ORIENTED_EDGE ( 'NONE', *, *, #910, .T. ) ;
#716 = PERSON_AND_ORGANIZATION ( #1440, #1251 ) ;
#717 = CARTESIAN_POINT ( 'NONE',  ( 87.00000000000001421, 25.00000000000000000, -4.000000000000000888 ) ) ;
#718 = EDGE_LOOP ( 'NONE', ( #812, #769 ) ) ;
#719 = DIRECTION ( 'NONE',  ( 1.000000000000000000, 0.000000000000000000, 0.000000000000000000 ) ) ;
#720 = AXIS2_PLACEMENT_3D ( 'NONE', #786, #107, #255 ) ;
#721 = CARTESIAN_POINT ( 'NONE',  ( 103.5594490902112170, 0.000000000000000000, 0.000000000000000000 ) ) ;
#722 = CARTESIAN_POINT ( 'NONE',  ( 59.00000000000001421, 11.00000000000000000, 3.999999999999999112 ) ) ;
#723 = AXIS2_PLACEMENT_3D ( 'NONE', #992, #1529, #314 ) ;
#724 = EDGE_CURVE ( 'NONE', #357, #1336, #940, .T. ) ;
#725 = EDGE_LOOP ( 'NONE', ( #684, #307 ) ) ;
#726 = APPROVAL_ROLE ( '' ) ;
#727 = EDGE_CURVE ( 'NONE', #661, #744, #1647, .T. ) ;
#728 = DIRECTION ( 'NONE',  ( 0.000000000000000000, 0.000000000000000000, 1.000000000000000000 ) ) ;
#729 = ORIENTED_EDGE ( 'NONE', *, *, #802, .T. ) ;
#730 = EDGE_CURVE ( 'NONE', #979, #1480, #1009, .T. ) ;
#731 = DIRECTION ( 'NONE',  ( -1.000000000000000000, -0.000000000000000000, -0.000000000000000000 ) ) ;
#732 = CARTESIAN_POINT ( 'NONE',  ( 1.000000000000011324, -9.899494936611665352, 1.414213562373099586 ) ) ;
#733 = CARTESIAN_POINT ( 'NONE',  ( 12.00000000000000355, 0.000000000000000000, -12.99999999999998224 ) ) ;
#734 = AXIS2_PLACEMENT_3D ( 'NONE', #1410, #590, #751 ) ;
#735 = VERTEX_POINT ( 'NONE', #184 ) ;
#736 = COORDINATED_UNIVERSAL_TIME_OFFSET ( 1, 0, .AHEAD. ) ;
#737 = CONICAL_SURFACE ( 'NONE', #83, 8.999999999999994671, 0.7853981633974447263 ) ;
#738 = DIRECTION ( 'NONE',  ( 0.000000000000000000, 0.000000000000000000, -1.000000000000000000 ) ) ;
#739 = EDGE_LOOP ( 'NONE', ( #1036, #11, #441, #1365 ) ) ;
#740 = DIRECTION ( 'NONE',  ( 1.000000000000000000, -0.000000000000000000, -0.000000000000000000 ) ) ;
#741 = CARTESIAN_POINT ( 'NONE',  ( 97.50000000000000000, 0.000000000000000000, 15.00000000000000000 ) ) ;
#742 = FACE_OUTER_BOUND ( 'NONE', #739, .T. ) ;
#743 = AXIS2_PLACEMENT_3D ( 'NONE', #862, #439, #844 ) ;
#744 = VERTEX_POINT ( 'NONE', #1549 ) ;
#745 = PERSON_AND_ORGANIZATION ( #1440, #1251 ) ;
#746 = DIRECTION ( 'NONE',  ( 0.000000000000000000, 0.000000000000000000, -1.000000000000000000 ) ) ;
#747 = ORIENTED_EDGE ( 'NONE', *, *, #1463, .T. ) ;
#748 = CARTESIAN_POINT ( 'NONE',  ( -5.866723343975976945, 0.000000000000000000, 0.000000000000000000 ) ) ;
#749 = AXIS2_PLACEMENT_3D ( 'NONE', #346, #805, #939 ) ;
#750 = ADVANCED_FACE ( 'NONE', ( #310 ), #1152, .T. ) ;
#751 = DIRECTION ( 'NONE',  ( 0.000000000000000000, 0.000000000000000000, 1.000000000000000000 ) ) ;
#752 = EDGE_CURVE ( 'NONE', #870, #28, #319, .T. ) ;
#753 = CARTESIAN_POINT ( 'NONE',  ( 12.00000000000000000, 0.000000000000000000, 0.000000000000000000 ) ) ;
#754 = B_SPLINE_CURVE_WITH_KNOTS ( 'NONE', 3,
 ( #587, #1113, #53, #1666 ),
 .UNSPECIFIED., .F., .F.,
 ( 4, 4 ),
 ( 0.000000000000000000, 0.002126671693653753477 ),
 .UNSPECIFIED. ) ;
#755 = AXIS2_PLACEMENT_3D ( 'NONE', #291, #693, #964 ) ;
#756 = AXIS2_PLACEMENT_3D ( 'NONE', #814, #1639, #1624 ) ;
#757 = CARTESIAN_POINT ( 'NONE',  ( 95.90000000000000568, 1.751244922780714709E-15, 14.29999999999999893 ) ) ;
#758 = CIRCLE ( 'NONE', #129, 15.00000000000000000 ) ;
#759 = VERTEX_POINT ( 'NONE', #1387 ) ;
#760 = DIRECTION ( 'NONE',  ( 0.000000000000000000, 0.000000000000000000, 1.000000000000000000 ) ) ;
#761 = DIRECTION ( 'NONE',  ( 0.000000000000000000, 0.000000000000000000, 1.000000000000000000 ) ) ;
#762 = ADVANCED_FACE ( 'NONE', ( #1507 ), #1279, .T. ) ;
#763 = DIRECTION ( 'NONE',  ( -1.000000000000000000, -0.000000000000000000, -0.000000000000000000 ) ) ;
#764 = ORIENTED_EDGE ( 'NONE', *, *, #1433, .T. ) ;
#765 = DIRECTION ( 'NONE',  ( 1.000000000000000000, 0.000000000000000000, 0.000000000000000000 ) ) ;
#766 = VERTEX_POINT ( 'NONE', #289 ) ;
#767 = CIRCLE ( 'NONE', #1168, 13.99999999999999467 ) ;
#768 = CARTESIAN_POINT ( 'NONE',  ( 50.00000000000000000, 0.000000000000000000, 0.000000000000000000 ) ) ;
#769 = ORIENTED_EDGE ( 'NONE', *, *, #497, .T. ) ;
#770 = DIRECTION ( 'NONE',  ( 0.000000000000000000, 0.000000000000000000, -1.000000000000000000 ) ) ;
#771 = CARTESIAN_POINT ( 'NONE',  ( 0.2957818423218618875, 9.028865704136416426, -2.284842794848346514 ) ) ;
#772 = VECTOR ( 'NONE', #478, 1000.000000000000000 ) ;
#773 = ORIENTED_EDGE ( 'NONE', *, *, #788, .F. ) ;
#774 = EDGE_CURVE ( 'NONE', #850, #889, #754, .T. ) ;
#775 = CARTESIAN_POINT ( 'NONE',  ( 55.20690911602883233, 14.94584057648866349, -1.296236979736959505 ) ) ;
#776 = VERTEX_POINT ( 'NONE', #1134 ) ;
#777 = DIRECTION ( 'NONE',  ( 0.000000000000000000, 0.000000000000000000, 1.000000000000000000 ) ) ;
#778 = LINE ( 'NONE', #392, #781 ) ;
#779 = EDGE_CURVE ( 'NONE', #525, #870, #1651, .T. ) ;
#780 = CYLINDRICAL_SURFACE ( 'NONE', #567, 9.999999999999998224 ) ;
#781 = VECTOR ( 'NONE', #247, 1000.000000000000000 ) ;
#782 = ORIENTED_EDGE ( 'NONE', *, *, #299, .F. ) ;
#783 = CIRCLE ( 'NONE', #1517, 4.249999999999992895 ) ;
#784 = DIRECTION ( 'NONE',  ( 0.000000000000000000, 0.000000000000000000, 1.000000000000000000 ) ) ;
#785 = VERTEX_POINT ( 'NONE', #163 ) ;
#786 = CARTESIAN_POINT ( 'NONE',  ( 59.00000000000001421, 25.00000000000000000, -8.673617379884035472E-16 ) ) ;
#787 = CARTESIAN_POINT ( 'NONE',  ( 0.000000000000000000, 8.572330196915020295, 2.741378302069742645 ) ) ;
#788 = EDGE_CURVE ( 'NONE', #1280, #1550, #378, .T. ) ;
#789 = ORIENTED_EDGE ( 'NONE', *, *, #94, .F. ) ;
#790 = CARTESIAN_POINT ( 'NONE',  ( 89.64455919276871043, 14.69560284124309923, -3.012438429109662419 ) ) ;
#791 = APPROVAL_PERSON_ORGANIZATION ( #1386, #1688, #162 ) ;
#792 = AXIS2_PLACEMENT_3D ( 'NONE', #1358, #556, #1253 ) ;
#793 = DIRECTION ( 'NONE',  ( -1.000000000000000000, -0.000000000000000000, -0.000000000000000000 ) ) ;
#794 = CARTESIAN_POINT ( 'NONE',  ( 52.50000000000000711, 1.836970198721029589E-15, -15.00000000000000000 ) ) ;
#795 = CARTESIAN_POINT ( 'NONE',  ( 51.27506275965939864, 0.000000000000000000, 0.000000000000000000 ) ) ;
#796 = ORIENTED_EDGE ( 'NONE', *, *, #646, .F. ) ;
#797 = CIRCLE ( 'NONE', #252, 15.00000000000000000 ) ;
#798 = ORIENTED_EDGE ( 'NONE', *, *, #657, .F. ) ;
#799 = CARTESIAN_POINT ( 'NONE',  ( 90.79309088397117478, 14.94584057648865993, 1.296236979736953510 ) ) ;
#800 = VERTEX_POINT ( 'NONE', #459 ) ;
#801 = FACE_OUTER_BOUND ( 'NONE', #718, .T. ) ;
#802 = EDGE_CURVE ( 'NONE', #172, #817, #1677, .T. ) ;
#803 = CARTESIAN_POINT ( 'NONE',  ( 59.00000000000001421, 11.00000000000000000, -4.000000000000000888 ) ) ;
#804 = CARTESIAN_POINT ( 'NONE',  ( 0.000000000000000000, 0.000000000000000000, 0.000000000000000000 ) ) ;
#805 = DIRECTION ( 'NONE',  ( 1.000000000000000000, 0.000000000000000000, 0.000000000000000000 ) ) ;
#806 = ADVANCED_FACE ( 'NONE', ( #1405, #1248 ), #708, .T. ) ;
#807 = CIRCLE ( 'NONE', #688, 8.999999999999994671 ) ;
#808 = EDGE_CURVE ( 'NONE', #1057, #69, #1537, .T. ) ;
#809 = VECTOR ( 'NONE', #1305, 1000.000000000000000 ) ;
#810 = ORIENTED_EDGE ( 'NONE', *, *, #1359, .T. ) ;
#811 = CARTESIAN_POINT ( 'NONE',  ( 58.46877821513325557, 14.46430157965440166, 3.973268525381876248 ) ) ;
#812 = ORIENTED_EDGE ( 'NONE', *, *, #681, .T. ) ;
#813 = CARTESIAN_POINT ( 'NONE',  ( 59.00000000000001421, 11.00000000000000000, 3.999999999999999112 ) ) ;
#814 = CARTESIAN_POINT ( 'NONE',  ( 100.0000000000000000, 0.000000000000000000, 0.000000000000000000 ) ) ;
#815 = EDGE_CURVE ( 'NONE', #625, #1498, #1559, .T. ) ;
#816 = EDGE_LOOP ( 'NONE', ( #451, #484, #986, #853 ) ) ;
#817 = VERTEX_POINT ( 'NONE', #1018 ) ;
#818 = CARTESIAN_POINT ( 'NONE',  ( 90.79581867436178300, 14.94652878537993779, -1.288761059899529826 ) ) ;
#819 = EDGE_LOOP ( 'NONE', ( #1076, #1153, #969, #1659 ) ) ;
#820 = CYLINDRICAL_SURFACE ( 'NONE', #1186, 14.00000000000000178 ) ;
#821 = APPROVAL_PERSON_ORGANIZATION ( #716, #1063, #726 ) ;
#822 = CARTESIAN_POINT ( 'NONE',  ( 87.00000000000001421, 11.00000000000000000, -4.000000000000000888 ) ) ;
#823 = AXIS2_PLACEMENT_3D ( 'NONE', #795, #1343, #117 ) ;
#824 = EDGE_LOOP ( 'NONE', ( #1587, #682, #44, #1347 ) ) ;
#825 = CARTESIAN_POINT ( 'NONE',  ( 57.95351736981974966, 14.49237556433536867, 3.869616707664760735 ) ) ;
#826 = EDGE_LOOP ( 'NONE', ( #185, #532, #1271, #643 ) ) ;
#827 = AXIS2_PLACEMENT_3D ( 'NONE', #970, #699, #569 ) ;
#828 = CARTESIAN_POINT ( 'NONE',  ( 95.90000000000000568, 0.000000000000000000, -14.29999999999999893 ) ) ;
#829 = FACE_OUTER_BOUND ( 'NONE', #1506, .T. ) ;
#830 = CARTESIAN_POINT ( 'NONE',  ( 59.00000000000001421, 14.45683229480095910, -4.000000000000000888 ) ) ;
#831 = DIRECTION ( 'NONE',  ( 0.000000000000000000, 0.7071067811865473507, -0.7071067811865476838 ) ) ;
#832 = ORIENTED_EDGE ( 'NONE', *, *, #1496, .F. ) ;
#833 = EDGE_CURVE ( 'NONE', #175, #133, #8, .T. ) ;
#834 = DIRECTION ( 'NONE',  ( -1.000000000000000000, -0.000000000000000000, -0.000000000000000000 ) ) ;
#835 = ORIENTED_EDGE ( 'NONE', *, *, #1177, .F. ) ;
#836 = CARTESIAN_POINT ( 'NONE',  ( 12.00000000000000000, 0.000000000000000000, 0.000000000000000000 ) ) ;
#837 = EDGE_CURVE ( 'NONE', #1556, #1712, #1532, .T. ) ;
#838 = CARTESIAN_POINT ( 'NONE',  ( 13.00000000000002842, 0.000000000000000000, 14.00000000000000178 ) ) ;
#839 = AXIS2_PLACEMENT_3D ( 'NONE', #1469, #1067, #1606 ) ;
#840 = AXIS2_PLACEMENT_3D ( 'NONE', #1711, #485, #1575 ) ;
#841 = CYLINDRICAL_SURFACE ( 'NONE', #427, 4.249999999999992895 ) ;
#842 = ORIENTED_EDGE ( 'NONE', *, *, #1314, .F. ) ;
#843 =( NAMED_UNIT ( * ) PLANE_ANGLE_UNIT ( ) SI_UNIT ( $, .RADIAN. ) );
#844 = DIRECTION ( 'NONE',  ( 0.000000000000000000, 0.000000000000000000, 1.000000000000000000 ) ) ;
#845 = ADVANCED_FACE ( 'NONE', ( #1263 ), #464, .T. ) ;
#846 = ORIENTED_EDGE ( 'NONE', *, *, #1360, .F. ) ;
#847 = CARTESIAN_POINT ( 'NONE',  ( 83.41778489984130829, 1.685535656186651476E-15, 11.31370849898476294 ) ) ;
#848 = CYLINDRICAL_SURFACE ( 'NONE', #1352, 9.999999999999998224 ) ;
#849 = AXIS2_PLACEMENT_3D ( 'NONE', #591, #1545, #1246 ) ;
#850 = VERTEX_POINT ( 'NONE', #195 ) ;
#851 = APPROVAL_ROLE ( '' ) ;
#852 = CARTESIAN_POINT ( 'NONE',  ( 51.27506275965939153, 1.898202538678397557E-15, -15.50000000000000178 ) ) ;
#853 = ORIENTED_EDGE ( 'NONE', *, *, #1122, .F. ) ;
#854 = DIRECTION ( 'NONE',  ( -1.000000000000000000, -0.000000000000000000, -0.000000000000000000 ) ) ;
#855 = DIRECTION ( 'NONE',  ( 0.000000000000000000, -0.7071067811865474617, -0.7071067811865474617 ) ) ;
#856 = ADVANCED_FACE ( 'NONE', ( #1672 ), #1148, .F. ) ;
#857 = DIRECTION ( 'NONE',  ( -1.000000000000000000, -0.000000000000000000, -0.000000000000000000 ) ) ;
#858 = EDGE_CURVE ( 'NONE', #401, #192, #49, .T. ) ;
#859 = DIRECTION ( 'NONE',  ( 0.000000000000000000, -0.7071067811865476838, -0.7071067811865473507 ) ) ;
#860 = ORIENTED_EDGE ( 'NONE', *, *, #1359, .F. ) ;
#861 = MECHANICAL_CONTEXT ( 'NONE', #306, 'mechanical' ) ;
#862 = CARTESIAN_POINT ( 'NONE',  ( 9.673140024990090069, 0.000000000000000000, 0.000000000000000000 ) ) ;
#863 = ORIENTED_EDGE ( 'NONE', *, *, #1255, .F. ) ;
#864 = LINE ( 'NONE', #186, #477 ) ;
#865 = LINE ( 'NONE', #211, #898 ) ;
#866 = CARTESIAN_POINT ( 'NONE',  ( 1.000000000000011324, -1.414213562373096922, -9.899494936611665352 ) ) ;
#867 = AXIS2_PLACEMENT_3D ( 'NONE', #902, #509, #1050 ) ;
#868 = AXIS2_PLACEMENT_3D ( 'NONE', #836, #1613, #397 ) ;
#869 = FACE_OUTER_BOUND ( 'NONE', #826, .T. ) ;
#870 = VERTEX_POINT ( 'NONE', #1129 ) ;
#871 = CARTESIAN_POINT ( 'NONE',  ( -5.866723343975976945, 1.414213562373107358, 9.899494936611661799 ) ) ;
#872 = EDGE_LOOP ( 'NONE', ( #1675, #945, #1220, #782 ) ) ;
#873 = CARTESIAN_POINT ( 'NONE',  ( 1.000000000000011324, 0.000000000000000000, 0.000000000000000000 ) ) ;
#874 = CYLINDRICAL_SURFACE ( 'NONE', #1275, 25.00000000000000000 ) ;
#875 = LINE ( 'NONE', #463, #475 ) ;
#876 = CIRCLE ( 'NONE', #1192, 10.00000000000000000 ) ;
#877 = EDGE_LOOP ( 'NONE', ( #268, #1539, #1604, #1372 ) ) ;
#878 = DATE_AND_TIME ( #337, #934 ) ;
#879 = DIRECTION ( 'NONE',  ( -1.000000000000000000, -0.000000000000000000, -0.000000000000000000 ) ) ;
#880 = CARTESIAN_POINT ( 'NONE',  ( 87.00000000000001421, 11.00000000000000000, -7.327428182273443843E-16 ) ) ;
#881 = ORIENTED_EDGE ( 'NONE', *, *, #1107, .T. ) ;
#882 = DIRECTION ( 'NONE',  ( -1.000000000000000000, -0.000000000000000000, -0.000000000000000000 ) ) ;
#883 = AXIS2_PLACEMENT_3D ( 'NONE', #1288, #601, #594 ) ;
#884 = CARTESIAN_POINT ( 'NONE',  ( 38.50000000000000000, 0.000000000000000000, -15.50000000000000178 ) ) ;
#885 = CARTESIAN_POINT ( 'NONE',  ( -5.391182137840081268, 0.000000000000000000, 8.000000000000000000 ) ) ;
#886 = DIRECTION ( 'NONE',  ( 1.000000000000000000, 0.000000000000000000, 0.000000000000000000 ) ) ;
#887 = CARTESIAN_POINT ( 'NONE',  ( 0.000000000000000000, 2.741378302069741757, 8.572330196915022071 ) ) ;
#888 = EDGE_CURVE ( 'NONE', #357, #1745, #1455, .T. ) ;
#889 = VERTEX_POINT ( 'NONE', #1299 ) ;
#890 = DIRECTION ( 'NONE',  ( 0.000000000000000000, 0.000000000000000000, 1.000000000000000000 ) ) ;
#891 = AXIS2_PLACEMENT_3D ( 'NONE', #315, #274, #573 ) ;
#892 = LINE ( 'NONE', #352, #963 ) ;
#893 = CARTESIAN_POINT ( 'NONE',  ( -5.866723343975976945, 0.000000000000000000, 25.00000000000000000 ) ) ;
#894 = DIRECTION ( 'NONE',  ( 0.000000000000000000, 0.000000000000000000, 1.000000000000000000 ) ) ;
#895 = AXIS2_PLACEMENT_3D ( 'NONE', #316, #857, #1400 ) ;
#896 = VECTOR ( 'NONE', #703, 1000.000000000000000 ) ;
#897 = FACE_OUTER_BOUND ( 'NONE', #1456, .T. ) ;
#898 = VECTOR ( 'NONE', #1427, 1000.000000000000000 ) ;
#899 = ORIENTED_EDGE ( 'NONE', *, *, #651, .F. ) ;
#900 = CARTESIAN_POINT ( 'NONE',  ( -5.391182137840081268, 9.797174393178825657E-16, -8.000000000000000000 ) ) ;
#901 = FACE_OUTER_BOUND ( 'NONE', #877, .T. ) ;
#902 = CARTESIAN_POINT ( 'NONE',  ( 15.00000000000000000, 0.000000000000000000, 0.000000000000000000 ) ) ;
#903 = CARTESIAN_POINT ( 'NONE',  ( 0.000000000000000000, 0.000000000000000000, 0.000000000000000000 ) ) ;
#904 = VERTEX_POINT ( 'NONE', #866 ) ;
#905 = AXIS2_PLACEMENT_3D ( 'NONE', #913, #1726, #77 ) ;
#906 = CARTESIAN_POINT ( 'NONE',  ( 55.53042088127457987, 14.86666270686945701, -2.007757950275372405 ) ) ;
#907 = ORIENTED_EDGE ( 'NONE', *, *, #1133, .T. ) ;
#908 = CARTESIAN_POINT ( 'NONE',  ( 59.00000000000001421, 11.00000000000000000, -8.673617379884035472E-16 ) ) ;
#909 = LINE ( 'NONE', #893, #1210 ) ;
#910 = EDGE_CURVE ( 'NONE', #629, #76, #875, .T. ) ;
#911 = ADVANCED_FACE ( 'NONE', ( #742 ), #1740, .T. ) ;
#912 = AXIS2_PLACEMENT_3D ( 'NONE', #1413, #190, #1686 ) ;
#913 = CARTESIAN_POINT ( 'NONE',  ( 59.00000000000001421, 25.00000000000000000, 3.999999999999999112 ) ) ;
#914 = EDGE_CURVE ( 'NONE', #904, #318, #1093, .T. ) ;
#915 = ORIENTED_EDGE ( 'NONE', *, *, #1235, .F. ) ;
#916 = CARTESIAN_POINT ( 'NONE',  ( 0.000000000000000000, 0.000000000000000000, 0.000000000000000000 ) ) ;
#917 = ORIENTED_EDGE ( 'NONE', *, *, #1404, .T. ) ;
#918 = CARTESIAN_POINT ( 'NONE',  ( 12.00000000000000000, -9.899494936611667129, 1.414213562373095145 ) ) ;
#919 = CARTESIAN_POINT ( 'NONE',  ( 99.00000000000000000, 0.000000000000000000, 0.000000000000000000 ) ) ;
#920 = EDGE_CURVE ( 'NONE', #776, #661, #1022, .T. ) ;
#921 = DIRECTION ( 'NONE',  ( 1.000000000000000000, 0.000000000000000000, 0.000000000000000000 ) ) ;
#922 = CONICAL_SURFACE ( 'NONE', #359, 8.999999999999994671, 0.7853981633974447263 ) ;
#923 = ORIENTED_EDGE ( 'NONE', *, *, #1202, .T. ) ;
#924 = AXIS2_PLACEMENT_3D ( 'NONE', #1415, #740, #1291 ) ;
#925 = CARTESIAN_POINT ( 'NONE',  ( 56.35519406523544461, 14.69566445511124719, -3.012037617465346262 ) ) ;
#926 = ORIENTED_EDGE ( 'NONE', *, *, #615, .F. ) ;
#927 = DIRECTION ( 'NONE',  ( 1.000000000000000000, -0.000000000000000000, -0.000000000000000000 ) ) ;
#928 = DIRECTION ( 'NONE',  ( -1.000000000000000000, -0.000000000000000000, -0.000000000000000000 ) ) ;
#929 = CYLINDRICAL_SURFACE ( 'NONE', #56, 4.000000000000000000 ) ;
#930 = ORIENTED_EDGE ( 'NONE', *, *, #595, .T. ) ;
#931 = ORIENTED_EDGE ( 'NONE', *, *, #1297, .T. ) ;
#932 = ADVANCED_FACE ( 'NONE', ( #614 ), #922, .T. ) ;
#933 = CARTESIAN_POINT ( 'NONE',  ( 55.00024289069488503, 14.99993522917341160, -0.2658448911950380689 ) ) ;
#934 = LOCAL_TIME ( 14, 26, 23.00000000000000000, #1557 ) ;
#935 = ADVANCED_FACE ( 'NONE', ( #304 ), #848, .T. ) ;
#936 = DIRECTION ( 'NONE',  ( -1.000000000000000000, -0.000000000000000000, -0.000000000000000000 ) ) ;
#937 = CARTESIAN_POINT ( 'NONE',  ( 100.0000000000000000, 15.00000000000000000, 0.000000000000000000 ) ) ;
#938 = DIRECTION ( 'NONE',  ( 0.000000000000000000, 0.000000000000000000, -1.000000000000000000 ) ) ;
#939 = DIRECTION ( 'NONE',  ( 0.000000000000000000, 0.000000000000000000, -1.000000000000000000 ) ) ;
#940 = CIRCLE ( 'NONE', #968, 0.8000000000000020428 ) ;
#941 = EDGE_LOOP ( 'NONE', ( #863, #1010, #546, #789 ) ) ;
#942 = CARTESIAN_POINT ( 'NONE',  ( 1.000000000000011324, 0.000000000000000000, 9.999999999999998224 ) ) ;
#943 = LINE ( 'NONE', #132, #1592 ) ;
#944 = EDGE_CURVE ( 'NONE', #1498, #1132, #981, .T. ) ;
#945 = ORIENTED_EDGE ( 'NONE', *, *, #1648, .T. ) ;
#946 = DIRECTION ( 'NONE',  ( 1.000000000000000000, 0.000000000000000000, 0.000000000000000000 ) ) ;
#947 = CARTESIAN_POINT ( 'NONE',  ( 1.000000000000000000, 5.204748896376241824E-16, -4.249999999999992895 ) ) ;
#948 = MANIFOLD_SOLID_BREP ( 'Schnitt-Rotation5', #1683 ) ;
#949 = ORIENTED_EDGE ( 'NONE', *, *, #671, .F. ) ;
#950 = B_SPLINE_CURVE_WITH_KNOTS ( 'NONE', 3,
 ( #1006, #286, #1376, #1276 ),
 .UNSPECIFIED., .F., .F.,
 ( 4, 4 ),
 ( 7.818293051731876896E-19, 0.002126671693653754778 ),
 .UNSPECIFIED. ) ;
#951 = CIRCLE ( 'NONE', #181, 14.00000000000000178 ) ;
#952 = ORIENTED_EDGE ( 'NONE', *, *, #1313, .T. ) ;
#953 = CARTESIAN_POINT ( 'NONE',  ( 55.02593720670476785, 14.99302277369875824, 0.5248655142899374404 ) ) ;
#954 = DIRECTION ( 'NONE',  ( 1.000000000000000000, -0.000000000000000000, -0.000000000000000000 ) ) ;
#955 = AXIS2_PLACEMENT_3D ( 'NONE', #266, #554, #563 ) ;
#956 = ORIENTED_EDGE ( 'NONE', *, *, #366, .F. ) ;
#957 = PLANE ( 'NONE',  #955 ) ;
#958 = DIRECTION ( 'NONE',  ( 0.000000000000000000, 0.000000000000000000, -1.000000000000000000 ) ) ;
#959 = ORIENTED_EDGE ( 'NONE', *, *, #1411, .F. ) ;
#960 = CARTESIAN_POINT ( 'NONE',  ( 56.55595282081195307, 14.66041640961890913, 3.177145495670777198 ) ) ;
#961 = CARTESIAN_POINT ( 'NONE',  ( 0.000000000000000000, 0.000000000000000000, 0.000000000000000000 ) ) ;
#962 = ORIENTED_EDGE ( 'NONE', *, *, #774, .T. ) ;
#963 = VECTOR ( 'NONE', #1554, 1000.000000000000114 ) ;
#964 = DIRECTION ( 'NONE',  ( 0.000000000000000000, 0.000000000000000000, -1.000000000000000000 ) ) ;
#965 = DIRECTION ( 'NONE',  ( 0.000000000000000000, 0.000000000000000000, 1.000000000000000000 ) ) ;
#966 = CARTESIAN_POINT ( 'NONE',  ( 11.99999999999999645, -9.899494936611663576, -1.414213562373097366 ) ) ;
#967 = EDGE_CURVE ( 'NONE', #495, #175, #179, .T. ) ;
#968 = AXIS2_PLACEMENT_3D ( 'NONE', #852, #469, #43 ) ;
#969 = ORIENTED_EDGE ( 'NONE', *, *, #802, .F. ) ;
#970 = CARTESIAN_POINT ( 'NONE',  ( 1.000000000000011324, 0.000000000000000000, 0.000000000000000000 ) ) ;
#971 = DIRECTION ( 'NONE',  ( 0.000000000000000000, -0.7071067811865473507, 0.7071067811865476838 ) ) ;
#972 = EDGE_LOOP ( 'NONE', ( #915, #1084, #33, #84, #1317, #860, #264, #1001, #638 ) ) ;
#973 = LINE ( 'NONE', #283, #1715 ) ;
#974 = CARTESIAN_POINT ( 'NONE',  ( 100.0000000000000000, 1.775737858763661620E-15, -13.99999999999999467 ) ) ;
#975 = CARTESIAN_POINT ( 'NONE',  ( 0.2957818423218619985, -2.284842794848338965, -9.028865704136416426 ) ) ;
#976 = CONICAL_SURFACE ( 'NONE', #259, 14.72725933896874295, 0.2617993877991440788 ) ;
#977 = ORIENTED_EDGE ( 'NONE', *, *, #413, .T. ) ;
#978 = CARTESIAN_POINT ( 'NONE',  ( 38.50000000000000000, 0.000000000000000000, 0.000000000000000000 ) ) ;
#979 = VERTEX_POINT ( 'NONE', #233 ) ;
#980 = DIRECTION ( 'NONE',  ( 0.000000000000000000, 0.000000000000000000, 1.000000000000000000 ) ) ;
#981 = CIRCLE ( 'NONE', #895, 15.00000000000000000 ) ;
#982 = VECTOR ( 'NONE', #1680, 1000.000000000000000 ) ;
#983 = DIRECTION ( 'NONE',  ( 1.000000000000000000, 0.000000000000000000, 0.000000000000000000 ) ) ;
#984 = VECTOR ( 'NONE', #1318, 1000.000000000000000 ) ;
#985 = LINE ( 'NONE', #1523, #997 ) ;
#986 = ORIENTED_EDGE ( 'NONE', *, *, #774, .F. ) ;
#987 = B_SPLINE_CURVE_WITH_KNOTS ( 'NONE', 3,
 ( #621, #1189, #1571, #1588, #1603, #1062, #1172, #370, #925, #1698, #202, #906, #1452, #775, #683, #1239, #933, #3, #953, #662, #544, #1619, #1474, #561, #960, #1086, #19, #409, #825, #811, #1611, #10 ),
 .UNSPECIFIED., .F., .F.,
 ( 4, 2, 2, 2, 2, 2, 2, 2, 2, 2, 2, 2, 2, 2, 2, 4 ),
 ( 0.000000000000000000, 0.0007849218594541760696, 0.001569843718908351922, 0.002354765578362527992, 0.003139687437816703411, 0.003924609297270879697, 0.004709531156725055984, 0.005494453016179232270, 0.006279374875633408556, 0.007064296735087584843, 0.007849218594541761129, 0.009419062313450111967, 0.01020398417290429606, 0.01098890603235847842, 0.01177382789181266078, 0.01255874975126684487 ),
 .UNSPECIFIED. ) ;
#988 = PERSON_AND_ORGANIZATION_ROLE ( 'design_owner' ) ;
#989 = CARTESIAN_POINT ( 'NONE',  ( 1.000000000000000000, 0.000000000000000000, 4.249999999999992895 ) ) ;
#990 = ADVANCED_FACE ( 'NONE', ( #1308 ), #15, .F. ) ;
#991 = VERTEX_POINT ( 'NONE', #82 ) ;
#992 = CARTESIAN_POINT ( 'NONE',  ( 12.00000000000000000, 0.000000000000000000, 0.000000000000000000 ) ) ;
#993 = EDGE_CURVE ( 'NONE', #1594, #336, #209, .T. ) ;
#994 = CARTESIAN_POINT ( 'NONE',  ( 100.0000000000000000, 0.000000000000000000, 0.000000000000000000 ) ) ;
#995 = DIRECTION ( 'NONE',  ( 0.000000000000000000, 0.000000000000000000, 1.000000000000000000 ) ) ;
#996 = CARTESIAN_POINT ( 'NONE',  ( 0.6348061879937183516, -1.844598597234781812, -9.469109901749975577 ) ) ;
#997 = VECTOR ( 'NONE', #1149, 1000.000000000000000 ) ;
#998 = ORIENTED_EDGE ( 'NONE', *, *, #1576, .T. ) ;
#999 = COORDINATED_UNIVERSAL_TIME_OFFSET ( 1, 0, .AHEAD. ) ;
#1000 = DIRECTION ( 'NONE',  ( -1.000000000000000000, -0.000000000000000000, -0.000000000000000000 ) ) ;
#1001 = ORIENTED_EDGE ( 'NONE', *, *, #616, .F. ) ;
#1002 = EDGE_CURVE ( 'NONE', #766, #1665, #353, .T. ) ;
#1003 = LINE ( 'NONE', #480, #696 ) ;
#1004 = DIRECTION ( 'NONE',  ( 0.000000000000000000, -0.7071067811865475727, 0.7071067811865475727 ) ) ;
#1005 = DIRECTION ( 'NONE',  ( 0.000000000000000000, 0.000000000000000000, 1.000000000000000000 ) ) ;
#1006 = CARTESIAN_POINT ( 'NONE',  ( 1.000000000000011324, -1.414213562373099586, 9.899494936611665352 ) ) ;
#1007 = ORIENTED_EDGE ( 'NONE', *, *, #419, .F. ) ;
#1008 = DATE_AND_TIME ( #468, #1700 ) ;
#1009 = LINE ( 'NONE', #871, #1090 ) ;
#1010 = ORIENTED_EDGE ( 'NONE', *, *, #1439, .F. ) ;
#1011 = DIRECTION ( 'NONE',  ( 0.000000000000000000, 0.7071067811865476838, -0.7071067811865473507 ) ) ;
#1012 = CYLINDRICAL_SURFACE ( 'NONE', #47, 14.29999999999999893 ) ;
#1013 = AXIS2_PLACEMENT_3D ( 'NONE', #1033, #1175, #108 ) ;
#1014 = CIRCLE ( 'NONE', #1301, 8.999999999999994671 ) ;
#1015 = CARTESIAN_POINT ( 'NONE',  ( 0.000000000000000000, -8.572330196915022071, -2.741378302069739092 ) ) ;
#1016 = ORIENTED_EDGE ( 'NONE', *, *, #167, .T. ) ;
#1017 = APPLICATION_PROTOCOL_DEFINITION ( 'international standard', 'config_control_design', 1994, #1074 ) ;
#1018 = CARTESIAN_POINT ( 'NONE',  ( 38.50000000000000000, 0.000000000000000000, 14.00000000000000178 ) ) ;
#1019 = ORIENTED_EDGE ( 'NONE', *, *, #730, .T. ) ;
#1020 = CARTESIAN_POINT ( 'NONE',  ( 0.000000000000000000, -11.31370849898476116, 0.000000000000000000 ) ) ;
#1021 = CARTESIAN_POINT ( 'NONE',  ( -5.866723343975976945, 0.000000000000000000, 14.00000000000000178 ) ) ;
#1022 = LINE ( 'NONE', #885, #1516 ) ;
#1023 = APPROVAL_PERSON_ORGANIZATION ( #1536, #16, #851 ) ;
#1024 = CIRCLE ( 'NONE', #26, 12.99999999999998046 ) ;
#1025 = EDGE_CURVE ( 'NONE', #785, #430, #909, .T. ) ;
#1026 = ORIENTED_EDGE ( 'NONE', *, *, #448, .F. ) ;
#1027 = FACE_OUTER_BOUND ( 'NONE', #1622, .T. ) ;
#1028 = ORIENTED_EDGE ( 'NONE', *, *, #1183, .T. ) ;
#1029 = EDGE_CURVE ( 'NONE', #111, #991, #326, .T. ) ;
#1030 = DIRECTION ( 'NONE',  ( -1.000000000000000000, -0.000000000000000000, -0.000000000000000000 ) ) ;
#1031 = CIRCLE ( 'NONE', #1342, 14.72725933896874295 ) ;
#1032 = PLANE ( 'NONE',  #340 ) ;
#1033 = CARTESIAN_POINT ( 'NONE',  ( 50.00000000000000000, 0.000000000000000000, 0.000000000000000000 ) ) ;
#1034 = ORIENTED_EDGE ( 'NONE', *, *, #1744, .F. ) ;
#1035 = CARTESIAN_POINT ( 'NONE',  ( 1.000000000000011324, 0.000000000000000000, 0.000000000000000000 ) ) ;
#1036 = ORIENTED_EDGE ( 'NONE', *, *, #1379, .F. ) ;
#1037 = DIRECTION ( 'NONE',  ( 0.000000000000000000, 0.7071067811865473507, 0.7071067811865476838 ) ) ;
#1038 = ORIENTED_EDGE ( 'NONE', *, *, #1029, .F. ) ;
#1039 = CARTESIAN_POINT ( 'NONE',  ( 12.00000000000000000, 0.000000000000000000, 0.000000000000000000 ) ) ;
#1040 = CARTESIAN_POINT ( 'NONE',  ( 51.27506275965939153, 0.000000000000000000, 0.000000000000000000 ) ) ;
#1041 = AXIS2_PLACEMENT_3D ( 'NONE', #134, #946, #1224 ) ;
#1042 = ORIENTED_EDGE ( 'NONE', *, *, #104, .T. ) ;
#1043 = CARTESIAN_POINT ( 'NONE',  ( 0.000000000000000000, -2.741378302069740425, 8.572330196915022071 ) ) ;
#1044 = CONICAL_SURFACE ( 'NONE', #1520, 14.72725933896874295, 0.2617993877991440788 ) ;
#1045 = ORIENTED_EDGE ( 'NONE', *, *, #1433, .F. ) ;
#1046 = DIRECTION ( 'NONE',  ( -1.000000000000000000, -0.000000000000000000, -0.000000000000000000 ) ) ;
#1047 = EDGE_CURVE ( 'NONE', #785, #1311, #294, .T. ) ;
#1048 = DIRECTION ( 'NONE',  ( 0.000000000000000000, 0.000000000000000000, -1.000000000000000000 ) ) ;
#1049 = EDGE_CURVE ( 'NONE', #1752, #627, #1327, .T. ) ;
#1050 = DIRECTION ( 'NONE',  ( 0.000000000000000000, 0.000000000000000000, -1.000000000000000000 ) ) ;
#1051 = EDGE_CURVE ( 'NONE', #889, #120, #213, .T. ) ;
#1052 = AXIS2_PLACEMENT_3D ( 'NONE', #1392, #166, #704 ) ;
#1053 = FACE_OUTER_BOUND ( 'NONE', #278, .T. ) ;
#1054 = ORIENTED_EDGE ( 'NONE', *, *, #1077, .T. ) ;
#1055 = AXIS2_PLACEMENT_3D ( 'NONE', #92, #1131, #455 ) ;
#1056 = LINE ( 'NONE', #87, #809 ) ;
#1057 = VERTEX_POINT ( 'NONE', #1436 ) ;
#1058 = CARTESIAN_POINT ( 'NONE',  ( 51.48211799574141168, 1.803569100968103516E-15, 14.72725933896874295 ) ) ;
#1059 = DIRECTION ( 'NONE',  ( 0.000000000000000000, 0.000000000000000000, -1.000000000000000000 ) ) ;
#1060 = PLANE ( 'NONE',  #1242 ) ;
#1061 = EDGE_LOOP ( 'NONE', ( #164, #139, #798, #330 ) ) ;
#1062 = CARTESIAN_POINT ( 'NONE',  ( 57.22263448822776155, 14.56369432173502965, -3.592988858052728496 ) ) ;
#1063 = APPROVAL ( #189, 'UNSPECIFIED' ) ;
#1064 = ORIENTED_EDGE ( 'NONE', *, *, #888, .F. ) ;
#1065 = LINE ( 'NONE', #1612, #984 ) ;
#1066 = CIRCLE ( 'NONE', #1118, 12.99999999999998046 ) ;
#1067 = DIRECTION ( 'NONE',  ( 1.000000000000000000, 0.000000000000000000, 0.000000000000000000 ) ) ;
#1068 = ADVANCED_FACE ( 'NONE', ( #1460 ), #127, .F. ) ;
#1069 = AXIS2_PLACEMENT_3D ( 'NONE', #1598, #12, #1502 ) ;
#1070 = ORIENTED_EDGE ( 'NONE', *, *, #624, .T. ) ;
#1071 = AXIS2_PLACEMENT_3D ( 'NONE', #847, #572, #1653 ) ;
#1072 = DIRECTION ( 'NONE',  ( 0.000000000000000000, 0.000000000000000000, 1.000000000000000000 ) ) ;
#1073 = DIRECTION ( 'NONE',  ( 0.000000000000000000, 1.224646799147353454E-16, 1.000000000000000000 ) ) ;
#1074 = APPLICATION_CONTEXT ( 'configuration controlled 3d designs of mechanical parts and assemblies' ) ;
#1075 = LINE ( 'NONE', #947, #558 ) ;
#1076 = ORIENTED_EDGE ( 'NONE', *, *, #1156, .F. ) ;
#1077 = EDGE_CURVE ( 'NONE', #120, #1057, #234, .T. ) ;
#1078 = EDGE_LOOP ( 'NONE', ( #123, #1322, #1171, #588, #96 ) ) ;
#1079 = CARTESIAN_POINT ( 'NONE',  ( 90.49374978853981588, 14.87172555150046094, -2.017496053940504463 ) ) ;
#1080 = ORIENTED_EDGE ( 'NONE', *, *, #752, .F. ) ;
#1081 = FACE_BOUND ( 'NONE', #1238, .T. ) ;
#1082 = CIRCLE ( 'NONE', #110, 10.00000000000000000 ) ;
#1083 = DIRECTION ( 'NONE',  ( -1.000000000000000000, -0.000000000000000000, -0.000000000000000000 ) ) ;
#1084 = ORIENTED_EDGE ( 'NONE', *, *, #1570, .T. ) ;
#1085 = ORIENTED_EDGE ( 'NONE', *, *, #1096, .F. ) ;
#1086 = CARTESIAN_POINT ( 'NONE',  ( 56.98787610517383939, 14.59462521812247893, 3.466839705932159177 ) ) ;
#1087 = VERTEX_POINT ( 'NONE', #787 ) ;
#1088 = CYLINDRICAL_SURFACE ( 'NONE', #1634, 14.29999999999999893 ) ;
#1089 = DIRECTION ( 'NONE',  ( 0.9659258262890697555, 0.000000000000000000, -0.2588190451025156325 ) ) ;
#1090 = VECTOR ( 'NONE', #298, 1000.000000000000000 ) ;
#1091 = EDGE_LOOP ( 'NONE', ( #408, #59, #907, #1095 ) ) ;
#1092 = DIRECTION ( 'NONE',  ( -1.000000000000000000, -0.000000000000000000, -0.000000000000000000 ) ) ;
#1093 = CIRCLE ( 'NONE', #634, 9.999999999999998224 ) ;
#1094 = CIRCLE ( 'NONE', #924, 14.29999999999999893 ) ;
#1095 = ORIENTED_EDGE ( 'NONE', *, *, #1375, .F. ) ;
#1096 = EDGE_CURVE ( 'NONE', #1209, #525, #1608, .T. ) ;
#1097 = FACE_OUTER_BOUND ( 'NONE', #63, .T. ) ;
#1098 = FACE_OUTER_BOUND ( 'NONE', #147, .T. ) ;
#1099 = DIRECTION ( 'NONE',  ( -1.000000000000000000, -0.000000000000000000, -0.000000000000000000 ) ) ;
#1100 = ORIENTED_EDGE ( 'NONE', *, *, #277, .F. ) ;
#1101 = CARTESIAN_POINT ( 'NONE',  ( 87.52632536424881948, 14.46414493401849377, 3.973829375622789595 ) ) ;
#1102 = DIRECTION ( 'NONE',  ( -1.000000000000000000, -0.000000000000000000, -0.000000000000000000 ) ) ;
#1103 = ORIENTED_EDGE ( 'NONE', *, *, #97, .T. ) ;
#1104 = AXIS2_PLACEMENT_3D ( 'NONE', #1174, #613, #597 ) ;
#1105 = DIRECTION ( 'NONE',  ( 0.000000000000000000, 0.000000000000000000, -1.000000000000000000 ) ) ;
#1106 = CARTESIAN_POINT ( 'NONE',  ( 0.000000000000000000, -8.572330196915022071, -2.741378302069739092 ) ) ;
#1107 = EDGE_CURVE ( 'NONE', #1745, #160, #528, .T. ) ;
#1108 = AXIS2_PLACEMENT_3D ( 'NONE', #262, #1102, #1637 ) ;
#1109 = CARTESIAN_POINT ( 'NONE',  ( 97.50000000000000000, 1.836970198721029589E-15, -15.00000000000000000 ) ) ;
#1110 = B_SPLINE_CURVE_WITH_KNOTS ( 'NONE', 3,
 ( #1383, #564, #303, #1106 ),
 .UNSPECIFIED., .F., .F.,
 ( 4, 4 ),
 ( 0.000000000000000000, 0.002126671693653753043 ),
 .UNSPECIFIED. ) ;
#1111 = CIRCLE ( 'NONE', #1201, 15.50000000000000355 ) ;
#1112 = ORIENTED_EDGE ( 'NONE', *, *, #227, .F. ) ;
#1113 = CARTESIAN_POINT ( 'NONE',  ( 0.6348061879937203500, 1.844598597234783588, -9.469109901749977354 ) ) ;
#1114 = CARTESIAN_POINT ( 'NONE',  ( 97.50000000000000000, 0.000000000000000000, 0.000000000000000000 ) ) ;
#1115 = ORIENTED_EDGE ( 'NONE', *, *, #543, .T. ) ;
#1116 = DIRECTION ( 'NONE',  ( 0.000000000000000000, -1.000000000000000000, 0.000000000000000000 ) ) ;
#1117 = LINE ( 'NONE', #1531, #1266 ) ;
#1118 = AXIS2_PLACEMENT_3D ( 'NONE', #540, #1695, #1487 ) ;
#1119 = EDGE_CURVE ( 'NONE', #69, #735, #1334, .T. ) ;
#1120 = EDGE_LOOP ( 'NONE', ( #596, #617, #1332, #78 ) ) ;
#1121 = CARTESIAN_POINT ( 'NONE',  ( 0.000000000000000000, 0.000000000000000000, 0.000000000000000000 ) ) ;
#1122 = EDGE_CURVE ( 'NONE', #318, #850, #1552, .T. ) ;
#1123 = CARTESIAN_POINT ( 'NONE',  ( 0.000000000000000000, 0.000000000000000000, 0.000000000000000000 ) ) ;
#1124 = VERTEX_POINT ( 'NONE', #1185 ) ;
#1125 = EDGE_CURVE ( 'NONE', #130, #1057, #778, .T. ) ;
#1126 = CARTESIAN_POINT ( 'NONE',  ( 99.00000000000000000, 0.000000000000000000, 0.000000000000000000 ) ) ;
#1127 = CARTESIAN_POINT ( 'NONE',  ( 0.000000000000000000, 8.572330196915020295, -2.741378302069741757 ) ) ;
#1128 = AXIS2_PLACEMENT_3D ( 'NONE', #374, #649, #623 ) ;
#1129 = CARTESIAN_POINT ( 'NONE',  ( 1.000000000000000000, 0.000000000000000000, 4.249999999999992895 ) ) ;
#1130 = VECTOR ( 'NONE', #57, 1000.000000000000000 ) ;
#1131 = DIRECTION ( 'NONE',  ( -1.000000000000000000, -0.000000000000000000, -0.000000000000000000 ) ) ;
#1132 = VERTEX_POINT ( 'NONE', #794 ) ;
#1133 = EDGE_CURVE ( 'NONE', #1243, #1752, #1326, .T. ) ;
#1134 = CARTESIAN_POINT ( 'NONE',  ( 100.0000000000000000, 0.000000000000000000, 8.000000000000000000 ) ) ;
#1135 = VERTEX_POINT ( 'NONE', #116 ) ;
#1136 = LINE ( 'NONE', #461, #896 ) ;
#1137 = CARTESIAN_POINT ( 'NONE',  ( 50.00000000000000000, 1.898202538678397952E-15, -15.50000000000000355 ) ) ;
#1138 = DIRECTION ( 'NONE',  ( 0.000000000000000000, 0.000000000000000000, 1.000000000000000000 ) ) ;
#1139 = PRODUCT_DEFINITION_FORMATION_WITH_SPECIFIED_SOURCE ( 'ANY', '', #75, .NOT_KNOWN. ) ;
#1140 = CARTESIAN_POINT ( 'NONE',  ( -5.866723343975976945, 0.000000000000000000, 0.000000000000000000 ) ) ;
#1141 = AXIS2_PLACEMENT_3D ( 'NONE', #1140, #305, #1393 ) ;
#1142 = ORIENTED_EDGE ( 'NONE', *, *, #993, .T. ) ;
#1143 = PERSON_AND_ORGANIZATION_ROLE ( 'design_supplier' ) ;
#1144 = DIRECTION ( 'NONE',  ( 0.000000000000000000, 0.000000000000000000, -1.000000000000000000 ) ) ;
#1145 = ORIENTED_EDGE ( 'NONE', *, *, #1720, .F. ) ;
#1146 = DIRECTION ( 'NONE',  ( -1.000000000000000000, -0.000000000000000000, -0.000000000000000000 ) ) ;
#1147 = CYLINDRICAL_SURFACE ( 'NONE', #508, 14.70000000000000107 ) ;
#1148 = CYLINDRICAL_SURFACE ( 'NONE', #229, 8.000000000000000000 ) ;
#1149 = DIRECTION ( 'NONE',  ( 1.000000000000000000, 0.000000000000000000, 0.000000000000000000 ) ) ;
#1150 = ORIENTED_EDGE ( 'NONE', *, *, #837, .F. ) ;
#1151 = SECURITY_CLASSIFICATION_LEVEL ( 'unclassified' ) ;
#1152 = CYLINDRICAL_SURFACE ( 'NONE', #1599, 15.00000000000000000 ) ;
#1153 = ORIENTED_EDGE ( 'NONE', *, *, #360, .T. ) ;
#1154 = DIRECTION ( 'NONE',  ( 0.000000000000000000, 0.000000000000000000, -1.000000000000000000 ) ) ;
#1155 = FACE_OUTER_BOUND ( 'NONE', #584, .T. ) ;
#1156 = EDGE_CURVE ( 'NONE', #991, #111, #1461, .T. ) ;
#1157 = DIRECTION ( 'NONE',  ( -1.000000000000000000, -0.000000000000000000, -0.000000000000000000 ) ) ;
#1158 = VECTOR ( 'NONE', #1709, 1000.000000000000000 ) ;
#1159 = AXIS2_PLACEMENT_3D ( 'NONE', #873, #1426, #29 ) ;
#1160 = DIRECTION ( 'NONE',  ( -1.000000000000000000, -0.000000000000000000, -0.000000000000000000 ) ) ;
#1161 = PERSON_AND_ORGANIZATION_ROLE ( 'classification_officer' ) ;
#1162 = CARTESIAN_POINT ( 'NONE',  ( 100.0000000000000000, 0.000000000000000000, 0.000000000000000000 ) ) ;
#1163 = EDGE_LOOP ( 'NONE', ( #1512, #619, #1748, #420 ) ) ;
#1164 = CARTESIAN_POINT ( 'NONE',  ( 0.6348061879937196839, 1.844598597234791137, 9.469109901749975577 ) ) ;
#1165 = CARTESIAN_POINT ( 'NONE',  ( 97.50000000000000000, 1.751244922780714709E-15, 14.29999999999999893 ) ) ;
#1166 = CARTESIAN_POINT ( 'NONE',  ( 0.000000000000000000, 0.000000000000000000, 0.000000000000000000 ) ) ;
#1167 = CC_DESIGN_APPROVAL ( #16, ( #1139 ) ) ;
#1168 = AXIS2_PLACEMENT_3D ( 'NONE', #1162, #1303, #618 ) ;
#1169 = ORIENTED_EDGE ( 'NONE', *, *, #223, .T. ) ;
#1170 = FACE_OUTER_BOUND ( 'NONE', #1703, .T. ) ;
#1171 = ORIENTED_EDGE ( 'NONE', *, *, #1122, .T. ) ;
#1172 = CARTESIAN_POINT ( 'NONE',  ( 56.99341718237155874, 14.59384849672717621, -3.470116914414580478 ) ) ;
#1173 = EDGE_LOOP ( 'NONE', ( #282, #917, #1656, #1169, #1734, #88, #93, #553, #635 ) ) ;
#1174 = CARTESIAN_POINT ( 'NONE',  ( 50.00000000000000000, 0.000000000000000000, 0.000000000000000000 ) ) ;
#1175 = DIRECTION ( 'NONE',  ( -1.000000000000000000, -0.000000000000000000, -0.000000000000000000 ) ) ;
#1176 = ORIENTED_EDGE ( 'NONE', *, *, #1314, .T. ) ;
#1177 = EDGE_CURVE ( 'NONE', #817, #172, #695, .T. ) ;
#1178 = CARTESIAN_POINT ( 'NONE',  ( -5.866723343975976945, -9.899494936611663576, -1.414213562373101363 ) ) ;
#1179 = ORIENTED_EDGE ( 'NONE', *, *, #1254, .F. ) ;
#1180 = EDGE_CURVE ( 'NONE', #137, #627, #1737, .T. ) ;
#1181 = LINE ( 'NONE', #106, #345 ) ;
#1182 = ORIENTED_EDGE ( 'NONE', *, *, #673, .F. ) ;
#1183 = EDGE_CURVE ( 'NONE', #1752, #336, #1485, .T. ) ;
#1184 = CARTESIAN_POINT ( 'NONE',  ( 40.00000000000000000, 0.000000000000000000, 25.00000000000000000 ) ) ;
#1185 = CARTESIAN_POINT ( 'NONE',  ( 0.000000000000000000, -2.741378302069732875, -8.572330196915025624 ) ) ;
#1186 = AXIS2_PLACEMENT_3D ( 'NONE', #1367, #405, #1357 ) ;
#1187 = CARTESIAN_POINT ( 'NONE',  ( 12.00000000000000000, 0.000000000000000000, 0.000000000000000000 ) ) ;
#1188 = EDGE_LOOP ( 'NONE', ( #1721, #1112 ) ) ;
#1189 = CARTESIAN_POINT ( 'NONE',  ( 58.73449312518437893, 14.45683229480096088, -4.000000000000002665 ) ) ;
#1190 = LINE ( 'NONE', #656, #533 ) ;
#1191 = CARTESIAN_POINT ( 'NONE',  ( 40.00000000000000000, 0.000000000000000000, 0.000000000000000000 ) ) ;
#1192 = AXIS2_PLACEMENT_3D ( 'NONE', #1039, #1581, #194 ) ;
#1193 = DIRECTION ( 'NONE',  ( 0.000000000000000000, -1.000000000000000000, 0.000000000000000000 ) ) ;
#1194 = CC_DESIGN_PERSON_AND_ORGANIZATION_ASSIGNMENT ( #586, #297, ( #1139 ) ) ;
#1195 = VERTEX_POINT ( 'NONE', #1373 ) ;
#1196 = VECTOR ( 'NONE', #1567, 1000.000000000000000 ) ;
#1197 = CARTESIAN_POINT ( 'NONE',  ( 1.000000000000011324, 1.414213562373107358, 9.899494936611661799 ) ) ;
#1198 = ORIENTED_EDGE ( 'NONE', *, *, #1384, .F. ) ;
#1199 = FACE_OUTER_BOUND ( 'NONE', #1547, .T. ) ;
#1200 = CARTESIAN_POINT ( 'NONE',  ( 0.6348061879937199059, 9.469109901749977354, -1.844598597234784032 ) ) ;
#1201 = AXIS2_PLACEMENT_3D ( 'NONE', #768, #1432, #1316 ) ;
#1202 = EDGE_CURVE ( 'NONE', #525, #1209, #1690, .T. ) ;
#1203 = EDGE_LOOP ( 'NONE', ( #447, #1103, #930, #1247 ) ) ;
#1204 = CARTESIAN_POINT ( 'NONE',  ( 90.19945943919235276, 14.80218696264225642, -2.457106784390815424 ) ) ;
#1205 = DIRECTION ( 'NONE',  ( 0.9659258262890697555, 3.169619151431701463E-17, 0.2588190451025156325 ) ) ;
#1206 = LINE ( 'NONE', #677, #99 ) ;
#1207 = DIRECTION ( 'NONE',  ( -1.000000000000000000, 0.000000000000000000, 0.000000000000000000 ) ) ;
#1208 = ADVANCED_FACE ( 'NONE', ( #1097 ), #1088, .T. ) ;
#1209 = VERTEX_POINT ( 'NONE', #1382 ) ;
#1210 = VECTOR ( 'NONE', #928, 1000.000000000000000 ) ;
#1211 = ORIENTED_EDGE ( 'NONE', *, *, #657, .T. ) ;
#1212 = CIRCLE ( 'NONE', #446, 0.8000000000000055955 ) ;
#1213 = CARTESIAN_POINT ( 'NONE',  ( 90.17705237963643583, 14.80112639638216621, 2.444465059074468094 ) ) ;
#1214 = CARTESIAN_POINT ( 'NONE',  ( 11.99999999999999645, 11.31370849898476116, 0.000000000000000000 ) ) ;
#1215 = VECTOR ( 'NONE', #1205, 999.9999999999998863 ) ;
#1216 = EDGE_LOOP ( 'NONE', ( #1627, #1527 ) ) ;
#1217 = CARTESIAN_POINT ( 'NONE',  ( 1.000000000000011324, -9.899494936611663576, -1.414213562373101363 ) ) ;
#1218 = CARTESIAN_POINT ( 'NONE',  ( 100.0000000000000000, 0.000000000000000000, 13.99999999999999467 ) ) ;
#1219 = ORIENTED_EDGE ( 'NONE', *, *, #448, .T. ) ;
#1220 = ORIENTED_EDGE ( 'NONE', *, *, #545, .T. ) ;
#1221 = CARTESIAN_POINT ( 'NONE',  ( 90.01188349420223744, 14.76614362409164194, 2.644981447750478498 ) ) ;
#1222 =( GEOMETRIC_REPRESENTATION_CONTEXT ( 3 ) GLOBAL_UNCERTAINTY_ASSIGNED_CONTEXT ( ( #407 ) ) GLOBAL_UNIT_ASSIGNED_CONTEXT ( ( #1364, #843, #327 ) ) REPRESENTATION_CONTEXT ( 'NONE', 'WORKASPACE' ) );
#1223 = EDGE_LOOP ( 'NONE', ( #1491, #1573, #796, #218 ) ) ;
#1224 = DIRECTION ( 'NONE',  ( 0.000000000000000000, 0.000000000000000000, -1.000000000000000000 ) ) ;
#1225 = AXIS2_PLACEMENT_3D ( 'NONE', #1738, #531, #938 ) ;
#1226 = DIRECTION ( 'NONE',  ( 1.000000000000000000, 0.000000000000000000, 0.000000000000000000 ) ) ;
#1227 = CARTESIAN_POINT ( 'NONE',  ( 50.80000000000000426, 0.000000000000000000, 0.000000000000000000 ) ) ;
#1228 = AXIS2_PLACEMENT_3D ( 'NONE', #880, #1423, #1138 ) ;
#1229 = ORIENTED_EDGE ( 'NONE', *, *, #702, .F. ) ;
#1230 = EDGE_CURVE ( 'NONE', #54, #1250, #1206, .T. ) ;
#1231 = CARTESIAN_POINT ( 'NONE',  ( 50.80000000000000426, 0.000000000000000000, 0.000000000000000000 ) ) ;
#1232 = ADVANCED_FACE ( 'NONE', ( #530 ), #957, .T. ) ;
#1233 = ORIENTED_EDGE ( 'NONE', *, *, #616, .T. ) ;
#1234 = CYLINDRICAL_SURFACE ( 'NONE', #1328, 9.999999999999998224 ) ;
#1235 = EDGE_CURVE ( 'NONE', #1087, #1534, #973, .T. ) ;
#1236 = CARTESIAN_POINT ( 'NONE',  ( 87.00000000000001421, 14.45683229480096088, 3.999999999999999112 ) ) ;
#1237 = CARTESIAN_POINT ( 'NONE',  ( 50.00000000000000000, 25.00000000000000000, 0.000000000000000000 ) ) ;
#1238 = EDGE_LOOP ( 'NONE', ( #1315, #388 ) ) ;
#1239 = CARTESIAN_POINT ( 'NONE',  ( 55.02600702911881569, 14.99300276868438075, -0.5261371306837584472 ) ) ;
#1240 = EDGE_CURVE ( 'NONE', #28, #1135, #239, .T. ) ;
#1241 = VECTOR ( 'NONE', #640, 1000.000000000000000 ) ;
#1242 = AXIS2_PLACEMENT_3D ( 'NONE', #1601, #921, #241 ) ;
#1243 = VERTEX_POINT ( 'NONE', #1218 ) ;
#1244 = FACE_BOUND ( 'NONE', #105, .T. ) ;
#1245 = FACE_OUTER_BOUND ( 'NONE', #1120, .T. ) ;
#1246 = DIRECTION ( 'NONE',  ( 0.000000000000000000, 0.000000000000000000, 1.000000000000000000 ) ) ;
#1247 = ORIENTED_EDGE ( 'NONE', *, *, #1472, .F. ) ;
#1248 = FACE_OUTER_BOUND ( 'NONE', #1295, .T. ) ;
#1249 = CARTESIAN_POINT ( 'NONE',  ( 51.27506275965939864, 0.000000000000000000, 14.69999999999999929 ) ) ;
#1250 = VERTEX_POINT ( 'NONE', #803 ) ;
#1251 = ORGANIZATION ( 'UNSPECIFIED', 'UNSPECIFIED', '' ) ;
#1252 = CARTESIAN_POINT ( 'NONE',  ( -5.866723343975976945, 3.061616997868383043E-15, -25.00000000000000000 ) ) ;
#1253 = DIRECTION ( 'NONE',  ( 0.000000000000000000, 0.000000000000000000, -1.000000000000000000 ) ) ;
#1254 = EDGE_CURVE ( 'NONE', #76, #1712, #152, .T. ) ;
#1255 = EDGE_CURVE ( 'NONE', #692, #1135, #1075, .T. ) ;
#1256 = DIRECTION ( 'NONE',  ( -1.000000000000000000, -0.000000000000000000, -0.000000000000000000 ) ) ;
#1257 = CIRCLE ( 'NONE', #710, 14.70000000000000107 ) ;
#1258 = ORIENTED_EDGE ( 'NONE', *, *, #1202, .F. ) ;
#1259 = DIRECTION ( 'NONE',  ( 0.000000000000000000, 0.000000000000000000, -1.000000000000000000 ) ) ;
#1260 = ORIENTED_EDGE ( 'NONE', *, *, #808, .T. ) ;
#1261 = LINE ( 'NONE', #1020, #982 ) ;
#1262 = PLANE ( 'NONE',  #1724 ) ;
#1263 = FACE_OUTER_BOUND ( 'NONE', #1091, .T. ) ;
#1264 = EDGE_CURVE ( 'NONE', #664, #1508, #183, .T. ) ;
#1265 = CARTESIAN_POINT ( 'NONE',  ( -5.866723343975976945, 14.45683229480095910, -4.000000000000000888 ) ) ;
#1266 = VECTOR ( 'NONE', #1089, 999.9999999999998863 ) ;
#1267 = ORIENTED_EDGE ( 'NONE', *, *, #727, .F. ) ;
#1268 = DATE_AND_TIME ( #60, #486 ) ;
#1269 = AXIS2_PLACEMENT_3D ( 'NONE', #1623, #404, #265 ) ;
#1270 = DIRECTION ( 'NONE',  ( 0.000000000000000000, -1.000000000000000000, 0.000000000000000000 ) ) ;
#1271 = ORIENTED_EDGE ( 'NONE', *, *, #779, .T. ) ;
#1272 = LINE ( 'NONE', #1252, #100 ) ;
#1273 = DIRECTION ( 'NONE',  ( 1.000000000000000000, -0.000000000000000000, -0.000000000000000000 ) ) ;
#1274 = DIRECTION ( 'NONE',  ( 1.000000000000000000, 0.000000000000000000, 0.000000000000000000 ) ) ;
#1275 = AXIS2_PLACEMENT_3D ( 'NONE', #1292, #648, #124 ) ;
#1276 = CARTESIAN_POINT ( 'NONE',  ( 0.000000000000000000, -2.741378302069740425, 8.572330196915022071 ) ) ;
#1277 = ORIENTED_EDGE ( 'NONE', *, *, #144, .T. ) ;
#1278 = DATE_AND_TIME ( #707, #1471 ) ;
#1279 = CYLINDRICAL_SURFACE ( 'NONE', #743, 14.70000000000000107 ) ;
#1280 = VERTEX_POINT ( 'NONE', #828 ) ;
#1281 = DIRECTION ( 'NONE',  ( 0.000000000000000000, 2.664535259100375697E-15, -1.000000000000000000 ) ) ;
#1282 = DIRECTION ( 'NONE',  ( -1.000000000000000000, -0.000000000000000000, -0.000000000000000000 ) ) ;
#1283 = CARTESIAN_POINT ( 'NONE',  ( 99.00000000000000000, 0.000000000000000000, 0.000000000000000000 ) ) ;
#1284 = CC_DESIGN_PERSON_AND_ORGANIZATION_ASSIGNMENT ( #745, #1161, ( #705 ) ) ;
#1285 = CIRCLE ( 'NONE', #1225, 14.29999999999999893 ) ;
#1286 = ORIENTED_EDGE ( 'NONE', *, *, #360, .F. ) ;
#1287 = DIRECTION ( 'NONE',  ( 0.000000000000000000, 0.000000000000000000, 1.000000000000000000 ) ) ;
#1288 = CARTESIAN_POINT ( 'NONE',  ( 15.00000000000000000, 0.000000000000000000, 0.000000000000000000 ) ) ;
#1289 = ADVANCED_FACE ( 'NONE', ( #1244, #256 ), #1750, .F. ) ;
#1290 = ORIENTED_EDGE ( 'NONE', *, *, #1694, .F. ) ;
#1291 = DIRECTION ( 'NONE',  ( 0.000000000000000000, 0.000000000000000000, -1.000000000000000000 ) ) ;
#1292 = CARTESIAN_POINT ( 'NONE',  ( -5.866723343975976945, 0.000000000000000000, 0.000000000000000000 ) ) ;
#1293 = ORIENTED_EDGE ( 'NONE', *, *, #1576, .F. ) ;
#1294 = CARTESIAN_POINT ( 'NONE',  ( 1.000000000000011324, 1.414213562373107358, 9.899494936611661799 ) ) ;
#1295 = EDGE_LOOP ( 'NONE', ( #1267, #1501 ) ) ;
#1296 = DIRECTION ( 'NONE',  ( 0.000000000000000000, -0.7071067811865476838, 0.7071067811865473507 ) ) ;
#1297 = EDGE_CURVE ( 'NONE', #1635, #776, #391, .T. ) ;
#1298 = CARTESIAN_POINT ( 'NONE',  ( 40.00000000000000000, 14.00000000000000533, 0.000000000000000000 ) ) ;
#1299 = CARTESIAN_POINT ( 'NONE',  ( 0.000000000000000000, 2.741378302069738648, -8.572330196915023848 ) ) ;
#1300 = VECTOR ( 'NONE', #1495, 1000.000000000000000 ) ;
#1301 = AXIS2_PLACEMENT_3D ( 'NONE', #589, #731, #1281 ) ;
#1302 = DIRECTION ( 'NONE',  ( -1.000000000000000000, -0.000000000000000000, -0.000000000000000000 ) ) ;
#1303 = DIRECTION ( 'NONE',  ( -1.000000000000000000, -0.000000000000000000, -0.000000000000000000 ) ) ;
#1304 = VERTEX_POINT ( 'NONE', #423 ) ;
#1305 = DIRECTION ( 'NONE',  ( -1.000000000000000000, -0.000000000000000000, -0.000000000000000000 ) ) ;
#1306 = EDGE_LOOP ( 'NONE', ( #570, #1431, #537, #949 ) ) ;
#1307 = CARTESIAN_POINT ( 'NONE',  ( 95.90000000000000568, 1.836970198721029589E-15, -15.00000000000000000 ) ) ;
#1308 = FACE_OUTER_BOUND ( 'NONE', #599, .T. ) ;
#1309 = ADVANCED_FACE ( 'NONE', ( #548 ), #1234, .T. ) ;
#1310 = ADVANCED_FACE ( 'NONE', ( #1631 ), #820, .T. ) ;
#1311 = VERTEX_POINT ( 'NONE', #1398 ) ;
#1312 = CARTESIAN_POINT ( 'NONE',  ( 0.000000000000000000, 0.000000000000000000, 0.000000000000000000 ) ) ;
#1313 = EDGE_CURVE ( 'NONE', #744, #661, #17, .T. ) ;
#1314 = EDGE_CURVE ( 'NONE', #1480, #655, #1553, .T. ) ;
#1315 = ORIENTED_EDGE ( 'NONE', *, *, #436, .T. ) ;
#1316 = DIRECTION ( 'NONE',  ( 0.000000000000000000, 0.000000000000000000, 1.000000000000000000 ) ) ;
#1317 = ORIENTED_EDGE ( 'NONE', *, *, #615, .T. ) ;
#1318 = DIRECTION ( 'NONE',  ( -1.000000000000000000, -0.000000000000000000, -0.000000000000000000 ) ) ;
#1319 = DIRECTION ( 'NONE',  ( 0.000000000000000000, 0.000000000000000000, -1.000000000000000000 ) ) ;
#1320 = EDGE_CURVE ( 'NONE', #766, #495, #1003, .T. ) ;
#1321 = LINE ( 'NONE', #1178, #1196 ) ;
#1322 = ORIENTED_EDGE ( 'NONE', *, *, #914, .T. ) ;
#1323 = DIRECTION ( 'NONE',  ( 0.000000000000000000, 0.000000000000000000, -1.000000000000000000 ) ) ;
#1324 = ORIENTED_EDGE ( 'NONE', *, *, #833, .F. ) ;
#1325 = DIRECTION ( 'NONE',  ( 0.000000000000000000, 0.000000000000000000, -1.000000000000000000 ) ) ;
#1326 = LINE ( 'NONE', #101, #1241 ) ;
#1327 = CIRCLE ( 'NONE', #608, 15.00000000000000000 ) ;
#1328 = AXIS2_PLACEMENT_3D ( 'NONE', #539, #1083, #22 ) ;
#1329 = PLANE ( 'NONE',  #905 ) ;
#1330 = ORIENTED_EDGE ( 'NONE', *, *, #1488, .T. ) ;
#1331 = CARTESIAN_POINT ( 'NONE',  ( 50.80000000000000426, 0.000000000000000000, 14.70000000000000107 ) ) ;
#1332 = ORIENTED_EDGE ( 'NONE', *, *, #1049, .F. ) ;
#1333 = FACE_OUTER_BOUND ( 'NONE', #296, .T. ) ;
#1334 = LINE ( 'NONE', #523, #1408 ) ;
#1335 = VECTOR ( 'NONE', #462, 1000.000000000000114 ) ;
#1336 = VERTEX_POINT ( 'NONE', #342 ) ;
#1337 = VECTOR ( 'NONE', #971, 1000.000000000000114 ) ;
#1338 = CARTESIAN_POINT ( 'NONE',  ( 88.29574426909847773, 14.51280317824353006, -3.793318381051909771 ) ) ;
#1339 = EDGE_CURVE ( 'NONE', #1311, #1195, #1272, .T. ) ;
#1340 = DIRECTION ( 'NONE',  ( 0.000000000000000000, 0.000000000000000000, 1.000000000000000000 ) ) ;
#1341 = DIRECTION ( 'NONE',  ( 1.000000000000000000, -0.000000000000000000, -0.000000000000000000 ) ) ;
#1342 = AXIS2_PLACEMENT_3D ( 'NONE', #138, #536, #402 ) ;
#1343 = DIRECTION ( 'NONE',  ( -1.000000000000000000, -0.000000000000000000, -0.000000000000000000 ) ) ;
#1344 = ORIENTED_EDGE ( 'NONE', *, *, #1320, .T. ) ;
#1345 = EDGE_LOOP ( 'NONE', ( #1401, #1580, #1589, #1211 ) ) ;
#1346 = CARTESIAN_POINT ( 'NONE',  ( 90.87062448706107887, 14.96593618217722543, 1.042931681875741923 ) ) ;
#1347 = ORIENTED_EDGE ( 'NONE', *, *, #1025, .F. ) ;
#1348 = DIRECTION ( 'NONE',  ( -1.000000000000000000, -0.000000000000000000, -0.000000000000000000 ) ) ;
#1349 = CARTESIAN_POINT ( 'NONE',  ( -5.866723343975976945, 0.000000000000000000, 15.00000000000000000 ) ) ;
#1350 = FACE_OUTER_BOUND ( 'NONE', #1727, .T. ) ;
#1351 = CIRCLE ( 'NONE', #1269, 15.00000000000000000 ) ;
#1352 = AXIS2_PLACEMENT_3D ( 'NONE', #1663, #454, #995 ) ;
#1353 = ORIENTED_EDGE ( 'NONE', *, *, #1002, .T. ) ;
#1354 = CARTESIAN_POINT ( 'NONE',  ( 87.00000000000001421, 14.45683229480095910, -4.000000000000000888 ) ) ;
#1355 = AXIS2_PLACEMENT_3D ( 'NONE', #884, #178, #622 ) ;
#1356 = ORIENTED_EDGE ( 'NONE', *, *, #1420, .F. ) ;
#1357 = DIRECTION ( 'NONE',  ( 0.000000000000000000, 0.000000000000000000, 1.000000000000000000 ) ) ;
#1358 = CARTESIAN_POINT ( 'NONE',  ( 12.00000000000000355, 0.000000000000000000, 0.000000000000000000 ) ) ;
#1359 = EDGE_CURVE ( 'NONE', #1602, #1124, #1261, .T. ) ;
#1360 = EDGE_CURVE ( 'NONE', #1665, #175, #1136, .T. ) ;
#1361 = ORIENTED_EDGE ( 'NONE', *, *, #1360, .T. ) ;
#1362 = ADVANCED_FACE ( 'NONE', ( #1519 ), #1561, .F. ) ;
#1363 = CARTESIAN_POINT ( 'NONE',  ( 87.26551658314541271, 14.45683229480096443, -4.000000000000001776 ) ) ;
#1364 =( LENGTH_UNIT ( ) NAMED_UNIT ( * ) SI_UNIT ( .MILLI., .METRE. ) );
#1365 = ORIENTED_EDGE ( 'NONE', *, *, #1570, .F. ) ;
#1366 = AXIS2_PLACEMENT_3D ( 'NONE', #903, #1450, #226 ) ;
#1367 = CARTESIAN_POINT ( 'NONE',  ( -5.866723343975976945, 0.000000000000000000, 0.000000000000000000 ) ) ;
#1368 = CARTESIAN_POINT ( 'NONE',  ( 87.00000000000001421, 14.45683229480095910, -4.000000000000000888 ) ) ;
#1369 = VECTOR ( 'NONE', #834, 1000.000000000000000 ) ;
#1370 = ORIENTED_EDGE ( 'NONE', *, *, #993, .F. ) ;
#1371 = CARTESIAN_POINT ( 'NONE',  ( -5.866723343975976945, 0.000000000000000000, 0.000000000000000000 ) ) ;
#1372 = ORIENTED_EDGE ( 'NONE', *, *, #727, .T. ) ;
#1373 = CARTESIAN_POINT ( 'NONE',  ( 40.00000000000000000, 3.061616997868383043E-15, -25.00000000000000000 ) ) ;
#1374 = DIRECTION ( 'NONE',  ( -1.000000000000000000, 0.000000000000000000, -0.000000000000000000 ) ) ;
#1375 = EDGE_CURVE ( 'NONE', #627, #1752, #295, .T. ) ;
#1376 = CARTESIAN_POINT ( 'NONE',  ( 0.2957818423218623316, -2.284842794848346070, 9.028865704136416426 ) ) ;
#1377 = ORIENTED_EDGE ( 'NONE', *, *, #276, .F. ) ;
#1378 = DIRECTION ( 'NONE',  ( 1.000000000000000000, -0.000000000000000000, -0.000000000000000000 ) ) ;
#1379 = EDGE_CURVE ( 'NONE', #69, #1087, #165, .T. ) ;
#1380 = AXIS2_PLACEMENT_3D ( 'NONE', #176, #719, #46 ) ;
#1381 = ORIENTED_EDGE ( 'NONE', *, *, #1255, .T. ) ;
#1382 = CARTESIAN_POINT ( 'NONE',  ( 15.00000000000000000, 5.204748896376241824E-16, -4.249999999999992895 ) ) ;
#1383 = CARTESIAN_POINT ( 'NONE',  ( 1.000000000000011324, -9.899494936611663576, -1.414213562373101363 ) ) ;
#1384 = EDGE_CURVE ( 'NONE', #160, #1336, #1409, .T. ) ;
#1385 = ORIENTED_EDGE ( 'NONE', *, *, #1125, .F. ) ;
#1386 = PERSON_AND_ORGANIZATION ( #1440, #1251 ) ;
#1387 = CARTESIAN_POINT ( 'NONE',  ( 12.00000000000000000, -1.414213562373095145, -9.899494936611668905 ) ) ;
#1388 = ORIENTED_EDGE ( 'NONE', *, *, #1621, .T. ) ;
#1389 = EDGE_CURVE ( 'NONE', #1508, #979, #328, .T. ) ;
#1390 = DIRECTION ( 'NONE',  ( 0.000000000000000000, 0.000000000000000000, 1.000000000000000000 ) ) ;
#1391 = AXIS2_PLACEMENT_3D ( 'NONE', #1114, #410, #281 ) ;
#1392 = CARTESIAN_POINT ( 'NONE',  ( 50.80000000000000426, 0.000000000000000000, 0.000000000000000000 ) ) ;
#1393 = DIRECTION ( 'NONE',  ( 0.000000000000000000, 0.000000000000000000, 1.000000000000000000 ) ) ;
#1394 = EDGE_LOOP ( 'NONE', ( #1425, #1626, #231, #1070, #479, #201 ) ) ;
#1395 = APPROVAL_DATE_TIME ( #1278, #16 ) ;
#1396 = DIRECTION ( 'NONE',  ( -0.7071067811865481278, 0.000000000000000000, 0.7071067811865469066 ) ) ;
#1397 = ORIENTED_EDGE ( 'NONE', *, *, #419, .T. ) ;
#1398 = CARTESIAN_POINT ( 'NONE',  ( 50.00000000000000000, 3.061616997868383043E-15, -25.00000000000000000 ) ) ;
#1399 = CARTESIAN_POINT ( 'NONE',  ( 50.00000000000000000, 0.000000000000000000, 0.000000000000000000 ) ) ;
#1400 = DIRECTION ( 'NONE',  ( 0.000000000000000000, 0.000000000000000000, 1.000000000000000000 ) ) ;
#1401 = ORIENTED_EDGE ( 'NONE', *, *, #97, .F. ) ;
#1402 = DATE_TIME_ROLE ( 'creation_date' ) ;
#1403 = CIRCLE ( 'NONE', #1633, 14.29999999999999893 ) ;
#1404 = EDGE_CURVE ( 'NONE', #80, #759, #864, .T. ) ;
#1405 = FACE_BOUND ( 'NONE', #1644, .T. ) ;
#1406 = EDGE_LOOP ( 'NONE', ( #369, #2, #460, #998 ) ) ;
#1407 = CARTESIAN_POINT ( 'NONE',  ( 0.6348061879937203500, 9.469109901749977354, 1.844598597234789139 ) ) ;
#1408 = VECTOR ( 'NONE', #90, 1000.000000000000000 ) ;
#1409 = CIRCLE ( 'NONE', #418, 14.72725933896874295 ) ;
#1410 = CARTESIAN_POINT ( 'NONE',  ( 99.00000000000000000, 0.000000000000000000, 0.000000000000000000 ) ) ;
#1411 = EDGE_CURVE ( 'NONE', #655, #800, #1691, .T. ) ;
#1412 = ORIENTED_EDGE ( 'NONE', *, *, #920, .F. ) ;
#1413 = CARTESIAN_POINT ( 'NONE',  ( 15.00000000000000000, 0.000000000000000000, 0.000000000000000000 ) ) ;
#1414 = EDGE_LOOP ( 'NONE', ( #1007, #568, #1028, #118 ) ) ;
#1415 = CARTESIAN_POINT ( 'NONE',  ( 95.90000000000000568, 0.000000000000000000, 0.000000000000000000 ) ) ;
#1416 = DIRECTION ( 'NONE',  ( 0.000000000000000000, 0.000000000000000000, -1.000000000000000000 ) ) ;
#1417 = TOROIDAL_SURFACE ( 'NONE', #645, 15.50000000000000355, 0.8000000000000055955 ) ;
#1418 = DIRECTION ( 'NONE',  ( -1.000000000000000000, -0.000000000000000000, -0.000000000000000000 ) ) ;
#1419 = ORIENTED_EDGE ( 'NONE', *, *, #702, .T. ) ;
#1420 = EDGE_CURVE ( 'NONE', #1565, #1534, #1014, .T. ) ;
#1421 = DATE_AND_TIME ( #308, #565 ) ;
#1422 = PLANE ( 'NONE',  #1 ) ;
#1423 = DIRECTION ( 'NONE',  ( 0.000000000000000000, 1.000000000000000000, 0.000000000000000000 ) ) ;
#1424 = AXIS2_PLACEMENT_3D ( 'NONE', #1231, #1092, #131 ) ;
#1425 = ORIENTED_EDGE ( 'NONE', *, *, #1119, .F. ) ;
#1426 = DIRECTION ( 'NONE',  ( 1.000000000000000000, 0.000000000000000000, 0.000000000000000000 ) ) ;
#1427 = DIRECTION ( 'NONE',  ( 1.000000000000000000, 0.000000000000000000, 0.000000000000000000 ) ) ;
#1428 = DIRECTION ( 'NONE',  ( 0.000000000000000000, 0.000000000000000000, -1.000000000000000000 ) ) ;
#1429 = AXIS2_PLACEMENT_3D ( 'NONE', #7, #1654, #980 ) ;
#1430 = DIRECTION ( 'NONE',  ( 0.000000000000000000, 0.000000000000000000, 1.000000000000000000 ) ) ;
#1431 = ORIENTED_EDGE ( 'NONE', *, *, #1463, .F. ) ;
#1432 = DIRECTION ( 'NONE',  ( -1.000000000000000000, -0.000000000000000000, -0.000000000000000000 ) ) ;
#1433 = EDGE_CURVE ( 'NONE', #1250, #495, #210, .T. ) ;
#1434 = CARTESIAN_POINT ( 'NONE',  ( 83.41778489984130829, 1.724678898308568479E-15, -11.31370849898475939 ) ) ;
#1435 = EDGE_CURVE ( 'NONE', #1550, #1280, #1094, .T. ) ;
#1436 = CARTESIAN_POINT ( 'NONE',  ( 1.000000000000011324, 9.899494936611663576, -1.414213562373096922 ) ) ;
#1437 = AXIS2_PLACEMENT_3D ( 'NONE', #1191, #515, #1059 ) ;
#1438 = AXIS2_PLACEMENT_3D ( 'NONE', #668, #1226, #1105 ) ;
#1439 = EDGE_CURVE ( 'NONE', #870, #692, #783, .T. ) ;
#1440 = PERSON ( 'UNSPECIFIED', 'UNSPECIFIED', 'UNSPECIFIED', ('UNSPECIFIED'), ('UNSPECIFIED'), ('UNSPECIFIED') ) ;
#1441 = ORIENTED_EDGE ( 'NONE', *, *, #1230, .F. ) ;
#1442 = DIRECTION ( 'NONE',  ( 1.000000000000000000, 0.000000000000000000, 0.000000000000000000 ) ) ;
#1443 = ORIENTED_EDGE ( 'NONE', *, *, #373, .F. ) ;
#1444 = FACE_OUTER_BOUND ( 'NONE', #1596, .T. ) ;
#1445 = EDGE_LOOP ( 'NONE', ( #403, #1260, #521, #1330 ) ) ;
#1446 = CARTESIAN_POINT ( 'NONE',  ( 51.27506275965939864, 1.801899947857356320E-15, -14.69999999999999929 ) ) ;
#1447 = ADVANCED_FACE ( 'NONE', ( #1689, #384 ), #1060, .F. ) ;
#1448 = DIRECTION ( 'NONE',  ( -1.000000000000000000, -0.000000000000000000, -0.000000000000000000 ) ) ;
#1449 = CONICAL_SURFACE ( 'NONE', #650, 4.249999999999992895, 0.7853981633974473908 ) ;
#1450 = DIRECTION ( 'NONE',  ( -1.000000000000000000, -0.000000000000000000, -0.000000000000000000 ) ) ;
#1451 = ORIENTED_EDGE ( 'NONE', *, *, #910, .F. ) ;
#1452 = CARTESIAN_POINT ( 'NONE',  ( 55.40691463491249635, 14.89633762119253646, -1.776937342985588808 ) ) ;
#1453 = PLANE ( 'NONE',  #323 ) ;
#1454 = DIRECTION ( 'NONE',  ( 0.000000000000000000, 0.000000000000000000, -1.000000000000000000 ) ) ;
#1455 = CIRCLE ( 'NONE', #142, 14.69999999999999929 ) ;
#1456 = EDGE_LOOP ( 'NONE', ( #504, #959, #842, #4, #1356 ) ) ;
#1457 = LINE ( 'NONE', #900, #1489 ) ;
#1458 = CYLINDRICAL_SURFACE ( 'NONE', #720, 4.000000000000000000 ) ;
#1459 = ADVANCED_FACE ( 'NONE', ( #1464 ), #1609, .T. ) ;
#1460 = FACE_OUTER_BOUND ( 'NONE', #487, .T. ) ;
#1461 = CIRCLE ( 'NONE', #1437, 15.50000000000000178 ) ;
#1462 = AXIS2_PLACEMENT_3D ( 'NONE', #711, #854, #1390 ) ;
#1463 = EDGE_CURVE ( 'NONE', #192, #422, #529, .T. ) ;
#1464 = FACE_OUTER_BOUND ( 'NONE', #320, .T. ) ;
#1465 = EDGE_LOOP ( 'NONE', ( #260, #1277 ) ) ;
#1466 = CARTESIAN_POINT ( 'NONE',  ( 91.00023950492312963, 15.00006386795430302, -0.2584847052804176704 ) ) ;
#1467 = VERTEX_POINT ( 'NONE', #633 ) ;
#1468 = DIRECTION ( 'NONE',  ( 1.000000000000000000, -0.000000000000000000, -0.000000000000000000 ) ) ;
#1469 = CARTESIAN_POINT ( 'NONE',  ( 1.000000000000011324, 0.000000000000000000, 0.000000000000000000 ) ) ;
#1470 = ORIENTED_EDGE ( 'NONE', *, *, #967, .F. ) ;
#1471 = LOCAL_TIME ( 14, 26, 23.00000000000000000, #609 ) ;
#1472 = EDGE_CURVE ( 'NONE', #361, #611, #1212, .T. ) ;
#1473 = EDGE_LOOP ( 'NONE', ( #1652, #1054, #1385, #1650, #1100, #962 ) ) ;
#1474 = CARTESIAN_POINT ( 'NONE',  ( 55.80054056080766145, 14.80218696264226175, 2.457106784390814980 ) ) ;
#1475 = ORIENTED_EDGE ( 'NONE', *, *, #1029, .T. ) ;
#1476 = DIRECTION ( 'NONE',  ( -0.000000000000000000, 0.000000000000000000, -1.000000000000000000 ) ) ;
#1477 = DIRECTION ( 'NONE',  ( -1.000000000000000000, 0.000000000000000000, -0.000000000000000000 ) ) ;
#1478 = VECTOR ( 'NONE', #1270, 1000.000000000000000 ) ;
#1479 = LINE ( 'NONE', #1739, #67 ) ;
#1480 = VERTEX_POINT ( 'NONE', #1294 ) ;
#1481 = CARTESIAN_POINT ( 'NONE',  ( 15.00000000000000000, 0.000000000000000000, 8.000000000000000000 ) ) ;
#1482 = ORIENTED_EDGE ( 'NONE', *, *, #493, .F. ) ;
#1483 = FACE_OUTER_BOUND ( 'NONE', #1414, .T. ) ;
#1484 = ADVANCED_FACE ( 'NONE', ( #1027 ), #1329, .T. ) ;
#1485 = LINE ( 'NONE', #1349, #1300 ) ;
#1486 = DIRECTION ( 'NONE',  ( 0.000000000000000000, -1.000000000000000000, 0.000000000000000000 ) ) ;
#1487 = DIRECTION ( 'NONE',  ( 0.000000000000000000, 0.000000000000000000, -1.000000000000000000 ) ) ;
#1488 = EDGE_CURVE ( 'NONE', #735, #130, #1082, .T. ) ;
#1489 = VECTOR ( 'NONE', #237, 1000.000000000000000 ) ;
#1490 = ADVANCED_FACE ( 'NONE', ( #897 ), #680, .T. ) ;
#1491 = ORIENTED_EDGE ( 'NONE', *, *, #641, .F. ) ;
#1492 = CARTESIAN_POINT ( 'NONE',  ( 88.29367826097305283, 14.51260719434705493, 3.794073490803028470 ) ) ;
#1493 = AXIS2_PLACEMENT_3D ( 'NONE', #908, #381, #639 ) ;
#1494 = EDGE_LOOP ( 'NONE', ( #1443, #899, #197, #428 ) ) ;
#1495 = DIRECTION ( 'NONE',  ( -1.000000000000000000, -0.000000000000000000, -0.000000000000000000 ) ) ;
#1496 = EDGE_CURVE ( 'NONE', #422, #80, #1321, .T. ) ;
#1497 = FACE_OUTER_BOUND ( 'NONE', #941, .T. ) ;
#1498 = VERTEX_POINT ( 'NONE', #376 ) ;
#1499 = CONICAL_SURFACE ( 'NONE', #734, 15.00000000000000000, 0.7853981633974500554 ) ;
#1500 = CARTESIAN_POINT ( 'NONE',  ( 89.01212389482618903, 14.59462521812247715, -3.466839705932165394 ) ) ;
#1501 = ORIENTED_EDGE ( 'NONE', *, *, #1313, .F. ) ;
#1502 = DIRECTION ( 'NONE',  ( 0.000000000000000000, 0.000000000000000000, -1.000000000000000000 ) ) ;
#1503 = CC_DESIGN_DATE_AND_TIME_ASSIGNMENT ( #1421, #1402, ( #332 ) ) ;
#1504 = CARTESIAN_POINT ( 'NONE',  ( 1.000000000000011324, 9.899494936611663576, 1.414213562373102251 ) ) ;
#1505 = AXIS2_PLACEMENT_3D ( 'NONE', #1526, #1378, #1144 ) ;
#1506 = EDGE_LOOP ( 'NONE', ( #355, #1419, #1324, #846 ) ) ;
#1507 = FACE_OUTER_BOUND ( 'NONE', #371, .T. ) ;
#1508 = VERTEX_POINT ( 'NONE', #103 ) ;
#1509 = CARTESIAN_POINT ( 'NONE',  ( 99.00000000000000000, 1.836970198721029589E-15, -15.00000000000000000 ) ) ;
#1510 = DIRECTION ( 'NONE',  ( 0.000000000000000000, 0.000000000000000000, -1.000000000000000000 ) ) ;
#1511 = CARTESIAN_POINT ( 'NONE',  ( 83.41778489984130829, 11.31370849898476116, 0.000000000000000000 ) ) ;
#1512 = ORIENTED_EDGE ( 'NONE', *, *, #788, .T. ) ;
#1513 = EDGE_CURVE ( 'NONE', #311, #192, #224, .T. ) ;
#1514 = DIRECTION ( 'NONE',  ( 1.000000000000000000, 0.000000000000000000, 0.000000000000000000 ) ) ;
#1515 = DIRECTION ( 'NONE',  ( -1.000000000000000000, -0.000000000000000000, -0.000000000000000000 ) ) ;
#1516 = VECTOR ( 'NONE', #204, 1000.000000000000000 ) ;
#1517 = AXIS2_PLACEMENT_3D ( 'NONE', #64, #603, #1154 ) ;
#1518 = EDGE_LOOP ( 'NONE', ( #923, #977, #1219, #1684 ) ) ;
#1520 = AXIS2_PLACEMENT_3D ( 'NONE', #114, #246, #1048 ) ;
#1519 = FACE_OUTER_BOUND ( 'NONE', #51, .T. ) ;
#1521 = FACE_BOUND ( 'NONE', #1216, .T. ) ;
#1522 = DIRECTION ( 'NONE',  ( 0.000000000000000000, 0.000000000000000000, -1.000000000000000000 ) ) ;
#1523 = CARTESIAN_POINT ( 'NONE',  ( -5.866723343975976945, -1.414213562373099586, 9.899494936611665352 ) ) ;
#1524 = ORIENTED_EDGE ( 'NONE', *, *, #724, .F. ) ;
#1525 = PERSON_AND_ORGANIZATION_ROLE ( 'creator' ) ;
#1526 = CARTESIAN_POINT ( 'NONE',  ( 95.90000000000000568, 0.000000000000000000, 0.000000000000000000 ) ) ;
#1527 = ORIENTED_EDGE ( 'NONE', *, *, #302, .T. ) ;
#1528 = CC_DESIGN_SECURITY_CLASSIFICATION ( #705, ( #1139 ) ) ;
#1529 = DIRECTION ( 'NONE',  ( -1.000000000000000000, -0.000000000000000000, -0.000000000000000000 ) ) ;
#1530 = CIRCLE ( 'NONE', #1055, 8.999999999999994671 ) ;
#1531 = CARTESIAN_POINT ( 'NONE',  ( 51.48211799574141168, 0.000000000000000000, -14.72725933896874295 ) ) ;
#1532 = LINE ( 'NONE', #733, #61 ) ;
#1533 = FACE_OUTER_BOUND ( 'NONE', #1394, .T. ) ;
#1534 = VERTEX_POINT ( 'NONE', #887 ) ;
#1536 = PERSON_AND_ORGANIZATION ( #1440, #1251 ) ;
#1535 = CC_DESIGN_PERSON_AND_ORGANIZATION_ASSIGNMENT ( #593, #1143, ( #1139 ) ) ;
#1537 = CIRCLE ( 'NONE', #827, 9.999999999999998224 ) ;
#1538 = DIRECTION ( 'NONE',  ( 1.000000000000000000, -0.000000000000000000, -0.000000000000000000 ) ) ;
#1539 = ORIENTED_EDGE ( 'NONE', *, *, #171, .F. ) ;
#1540 = DIRECTION ( 'NONE',  ( 0.000000000000000000, 0.000000000000000000, 1.000000000000000000 ) ) ;
#1541 = LINE ( 'NONE', #1671, #1335 ) ;
#1542 = ADVANCED_FACE ( 'NONE', ( #1170 ), #510, .T. ) ;
#1543 = DIRECTION ( 'NONE',  ( -1.000000000000000000, -0.000000000000000000, -0.000000000000000000 ) ) ;
#1544 = ADVANCED_FACE ( 'NONE', ( #1053 ), #780, .T. ) ;
#1545 = DIRECTION ( 'NONE',  ( -1.000000000000000000, -0.000000000000000000, -0.000000000000000000 ) ) ;
#1546 = ADVANCED_FACE ( 'NONE', ( #206, #215 ), #1422, .F. ) ;
#1547 = EDGE_LOOP ( 'NONE', ( #764, #689, #518, #602 ) ) ;
#1548 = DATE_TIME_ROLE ( 'classification_date' ) ;
#1549 = CARTESIAN_POINT ( 'NONE',  ( 15.00000000000000000, 9.797174393178825657E-16, -8.000000000000000000 ) ) ;
#1550 = VERTEX_POINT ( 'NONE', #757 ) ;
#1551 = DIRECTION ( 'NONE',  ( 0.000000000000000000, 1.000000000000000000, 0.000000000000000000 ) ) ;
#1552 = CIRCLE ( 'NONE', #839, 9.999999999999998224 ) ;
#1553 = CIRCLE ( 'NONE', #1159, 9.999999999999998224 ) ;
#1554 = DIRECTION ( 'NONE',  ( -0.000000000000000000, 0.7071067811865474617, 0.7071067811865474617 ) ) ;
#1555 = EDGE_CURVE ( 'NONE', #137, #1243, #767, .T. ) ;
#1556 = VERTEX_POINT ( 'NONE', #502 ) ;
#1557 = COORDINATED_UNIVERSAL_TIME_OFFSET ( 1, 0, .AHEAD. ) ;
#1558 = DIRECTION ( 'NONE',  ( 0.000000000000000000, 0.000000000000000000, 1.000000000000000000 ) ) ;
#1559 = LINE ( 'NONE', #339, #772 ) ;
#1560 = ORIENTED_EDGE ( 'NONE', *, *, #287, .T. ) ;
#1561 = PLANE ( 'NONE',  #1071 ) ;
#1562 = DIRECTION ( 'NONE',  ( -1.000000000000000000, -0.000000000000000000, -0.000000000000000000 ) ) ;
#1563 = VECTOR ( 'NONE', #1692, 1000.000000000000000 ) ;
#1564 = CARTESIAN_POINT ( 'NONE',  ( -5.391182137840081268, 0.000000000000000000, 0.000000000000000000 ) ) ;
#1565 = VERTEX_POINT ( 'NONE', #1043 ) ;
#1566 = ADVANCED_FACE ( 'NONE', ( #1586 ), #368, .F. ) ;
#1567 = DIRECTION ( 'NONE',  ( 1.000000000000000000, 0.000000000000000000, 0.000000000000000000 ) ) ;
#1568 = VECTOR ( 'NONE', #1515, 1000.000000000000000 ) ;
#1569 = EDGE_LOOP ( 'NONE', ( #659, #729, #535, #675 ) ) ;
#1570 = EDGE_CURVE ( 'NONE', #1087, #120, #1530, .T. ) ;
#1571 = CARTESIAN_POINT ( 'NONE',  ( 58.47367463575117341, 14.46414493401849377, -3.973829375622791371 ) ) ;
#1572 = DIRECTION ( 'NONE',  ( -1.000000000000000000, -0.000000000000000000, -0.000000000000000000 ) ) ;
#1573 = ORIENTED_EDGE ( 'NONE', *, *, #1621, .F. ) ;
#1574 = CIRCLE ( 'NONE', #891, 0.8000000000000055955 ) ;
#1575 = DIRECTION ( 'NONE',  ( 0.000000000000000000, 0.000000000000000000, -1.000000000000000000 ) ) ;
#1576 = EDGE_CURVE ( 'NONE', #800, #664, #985, .T. ) ;
#1577 = EDGE_LOOP ( 'NONE', ( #1475, #470 ) ) ;
#1578 = CIRCLE ( 'NONE', #581, 4.249999999999992895 ) ;
#1579 = DIRECTION ( 'NONE',  ( -1.000000000000000000, -0.000000000000000000, -0.000000000000000000 ) ) ;
#1580 = ORIENTED_EDGE ( 'NONE', *, *, #604, .F. ) ;
#1581 = DIRECTION ( 'NONE',  ( -1.000000000000000000, -0.000000000000000000, -0.000000000000000000 ) ) ;
#1582 = DIRECTION ( 'NONE',  ( -1.000000000000000000, -0.000000000000000000, -0.000000000000000000 ) ) ;
#1583 = VECTOR ( 'NONE', #1274, 1000.000000000000000 ) ;
#1584 = AXIS2_PLACEMENT_3D ( 'NONE', #514, #89, #777 ) ;
#1585 = FACE_OUTER_BOUND ( 'NONE', #492, .T. ) ;
#1586 = FACE_OUTER_BOUND ( 'NONE', #1518, .T. ) ;
#1587 = ORIENTED_EDGE ( 'NONE', *, *, #1047, .T. ) ;
#1588 = CARTESIAN_POINT ( 'NONE',  ( 57.96094940293391318, 14.49186311094969248, -3.871525817084382926 ) ) ;
#1589 = ORIENTED_EDGE ( 'NONE', *, *, #1472, .T. ) ;
#1590 = FACE_OUTER_BOUND ( 'NONE', #394, .T. ) ;
#1591 = DIRECTION ( 'NONE',  ( 0.000000000000000000, 0.7071067811865474617, 0.7071067811865474617 ) ) ;
#1592 = VECTOR ( 'NONE', #954, 1000.000000000000000 ) ;
#1593 = DIRECTION ( 'NONE',  ( 0.000000000000000000, 0.000000000000000000, -1.000000000000000000 ) ) ;
#1594 = VERTEX_POINT ( 'NONE', #1109 ) ;
#1595 = CYLINDRICAL_SURFACE ( 'NONE', #500, 15.00000000000000000 ) ;
#1596 = EDGE_LOOP ( 'NONE', ( #810, #437, #1182, #698, #832, #1042 ) ) ;
#1597 = CARTESIAN_POINT ( 'NONE',  ( 38.50000000000000000, 1.898202538678397557E-15, 15.50000000000000178 ) ) ;
#1598 = CARTESIAN_POINT ( 'NONE',  ( 38.50000000000000000, 0.000000000000000000, 0.000000000000000000 ) ) ;
#1599 = AXIS2_PLACEMENT_3D ( 'NONE', #577, #27, #728 ) ;
#1600 = ADVANCED_FACE ( 'NONE', ( #575 ), #466, .T. ) ;
#1601 = CARTESIAN_POINT ( 'NONE',  ( 12.00000000000000178, 10.00000000000000000, 0.000000000000000000 ) ) ;
#1602 = VERTEX_POINT ( 'NONE', #1015 ) ;
#1603 = CARTESIAN_POINT ( 'NONE',  ( 57.70632173902697559, 14.51260719434705315, -3.794073490803033355 ) ) ;
#1604 = ORIENTED_EDGE ( 'NONE', *, *, #920, .T. ) ;
#1605 = LINE ( 'NONE', #1058, #1215 ) ;
#1606 = DIRECTION ( 'NONE',  ( 0.000000000000000000, 0.000000000000000000, -1.000000000000000000 ) ) ;
#1607 = EDGE_CURVE ( 'NONE', #1124, #904, #691, .T. ) ;
#1608 = CIRCLE ( 'NONE', #867, 4.249999999999992895 ) ;
#1609 = CONICAL_SURFACE ( 'NONE', #840, 12.99999999999998224, 0.7853981633974457255 ) ;
#1610 = ORIENTED_EDGE ( 'NONE', *, *, #944, .T. ) ;
#1611 = CARTESIAN_POINT ( 'NONE',  ( 58.73448341685467256, 14.45683229480096976, 4.000000000000000888 ) ) ;
#1612 = CARTESIAN_POINT ( 'NONE',  ( 59.00000000000001421, 11.00000000000000000, -4.000000000000000888 ) ) ;
#1613 = DIRECTION ( 'NONE',  ( -1.000000000000000000, -0.000000000000000000, -0.000000000000000000 ) ) ;
#1614 = ORIENTED_EDGE ( 'NONE', *, *, #524, .F. ) ;
#1615 = PRODUCT_RELATED_PRODUCT_CATEGORY ( 'detail', '', ( #75 ) ) ;
#1616 = AXIS2_PLACEMENT_3D ( 'NONE', #1511, #859, #831 ) ;
#1617 = VERTEX_POINT ( 'NONE', #170 ) ;
#1618 = EDGE_CURVE ( 'NONE', #800, #1565, #950, .T. ) ;
#1619 = CARTESIAN_POINT ( 'NONE',  ( 55.50625021146021254, 14.87172555150046627, 2.017496053940501355 ) ) ;
#1620 = DIRECTION ( 'NONE',  ( 0.000000000000000000, 0.000000000000000000, -1.000000000000000000 ) ) ;
#1621 = EDGE_CURVE ( 'NONE', #153, #54, #435, .T. ) ;
#1622 = EDGE_LOOP ( 'NONE', ( #1353, #1361, #1470, #385 ) ) ;
#1623 = CARTESIAN_POINT ( 'NONE',  ( 95.90000000000000568, 0.000000000000000000, 0.000000000000000000 ) ) ;
#1624 = DIRECTION ( 'NONE',  ( 0.000000000000000000, 0.000000000000000000, 1.000000000000000000 ) ) ;
#1625 = ADVANCED_FACE ( 'NONE', ( #1533 ), #317, .F. ) ;
#1626 = ORIENTED_EDGE ( 'NONE', *, *, #1379, .T. ) ;
#1627 = ORIENTED_EDGE ( 'NONE', *, *, #604, .T. ) ;
#1628 = CARTESIAN_POINT ( 'NONE',  ( 88.03905059706607972, 14.49186311094969426, 3.871525817084383814 ) ) ;
#1629 = ADVANCED_FACE ( 'NONE', ( #50 ), #150, .T. ) ;
#1630 = ORIENTED_EDGE ( 'NONE', *, *, #42, .T. ) ;
#1631 = FACE_OUTER_BOUND ( 'NONE', #872, .T. ) ;
#1632 = DIRECTION ( 'NONE',  ( -1.000000000000000000, -0.000000000000000000, -0.000000000000000000 ) ) ;
#1633 = AXIS2_PLACEMENT_3D ( 'NONE', #630, #1468, #1325 ) ;
#1634 = AXIS2_PLACEMENT_3D ( 'NONE', #148, #414, #135 ) ;
#1635 = VERTEX_POINT ( 'NONE', #293 ) ;
#1636 = CARTESIAN_POINT ( 'NONE',  ( 89.44404717918806114, 14.66041640961890558, -3.177145495670783859 ) ) ;
#1637 = DIRECTION ( 'NONE',  ( 0.000000000000000000, 0.000000000000000000, 1.000000000000000000 ) ) ;
#1638 = ORIENTED_EDGE ( 'NONE', *, *, #144, .F. ) ;
#1639 = DIRECTION ( 'NONE',  ( -1.000000000000000000, -0.000000000000000000, -0.000000000000000000 ) ) ;
#1640 = CARTESIAN_POINT ( 'NONE',  ( 100.0000000000000000, 0.000000000000000000, 0.000000000000000000 ) ) ;
#1641 = DIRECTION ( 'NONE',  ( 0.000000000000000000, 0.000000000000000000, -1.000000000000000000 ) ) ;
#1642 = EDGE_LOOP ( 'NONE', ( #377, #550, #579, #236 ) ) ;
#1643 = CARTESIAN_POINT ( 'NONE',  ( 90.46957911872544855, 14.86666270686945701, 2.007757950275369296 ) ) ;
#1644 = EDGE_LOOP ( 'NONE', ( #1258, #1085 ) ) ;
#1645 = DIRECTION ( 'NONE',  ( -0.7071067811865481278, 8.659560562354925463E-17, -0.7071067811865469066 ) ) ;
#1646 = CARTESIAN_POINT ( 'NONE',  ( 0.000000000000000000, 0.000000000000000000, 0.000000000000000000 ) ) ;
#1647 = CIRCLE ( 'NONE', #883, 8.000000000000000000 ) ;
#1648 = EDGE_CURVE ( 'NONE', #172, #1712, #24, .T. ) ;
#1649 = CARTESIAN_POINT ( 'NONE',  ( -5.866723343975976945, 1.714505518806294835E-15, -14.00000000000000178 ) ) ;
#1650 = ORIENTED_EDGE ( 'NONE', *, *, #223, .F. ) ;
#1651 = LINE ( 'NONE', #62, #1369 ) ;
#1652 = ORIENTED_EDGE ( 'NONE', *, *, #1051, .T. ) ;
#1653 = DIRECTION ( 'NONE',  ( 0.000000000000000000, 0.7071067811865474617, 0.7071067811865474617 ) ) ;
#1654 = DIRECTION ( 'NONE',  ( -1.000000000000000000, 0.000000000000000000, 0.000000000000000000 ) ) ;
#1655 = AXIS2_PLACEMENT_3D ( 'NONE', #687, #292, #958 ) ;
#1656 = ORIENTED_EDGE ( 'NONE', *, *, #225, .F. ) ;
#1657 = LINE ( 'NONE', #717, #1478 ) ;
#1658 = AXIS2_PLACEMENT_3D ( 'NONE', #937, #1477, #273 ) ;
#1659 = ORIENTED_EDGE ( 'NONE', *, *, #287, .F. ) ;
#1661 = CIRCLE ( 'NONE', #212, 1.499999999999999556 ) ;
#1660 = CARTESIAN_POINT ( 'NONE',  ( 1.000000000000011324, 9.899494936611663576, 1.414213562373102251 ) ) ;
#1662 = DIRECTION ( 'NONE',  ( -1.000000000000000000, -0.000000000000000000, -0.000000000000000000 ) ) ;
#1663 = CARTESIAN_POINT ( 'NONE',  ( -5.866723343975976945, 0.000000000000000000, 0.000000000000000000 ) ) ;
#1664 = ADVANCED_FACE ( 'NONE', ( #869 ), #841, .F. ) ;
#1665 = VERTEX_POINT ( 'NONE', #1236 ) ;
#1666 = CARTESIAN_POINT ( 'NONE',  ( 0.000000000000000000, 2.741378302069738648, -8.572330196915023848 ) ) ;
#1667 = ADVANCED_FACE ( 'NONE', ( #829 ), #929, .F. ) ;
#1668 = ORIENTED_EDGE ( 'NONE', *, *, #1183, .F. ) ;
#1669 = EDGE_CURVE ( 'NONE', #1745, #357, #222, .T. ) ;
#1670 = VECTOR ( 'NONE', #1674, 1000.000000000000000 ) ;
#1671 = CARTESIAN_POINT ( 'NONE',  ( 0.000000000000000000, 0.000000000000000000, -8.999999999999994671 ) ) ;
#1672 = FACE_OUTER_BOUND ( 'NONE', #1710, .T. ) ;
#1673 = ADVANCED_FACE ( 'NONE', ( #658 ), #1449, .F. ) ;
#1674 = DIRECTION ( 'NONE',  ( -1.000000000000000000, -0.000000000000000000, -0.000000000000000000 ) ) ;
#1675 = ORIENTED_EDGE ( 'NONE', *, *, #1177, .T. ) ;
#1676 = COORDINATED_UNIVERSAL_TIME_OFFSET ( 1, 0, .AHEAD. ) ;
#1677 = CIRCLE ( 'NONE', #598, 14.00000000000000178 ) ;
#1678 = LINE ( 'NONE', #329, #1568 ) ;
#1679 = EDGE_LOOP ( 'NONE', ( #156, #747, #349, #709 ) ) ;
#1680 = DIRECTION ( 'NONE',  ( 0.000000000000000000, 0.7071067811865476838, -0.7071067811865474617 ) ) ;
#1681 = DIRECTION ( 'NONE',  ( 0.000000000000000000, 0.000000000000000000, 1.000000000000000000 ) ) ;
#1682 = DIRECTION ( 'NONE',  ( 0.000000000000000000, 0.000000000000000000, 1.000000000000000000 ) ) ;
#1683 = CLOSED_SHELL ( 'NONE', ( #335, #1542, #155, #313, #1068, #45, #180, #483, #126, #1673, #1566, #1702, #856, #534, #1310, #1629, #560, #750, #1289, #1546, #935, #1600, #1544, #1309, #1447, #670, #200, #347, #119, #806, #473, #574, #1362, #1625, #243, #911, #1731, #932, #1490, #1664, #91, #1459, #40, #845, #386, #990, #762, #169, #364, #1484, #1667, #1232, #438, #503, #417, #1208, #465 ) ) ;
#1684 = ORIENTED_EDGE ( 'NONE', *, *, #779, .F. ) ;
#1685 = APPROVAL_STATUS ( 'not_yet_approved' ) ;
#1686 = DIRECTION ( 'NONE',  ( 0.000000000000000000, 0.000000000000000000, -1.000000000000000000 ) ) ;
#1687 = ORIENTED_EDGE ( 'NONE', *, *, #1230, .T. ) ;
#1688 = APPROVAL ( #600, 'UNSPECIFIED' ) ;
#1689 = FACE_OUTER_BOUND ( 'NONE', #1465, .T. ) ;
#1690 = CIRCLE ( 'NONE', #755, 4.249999999999992895 ) ;
#1691 = CIRCLE ( 'NONE', #1380, 9.999999999999998224 ) ;
#1692 = DIRECTION ( 'NONE',  ( -1.000000000000000000, -0.000000000000000000, -0.000000000000000000 ) ) ;
#1693 = CARTESIAN_POINT ( 'NONE',  ( 1.000000000000011324, 0.000000000000000000, 0.000000000000000000 ) ) ;
#1694 = EDGE_CURVE ( 'NONE', #272, #1617, #1285, .T. ) ;
#1695 = DIRECTION ( 'NONE',  ( -1.000000000000000000, -0.000000000000000000, -0.000000000000000000 ) ) ;
#1696 = CARTESIAN_POINT ( 'NONE',  ( 0.000000000000000000, 0.000000000000000000, 0.000000000000000000 ) ) ;
#1697 = ORIENTED_EDGE ( 'NONE', *, *, #815, .T. ) ;
#1698 = CARTESIAN_POINT ( 'NONE',  ( 55.98811650579777677, 14.76614362409163839, -2.644981447750480275 ) ) ;
#1699 = CARTESIAN_POINT ( 'NONE',  ( 9.673140024990090069, 0.000000000000000000, 0.000000000000000000 ) ) ;
#1700 = LOCAL_TIME ( 14, 26, 23.00000000000000000, #1676 ) ;
#1701 = CARTESIAN_POINT ( 'NONE',  ( 1.000000000000011324, 9.899494936611663576, -1.414213562373096922 ) ) ;
#1702 = ADVANCED_FACE ( 'NONE', ( #1098 ), #620, .T. ) ;
#1703 = EDGE_LOOP ( 'NONE', ( #325, #1397, #1142, #1668 ) ) ;
#1704 = DIRECTION ( 'NONE',  ( 0.000000000000000000, 0.000000000000000000, 1.000000000000000000 ) ) ;
#1705 = CIRCLE ( 'NONE', #1424, 14.70000000000000107 ) ;
#1706 = ORIENTED_EDGE ( 'NONE', *, *, #1741, .T. ) ;
#1707 = CARTESIAN_POINT ( 'NONE',  ( 15.00000000000000000, 0.000000000000000000, 4.249999999999992895 ) ) ;
#1708 = DIRECTION ( 'NONE',  ( 0.000000000000000000, 0.000000000000000000, 1.000000000000000000 ) ) ;
#1709 = DIRECTION ( 'NONE',  ( 1.000000000000000000, 0.000000000000000000, 0.000000000000000000 ) ) ;
#1710 = EDGE_LOOP ( 'NONE', ( #542, #1115, #952, #1412 ) ) ;
#1711 = CARTESIAN_POINT ( 'NONE',  ( 12.00000000000000355, 0.000000000000000000, 0.000000000000000000 ) ) ;
#1712 = VERTEX_POINT ( 'NONE', #678 ) ;
#1713 = CARTESIAN_POINT ( 'NONE',  ( 0.000000000000000000, 2.741378302069741757, 8.572330196915022071 ) ) ;
#1714 = PLANE ( 'NONE',  #1493 ) ;
#1716 = DIRECTION ( 'NONE',  ( 0.000000000000000000, 0.000000000000000000, 1.000000000000000000 ) ) ;
#1715 = VECTOR ( 'NONE', #125, 1000.000000000000000 ) ;
#1717 = DIRECTION ( 'NONE',  ( 0.000000000000000000, 0.000000000000000000, -1.000000000000000000 ) ) ;
#1718 = ORIENTED_EDGE ( 'NONE', *, *, #1607, .F. ) ;
#1719 = DIRECTION ( 'NONE',  ( -1.000000000000000000, -0.000000000000000000, -0.000000000000000000 ) ) ;
#1720 = EDGE_CURVE ( 'NONE', #1243, #137, #516, .T. ) ;
#1721 = ORIENTED_EDGE ( 'NONE', *, *, #1047, .F. ) ;
#1722 = CARTESIAN_POINT ( 'NONE',  ( 0.000000000000000000, 5.204748896376241824E-16, -4.249999999999992895 ) ) ;
#1723 = CARTESIAN_POINT ( 'NONE',  ( 51.27506275965939153, 0.000000000000000000, 0.000000000000000000 ) ) ;
#1724 = AXIS2_PLACEMENT_3D ( 'NONE', #1237, #1374, #23 ) ;
#1725 = CIRCLE ( 'NONE', #1108, 25.00000000000000000 ) ;
#1726 = DIRECTION ( 'NONE',  ( 0.000000000000000000, 0.000000000000000000, -1.000000000000000000 ) ) ;
#1727 = EDGE_LOOP ( 'NONE', ( #1198, #143, #1610, #242 ) ) ;
#1728 = CIRCLE ( 'NONE', #652, 8.999999999999994671 ) ;
#1729 = FACE_BOUND ( 'NONE', #1223, .T. ) ;
#1730 = CARTESIAN_POINT ( 'NONE',  ( 1.000000000000000000, 0.000000000000000000, 0.000000000000000000 ) ) ;
#1731 = ADVANCED_FACE ( 'NONE', ( #700 ), #737, .T. ) ;
#1732 = DIRECTION ( 'NONE',  ( 0.000000000000000000, -1.000000000000000000, 0.000000000000000000 ) ) ;
#1733 = AXIS2_PLACEMENT_3D ( 'NONE', #753, #1302, #443 ) ;
#1734 = ORIENTED_EDGE ( 'NONE', *, *, #1488, .F. ) ;
#1735 = CARTESIAN_POINT ( 'NONE',  ( 88.04648263018029297, 14.49237556433536156, -3.869616707664759403 ) ) ;
#1736 = LINE ( 'NONE', #538, #39 ) ;
#1737 = LINE ( 'NONE', #1509, #666 ) ;
#1738 = CARTESIAN_POINT ( 'NONE',  ( 97.50000000000000000, 0.000000000000000000, 0.000000000000000000 ) ) ;
#1739 = CARTESIAN_POINT ( 'NONE',  ( -5.866723343975976945, 1.836970198721029589E-15, -15.00000000000000000 ) ) ;
#1740 = CONICAL_SURFACE ( 'NONE', #71, 8.999999999999994671, 0.7853981633974447263 ) ;
#1741 = EDGE_CURVE ( 'NONE', #1195, #430, #1725, .T. ) ;
#1742 = AXIS2_PLACEMENT_3D ( 'NONE', #1035, #1442, #1593 ) ;
#1743 = AXIS2_PLACEMENT_3D ( 'NONE', #1399, #1562, #761 ) ;
#1744 = EDGE_CURVE ( 'NONE', #336, #1594, #343, .T. ) ;
#1745 = VERTEX_POINT ( 'NONE', #1249 ) ;
#1746 = EDGE_CURVE ( 'NONE', #735, #979, #122, .T. ) ;
#1747 = CARTESIAN_POINT ( 'NONE',  ( 87.53122178486675864, 14.46430157965439811, -3.973268525381878025 ) ) ;
#1748 = ORIENTED_EDGE ( 'NONE', *, *, #436, .F. ) ;
#1749 = CYLINDRICAL_SURFACE ( 'NONE', #263, 8.000000000000000000 ) ;
#1750 = PLANE ( 'NONE',  #1658 ) ;
#1751 = DIRECTION ( 'NONE',  ( 0.000000000000000000, 0.000000000000000000, -1.000000000000000000 ) ) ;
#1752 = VERTEX_POINT ( 'NONE', #663 ) ;
#1753 = EDGE_CURVE ( 'NONE', #1550, #272, #943, .T. ) ;
ENDSEC;
END-ISO-10303-21;
