ISO-10303-21;
HEADER;
FILE_DESCRIPTION (( 'STEP AP203' ),
    '1' );
FILE_NAME ('Bauteil_F.STEP',
    '2024-08-19T13:52:15',
    ( '' ),
    ( '' ),
    'SwSTEP 2.0',
    'SolidWorks 2023',
    '' );
FILE_SCHEMA (( 'CONFIG_CONTROL_DESIGN' ));
ENDSEC;

DATA;
#1 = APPROVAL_STATUS ( 'not_yet_approved' ) ;
#2 = ADVANCED_FACE ( 'NONE', ( #367 ), #930, .T. ) ;
#3 = FACE_BOUND ( 'NONE', #1460, .T. ) ;
#4 = ORIENTED_EDGE ( 'NONE', *, *, #740, .T. ) ;
#5 = EDGE_LOOP ( 'NONE', ( #765, #45 ) ) ;
#6 = VERTEX_POINT ( 'NONE', #1060 ) ;
#7 = DIRECTION ( 'NONE',  ( 0.000000000000000000, 0.000000000000000000, -1.000000000000000000 ) ) ;
#8 = CARTESIAN_POINT ( 'NONE',  ( 18.00000000000000355, -22.49999999999963762, 38.97114317029994623 ) ) ;
#9 = DIRECTION ( 'NONE',  ( -1.000000000000000000, -0.000000000000000000, -0.000000000000000000 ) ) ;
#10 = DATE_AND_TIME ( #1526, #297 ) ;
#11 = LINE ( 'NONE', #500, #1399 ) ;
#12 = ORIENTED_EDGE ( 'NONE', *, *, #96, .T. ) ;
#13 = EDGE_CURVE ( 'NONE', #18, #1208, #734, .T. ) ;
#14 = DIRECTION ( 'NONE',  ( -1.000000000000000000, -0.000000000000000000, -0.000000000000000000 ) ) ;
#15 = DIRECTION ( 'NONE',  ( -1.000000000000000000, -0.000000000000000000, -0.000000000000000000 ) ) ;
#16 = CARTESIAN_POINT ( 'NONE',  ( 12.00000000000000178, 0.000000000000000000, 0.000000000000000000 ) ) ;
#17 = ADVANCED_FACE ( 'NONE', ( #838 ), #477, .F. ) ;
#18 = VERTEX_POINT ( 'NONE', #562 ) ;
#19 = AXIS2_PLACEMENT_3D ( 'NONE', #810, #666, #1271 ) ;
#20 = LOCAL_TIME ( 15, 52, 15.00000000000000000, #235 ) ;
#21 = DIRECTION ( 'NONE',  ( -1.000000000000000000, -0.000000000000000000, -0.000000000000000000 ) ) ;
#22 = VECTOR ( 'NONE', #744, 1000.000000000000000 ) ;
#23 = VECTOR ( 'NONE', #908, 1000.000000000000000 ) ;
#24 = DIRECTION ( 'NONE',  ( 0.000000000000000000, 0.000000000000000000, -1.000000000000000000 ) ) ;
#25 = CIRCLE ( 'NONE', #510, 3.299999999999997158 ) ;
#26 = FACE_OUTER_BOUND ( 'NONE', #1210, .T. ) ;
#27 = ORIENTED_EDGE ( 'NONE', *, *, #1518, .T. ) ;
#28 = CC_DESIGN_PERSON_AND_ORGANIZATION_ASSIGNMENT ( #125, #1192, ( #404 ) ) ;
#29 = APPLICATION_CONTEXT ( 'configuration controlled 3d designs of mechanical parts and assemblies' ) ;
#30 = CARTESIAN_POINT ( 'NONE',  ( 18.00000000000000355, -45.00000000000000000, -5.499999999999991118 ) ) ;
#31 = ORIENTED_EDGE ( 'NONE', *, *, #37, .T. ) ;
#32 = CARTESIAN_POINT ( 'NONE',  ( 18.00000000000000355, 22.50000000000045475, 33.47114317029947728 ) ) ;
#33 = CARTESIAN_POINT ( 'NONE',  ( 24.40000000000000213, -22.50000000000018474, -44.47114317029964070 ) ) ;
#34 = VERTEX_POINT ( 'NONE', #490 ) ;
#35 = ORIENTED_EDGE ( 'NONE', *, *, #962, .F. ) ;
#36 = CARTESIAN_POINT ( 'NONE',  ( 24.40000000000000213, -22.50000000000018474, -35.67114317029964354 ) ) ;
#37 = EDGE_CURVE ( 'NONE', #124, #1245, #465, .T. ) ;
#38 = CARTESIAN_POINT ( 'NONE',  ( 18.00000000000000355, 0.000000000000000000, 0.000000000000000000 ) ) ;
#39 = VERTEX_POINT ( 'NONE', #1068 ) ;
#40 = DIRECTION ( 'NONE',  ( 0.000000000000000000, 0.000000000000000000, 1.000000000000000000 ) ) ;
#41 = EDGE_LOOP ( 'NONE', ( #650, #1237, #749, #450 ) ) ;
#42 = DIRECTION ( 'NONE',  ( -1.000000000000000000, -0.000000000000000000, -0.000000000000000000 ) ) ;
#43 = AXIS2_PLACEMENT_3D ( 'NONE', #513, #542, #1102 ) ;
#44 = CARTESIAN_POINT ( 'NONE',  ( 0.000000000000000000, 0.000000000000000000, 28.50000000000000000 ) ) ;
#45 = ORIENTED_EDGE ( 'NONE', *, *, #1263, .T. ) ;
#46 = AXIS2_PLACEMENT_3D ( 'NONE', #1311, #255, #879 ) ;
#47 = EDGE_CURVE ( 'NONE', #1321, #521, #1313, .T. ) ;
#48 = FACE_BOUND ( 'NONE', #152, .T. ) ;
#49 = VERTEX_POINT ( 'NONE', #672 ) ;
#50 = CYLINDRICAL_SURFACE ( 'NONE', #380, 5.499999999999994671 ) ;
#51 = DIRECTION ( 'NONE',  ( -1.000000000000000000, -0.000000000000000000, -0.000000000000000000 ) ) ;
#52 = CARTESIAN_POINT ( 'NONE',  ( 18.00000000000000355, 45.00000000000000000, 0.000000000000000000 ) ) ;
#53 = DIRECTION ( 'NONE',  ( 0.7071067811865474617, 0.000000000000000000, -0.7071067811865475727 ) ) ;
#54 = ORIENTED_EDGE ( 'NONE', *, *, #600, .F. ) ;
#55 = CARTESIAN_POINT ( 'NONE',  ( 18.00000000000000355, 45.00000000000000000, 3.299999999999997158 ) ) ;
#56 = ORIENTED_EDGE ( 'NONE', *, *, #421, .T. ) ;
#57 = FACE_BOUND ( 'NONE', #60, .T. ) ;
#58 = DIRECTION ( 'NONE',  ( 0.000000000000000000, 0.000000000000000000, 1.000000000000000000 ) ) ;
#59 = CYLINDRICAL_SURFACE ( 'NONE', #1393, 32.50000000000000000 ) ;
#60 = EDGE_LOOP ( 'NONE', ( #1104, #1499 ) ) ;
#61 = ADVANCED_FACE ( 'NONE', ( #952 ), #178, .F. ) ;
#62 = DIRECTION ( 'NONE',  ( -1.000000000000000000, -0.000000000000000000, -0.000000000000000000 ) ) ;
#63 = EDGE_CURVE ( 'NONE', #538, #1376, #1145, .T. ) ;
#64 = DIRECTION ( 'NONE',  ( 0.000000000000000000, 0.000000000000000000, 1.000000000000000000 ) ) ;
#65 = DIRECTION ( 'NONE',  ( 0.000000000000000000, 0.000000000000000000, 1.000000000000000000 ) ) ;
#66 = AXIS2_PLACEMENT_3D ( 'NONE', #442, #561, #1374 ) ;
#67 = AXIS2_PLACEMENT_3D ( 'NONE', #1184, #122, #7 ) ;
#68 = VECTOR ( 'NONE', #1138, 1000.000000000000000 ) ;
#69 = CIRCLE ( 'NONE', #145, 3.299999999999997158 ) ;
#70 = ORIENTED_EDGE ( 'NONE', *, *, #199, .T. ) ;
#71 = AXIS2_PLACEMENT_3D ( 'NONE', #1433, #236, #1147 ) ;
#72 = CARTESIAN_POINT ( 'NONE',  ( 30.00000000000000355, 45.00000000000000000, 0.000000000000000000 ) ) ;
#73 = DIRECTION ( 'NONE',  ( -0.7071067811865463515, 0.000000000000000000, 0.7071067811865487940 ) ) ;
#74 = DIRECTION ( 'NONE',  ( -1.000000000000000000, -0.000000000000000000, -0.000000000000000000 ) ) ;
#75 = EDGE_CURVE ( 'NONE', #262, #783, #309, .T. ) ;
#76 =( LENGTH_UNIT ( ) NAMED_UNIT ( * ) SI_UNIT ( .MILLI., .METRE. ) );
#77 = CARTESIAN_POINT ( 'NONE',  ( 18.00000000000000355, -22.49999999999963762, 35.67114317029994908 ) ) ;
#78 = ORIENTED_EDGE ( 'NONE', *, *, #703, .T. ) ;
#79 = CARTESIAN_POINT ( 'NONE',  ( 18.00000000000000355, 22.49999999999990763, -44.47114317029977570 ) ) ;
#80 = CYLINDRICAL_SURFACE ( 'NONE', #1070, 3.299999999999997158 ) ;
#81 = CARTESIAN_POINT ( 'NONE',  ( 18.00000000000000355, 22.50000000000045475, 33.47114317029947728 ) ) ;
#82 = ORIENTED_EDGE ( 'NONE', *, *, #1404, .T. ) ;
#83 = EDGE_CURVE ( 'NONE', #1357, #616, #441, .T. ) ;
#84 = DIRECTION ( 'NONE',  ( -1.000000000000000000, -0.000000000000000000, -0.000000000000000000 ) ) ;
#85 = VERTEX_POINT ( 'NONE', #130 ) ;
#86 = CARTESIAN_POINT ( 'NONE',  ( 30.00000000000000355, -22.49999999999963762, 35.67114317029994908 ) ) ;
#87 = CARTESIAN_POINT ( 'NONE',  ( 18.00000000000000355, -22.49999999999963762, 44.47114317029994623 ) ) ;
#88 = ORIENTED_EDGE ( 'NONE', *, *, #91, .F. ) ;
#89 = DIRECTION ( 'NONE',  ( 0.000000000000000000, 0.000000000000000000, -1.000000000000000000 ) ) ;
#90 = CIRCLE ( 'NONE', #626, 60.00000000000000000 ) ;
#91 = EDGE_CURVE ( 'NONE', #34, #463, #1318, .T. ) ;
#92 = CIRCLE ( 'NONE', #776, 3.299999999999997158 ) ;
#93 = AXIS2_PLACEMENT_3D ( 'NONE', #97, #231, #1057 ) ;
#94 = VERTEX_POINT ( 'NONE', #870 ) ;
#95 = AXIS2_PLACEMENT_3D ( 'NONE', #16, #874, #742 ) ;
#96 = EDGE_CURVE ( 'NONE', #1394, #616, #408, .T. ) ;
#97 = CARTESIAN_POINT ( 'NONE',  ( 4.000000000000002665, 0.000000000000000000, 0.000000000000000000 ) ) ;
#98 = CARTESIAN_POINT ( 'NONE',  ( 30.00000000000000355, 22.50000000000045475, 42.27114317029947443 ) ) ;
#99 = ORIENTED_EDGE ( 'NONE', *, *, #628, .F. ) ;
#100 = COORDINATED_UNIVERSAL_TIME_OFFSET ( 1, 0, .AHEAD. ) ;
#101 = ORIENTED_EDGE ( 'NONE', *, *, #535, .T. ) ;
#102 = AXIS2_PLACEMENT_3D ( 'NONE', #197, #359, #681 ) ;
#103 = FACE_BOUND ( 'NONE', #1146, .T. ) ;
#104 = FACE_OUTER_BOUND ( 'NONE', #1063, .T. ) ;
#105 = EDGE_LOOP ( 'NONE', ( #881, #629, #1520, #1287 ) ) ;
#106 = EDGE_LOOP ( 'NONE', ( #256, #424 ) ) ;
#107 = APPROVAL_STATUS ( 'not_yet_approved' ) ;
#108 = LINE ( 'NONE', #116, #1139 ) ;
#109 = ORIENTED_EDGE ( 'NONE', *, *, #900, .F. ) ;
#110 = EDGE_CURVE ( 'NONE', #311, #1301, #363, .T. ) ;
#111 = DIRECTION ( 'NONE',  ( 0.000000000000000000, 0.000000000000000000, -1.000000000000000000 ) ) ;
#112 = EDGE_CURVE ( 'NONE', #521, #612, #518, .T. ) ;
#113 = DIRECTION ( 'NONE',  ( -1.000000000000000000, -0.000000000000000000, -0.000000000000000000 ) ) ;
#114 = EDGE_LOOP ( 'NONE', ( #1351, #1089 ) ) ;
#115 = ORIENTED_EDGE ( 'NONE', *, *, #370, .T. ) ;
#116 = CARTESIAN_POINT ( 'NONE',  ( 2.449293598294702470E-16, 0.000000000000000000, -31.50000000000000000 ) ) ;
#117 = VECTOR ( 'NONE', #1466, 1000.000000000000000 ) ;
#118 = ORIENTED_EDGE ( 'NONE', *, *, #1100, .T. ) ;
#119 = AXIS2_PLACEMENT_3D ( 'NONE', #1052, #1521, #938 ) ;
#120 = CIRCLE ( 'NONE', #1190, 3.299999999999997158 ) ;
#121 = CIRCLE ( 'NONE', #553, 5.499999999999998224 ) ;
#122 = DIRECTION ( 'NONE',  ( 1.000000000000000000, 0.000000000000000000, 0.000000000000000000 ) ) ;
#123 = CARTESIAN_POINT ( 'NONE',  ( 18.00000000000000355, -22.50000000000018474, -35.67114317029964354 ) ) ;
#124 = VERTEX_POINT ( 'NONE', #731 ) ;
#125 = PERSON_AND_ORGANIZATION ( #1465, #216 ) ;
#126 = EDGE_CURVE ( 'NONE', #49, #956, #1086, .T. ) ;
#127 = DIRECTION ( 'NONE',  ( -1.000000000000000000, -0.000000000000000000, -0.000000000000000000 ) ) ;
#128 = ORIENTED_EDGE ( 'NONE', *, *, #364, .F. ) ;
#129 = DIRECTION ( 'NONE',  ( 0.000000000000000000, 0.000000000000000000, 1.000000000000000000 ) ) ;
#130 = CARTESIAN_POINT ( 'NONE',  ( 30.00000000000000000, 7.347880794884118356E-15, -60.00000000000000000 ) ) ;
#131 = EDGE_CURVE ( 'NONE', #1394, #743, #697, .T. ) ;
#132 = PERSON_AND_ORGANIZATION_ROLE ( 'design_supplier' ) ;
#133 = FACE_OUTER_BOUND ( 'NONE', #174, .T. ) ;
#134 = ORIENTED_EDGE ( 'NONE', *, *, #1129, .T. ) ;
#135 = CYLINDRICAL_SURFACE ( 'NONE', #1116, 60.00000000000000000 ) ;
#136 = ORIENTED_EDGE ( 'NONE', *, *, #814, .F. ) ;
#137 = DIRECTION ( 'NONE',  ( 0.000000000000000000, 0.000000000000000000, -1.000000000000000000 ) ) ;
#138 = CARTESIAN_POINT ( 'NONE',  ( 18.00000000000000355, 22.49999999999990763, -44.47114317029978281 ) ) ;
#139 = ADVANCED_FACE ( 'NONE', ( #273 ), #512, .F. ) ;
#140 = EDGE_LOOP ( 'NONE', ( #982, #1349 ) ) ;
#141 = ADVANCED_FACE ( 'NONE', ( #161 ), #763, .F. ) ;
#142 = CIRCLE ( 'NONE', #481, 5.499999999999998224 ) ;
#143 = CARTESIAN_POINT ( 'NONE',  ( 12.00000000000000178, 0.000000000000000000, 0.000000000000000000 ) ) ;
#144 = CIRCLE ( 'NONE', #967, 5.499999999999991118 ) ;
#145 = AXIS2_PLACEMENT_3D ( 'NONE', #1438, #147, #640 ) ;
#146 = ORIENTED_EDGE ( 'NONE', *, *, #845, .F. ) ;
#147 = DIRECTION ( 'NONE',  ( -1.000000000000000000, -0.000000000000000000, -0.000000000000000000 ) ) ;
#148 = AXIS2_PLACEMENT_3D ( 'NONE', #1054, #1527, #618 ) ;
#149 = CARTESIAN_POINT ( 'NONE',  ( 30.00000000000000355, -22.50000000000018474, -38.97114317029964070 ) ) ;
#150 = ORIENTED_EDGE ( 'NONE', *, *, #1295, .T. ) ;
#151 = EDGE_LOOP ( 'NONE', ( #722, #1098, #905, #1034 ) ) ;
#152 = EDGE_LOOP ( 'NONE', ( #1207, #253 ) ) ;
#153 = FACE_OUTER_BOUND ( 'NONE', #1008, .T. ) ;
#154 = CARTESIAN_POINT ( 'NONE',  ( 18.00000000000000355, 0.000000000000000000, 0.000000000000000000 ) ) ;
#155 = VECTOR ( 'NONE', #857, 1000.000000000000000 ) ;
#156 = ORIENTED_EDGE ( 'NONE', *, *, #703, .F. ) ;
#157 = DIRECTION ( 'NONE',  ( -1.000000000000000000, -0.000000000000000000, -0.000000000000000000 ) ) ;
#158 = ORIENTED_EDGE ( 'NONE', *, *, #885, .T. ) ;
#159 = DIRECTION ( 'NONE',  ( 0.000000000000000000, 0.000000000000000000, 1.000000000000000000 ) ) ;
#160 = ORIENTED_EDGE ( 'NONE', *, *, #989, .F. ) ;
#161 = FACE_OUTER_BOUND ( 'NONE', #728, .T. ) ;
#162 = DIRECTION ( 'NONE',  ( -1.000000000000000000, -0.000000000000000000, -0.000000000000000000 ) ) ;
#163 = ORIENTED_EDGE ( 'NONE', *, *, #1391, .T. ) ;
#164 = CARTESIAN_POINT ( 'NONE',  ( 18.00000000000000355, 22.50000000000045475, 44.47114317029947017 ) ) ;
#165 = AXIS2_PLACEMENT_3D ( 'NONE', #325, #84, #1126 ) ;
#166 = PRODUCT_DEFINITION_FORMATION_WITH_SPECIFIED_SOURCE ( 'ANY', '', #906, .NOT_KNOWN. ) ;
#167 = CARTESIAN_POINT ( 'NONE',  ( 24.40000000000000213, 22.50000000000045475, 38.97114317029947728 ) ) ;
#168 = CIRCLE ( 'NONE', #1043, 5.499999999999998224 ) ;
#169 = CARTESIAN_POINT ( 'NONE',  ( 4.000000000000002665, 0.000000000000000000, 22.00000000000000000 ) ) ;
#170 = ORIENTED_EDGE ( 'NONE', *, *, #760, .F. ) ;
#171 = CIRCLE ( 'NONE', #119, 32.50000000000000000 ) ;
#172 = CC_DESIGN_APPROVAL ( #971, ( #166 ) ) ;
#173 = CARTESIAN_POINT ( 'NONE',  ( 24.40000000000000213, -45.00000000000000000, 0.000000000000000000 ) ) ;
#174 = EDGE_LOOP ( 'NONE', ( #1450, #507, #1218, #884 ) ) ;
#175 = CARTESIAN_POINT ( 'NONE',  ( 18.00000000000000355, -45.00000000000000000, 0.000000000000000000 ) ) ;
#176 = CARTESIAN_POINT ( 'NONE',  ( 18.00000000000000355, 22.49999999999990763, -33.47114317029978992 ) ) ;
#177 = FACE_OUTER_BOUND ( 'NONE', #347, .T. ) ;
#178 = CONICAL_SURFACE ( 'NONE', #1338, 22.00000000000000000, 0.7853981633974500554 ) ;
#179 = EDGE_CURVE ( 'NONE', #240, #1376, #69, .T. ) ;
#180 = DIRECTION ( 'NONE',  ( 1.000000000000000000, 0.000000000000000000, 0.000000000000000000 ) ) ;
#181 = ORIENTED_EDGE ( 'NONE', *, *, #1288, .T. ) ;
#182 = EDGE_CURVE ( 'NONE', #862, #1202, #727, .T. ) ;
#183 = CARTESIAN_POINT ( 'NONE',  ( 0.000000000000000000, 3.490243377569956456E-15, -28.50000000000000000 ) ) ;
#184 = DIRECTION ( 'NONE',  ( -1.000000000000000000, -0.000000000000000000, -0.000000000000000000 ) ) ;
#185 = DIRECTION ( 'NONE',  ( 1.000000000000000000, 0.000000000000000000, 0.000000000000000000 ) ) ;
#186 = CARTESIAN_POINT ( 'NONE',  ( 20.99999999999997868, 0.000000000000000000, 0.000000000000000000 ) ) ;
#187 = ORIENTED_EDGE ( 'NONE', *, *, #217, .T. ) ;
#188 = PRODUCT_DEFINITION_SHAPE ( 'NONE', 'NONE',  #397 ) ;
#189 = CARTESIAN_POINT ( 'NONE',  ( 24.40000000000000213, 45.00000000000000000, 0.000000000000000000 ) ) ;
#190 = FACE_OUTER_BOUND ( 'NONE', #466, .T. ) ;
#191 = CYLINDRICAL_SURFACE ( 'NONE', #1429, 3.299999999999997158 ) ;
#192 = CIRCLE ( 'NONE', #675, 3.299999999999997158 ) ;
#193 = AXIS2_PLACEMENT_3D ( 'NONE', #706, #1167, #474 ) ;
#194 = DIRECTION ( 'NONE',  ( 0.000000000000000000, 0.000000000000000000, 1.000000000000000000 ) ) ;
#195 = AXIS2_PLACEMENT_3D ( 'NONE', #189, #1371, #1347 ) ;
#196 = CIRCLE ( 'NONE', #1457, 5.499999999999991118 ) ;
#197 = CARTESIAN_POINT ( 'NONE',  ( 24.40000000000000213, -22.50000000000018474, -38.97114317029964070 ) ) ;
#198 = ORIENTED_EDGE ( 'NONE', *, *, #1478, .T. ) ;
#199 = EDGE_CURVE ( 'NONE', #1084, #1079, #246, .T. ) ;
#200 = LINE ( 'NONE', #961, #274 ) ;
#201 = DIRECTION ( 'NONE',  ( 1.000000000000000000, 0.000000000000000000, 0.000000000000000000 ) ) ;
#202 = EDGE_CURVE ( 'NONE', #1178, #949, #531, .T. ) ;
#203 = DIRECTION ( 'NONE',  ( -1.000000000000000000, -0.000000000000000000, -0.000000000000000000 ) ) ;
#204 = CARTESIAN_POINT ( 'NONE',  ( 24.40000000000000213, 22.50000000000045475, 35.67114317029948012 ) ) ;
#205 = EDGE_LOOP ( 'NONE', ( #729, #293, #292, #716 ) ) ;
#206 = CARTESIAN_POINT ( 'NONE',  ( 24.40000000000000213, 22.49999999999990763, -42.27114317029978707 ) ) ;
#207 = DIRECTION ( 'NONE',  ( -1.000000000000000000, -0.000000000000000000, -0.000000000000000000 ) ) ;
#208 = EDGE_LOOP ( 'NONE', ( #78, #1486 ) ) ;
#209 = CARTESIAN_POINT ( 'NONE',  ( 24.40000000000000213, -45.00000000000000000, 0.000000000000000000 ) ) ;
#210 = EDGE_CURVE ( 'NONE', #1079, #1084, #1019, .T. ) ;
#211 = ORIENTED_EDGE ( 'NONE', *, *, #318, .T. ) ;
#212 = DIRECTION ( 'NONE',  ( 1.000000000000000000, 0.000000000000000000, 0.000000000000000000 ) ) ;
#213 = DIRECTION ( 'NONE',  ( 0.000000000000000000, 0.000000000000000000, 1.000000000000000000 ) ) ;
#214 = EDGE_CURVE ( 'NONE', #538, #797, #559, .T. ) ;
#215 = DATE_AND_TIME ( #717, #20 ) ;
#216 = ORGANIZATION ( 'UNSPECIFIED', 'UNSPECIFIED', '' ) ;
#217 = EDGE_CURVE ( 'NONE', #1510, #686, #327, .T. ) ;
#218 = AXIS2_PLACEMENT_3D ( 'NONE', #1163, #1284, #213 ) ;
#219 = AXIS2_PLACEMENT_3D ( 'NONE', #313, #678, #779 ) ;
#220 = EDGE_LOOP ( 'NONE', ( #1122, #941, #932, #415 ) ) ;
#221 = CIRCLE ( 'NONE', #1358, 5.499999999999998224 ) ;
#222 = PLANE ( 'NONE',  #350 ) ;
#223 = CARTESIAN_POINT ( 'NONE',  ( 2.000000000000000444, 3.490243377569956456E-15, -28.50000000000000000 ) ) ;
#224 = ORIENTED_EDGE ( 'NONE', *, *, #1333, .T. ) ;
#225 = EDGE_LOOP ( 'NONE', ( #163, #1278 ) ) ;
#226 =( NAMED_UNIT ( * ) SI_UNIT ( $, .STERADIAN. ) SOLID_ANGLE_UNIT ( ) );
#227 = EDGE_CURVE ( 'NONE', #935, #821, #1214, .T. ) ;
#228 = PLANE ( 'NONE',  #303 ) ;
#229 = ORIENTED_EDGE ( 'NONE', *, *, #845, .T. ) ;
#230 = ORIENTED_EDGE ( 'NONE', *, *, #1183, .F. ) ;
#231 = DIRECTION ( 'NONE',  ( -1.000000000000000000, 0.000000000000000000, 0.000000000000000000 ) ) ;
#232 = CARTESIAN_POINT ( 'NONE',  ( 24.40000000000000213, 22.49999999999990763, -38.97114317029978992 ) ) ;
#233 = ORIENTED_EDGE ( 'NONE', *, *, #1137, .F. ) ;
#234 = CARTESIAN_POINT ( 'NONE',  ( 4.000000000000002665, 0.000000000000000000, 0.000000000000000000 ) ) ;
#235 = COORDINATED_UNIVERSAL_TIME_OFFSET ( 1, 0, .AHEAD. ) ;
#236 = DIRECTION ( 'NONE',  ( 1.000000000000000000, 0.000000000000000000, 0.000000000000000000 ) ) ;
#237 = ORIENTED_EDGE ( 'NONE', *, *, #564, .T. ) ;
#238 = FACE_BOUND ( 'NONE', #106, .T. ) ;
#239 = DIRECTION ( 'NONE',  ( 0.000000000000000000, 0.000000000000000000, 1.000000000000000000 ) ) ;
#240 = VERTEX_POINT ( 'NONE', #635 ) ;
#241 = APPROVAL_DATE_TIME ( #1390, #276 ) ;
#242 = LINE ( 'NONE', #1423, #356 ) ;
#243 = CIRCLE ( 'NONE', #1112, 3.299999999999997158 ) ;
#244 = ORIENTED_EDGE ( 'NONE', *, *, #975, .F. ) ;
#245 = AXIS2_PLACEMENT_3D ( 'NONE', #1203, #972, #1209 ) ;
#246 = CIRCLE ( 'NONE', #944, 57.00000000000002132 ) ;
#247 = APPLICATION_CONTEXT ( 'configuration controlled 3d designs of mechanical parts and assemblies' ) ;
#248 = EDGE_CURVE ( 'NONE', #372, #656, #1101, .T. ) ;
#249 = CYLINDRICAL_SURFACE ( 'NONE', #245, 60.00000000000000000 ) ;
#250 = DIRECTION ( 'NONE',  ( -1.000000000000000000, -0.000000000000000000, -0.000000000000000000 ) ) ;
#251 = PERSON_AND_ORGANIZATION ( #1465, #216 ) ;
#252 = CARTESIAN_POINT ( 'NONE',  ( 24.40000000000000213, 45.00000000000000000, -3.299999999999997158 ) ) ;
#253 = ORIENTED_EDGE ( 'NONE', *, *, #1024, .F. ) ;
#254 = ORIENTED_EDGE ( 'NONE', *, *, #1072, .F. ) ;
#255 = DIRECTION ( 'NONE',  ( -1.000000000000000000, -0.000000000000000000, -0.000000000000000000 ) ) ;
#256 = ORIENTED_EDGE ( 'NONE', *, *, #741, .F. ) ;
#257 = DIRECTION ( 'NONE',  ( -1.000000000000000000, -0.000000000000000000, -0.000000000000000000 ) ) ;
#258 = PLANE ( 'NONE',  #267 ) ;
#259 = EDGE_CURVE ( 'NONE', #124, #935, #1446, .T. ) ;
#260 = ORIENTED_EDGE ( 'NONE', *, *, #1509, .F. ) ;
#261 = DIRECTION ( 'NONE',  ( 0.000000000000000000, 0.000000000000000000, -1.000000000000000000 ) ) ;
#262 = VERTEX_POINT ( 'NONE', #1012 ) ;
#263 = CARTESIAN_POINT ( 'NONE',  ( 18.00000000000000355, 22.50000000000045475, 38.97114317029947728 ) ) ;
#264 = CYLINDRICAL_SURFACE ( 'NONE', #1277, 3.299999999999997158 ) ;
#265 = EDGE_LOOP ( 'NONE', ( #1480, #109 ) ) ;
#266 = ORIENTED_EDGE ( 'NONE', *, *, #1307, .F. ) ;
#267 = AXIS2_PLACEMENT_3D ( 'NONE', #1498, #180, #1144 ) ;
#268 = CIRCLE ( 'NONE', #429, 3.299999999999997158 ) ;
#269 = FACE_OUTER_BOUND ( 'NONE', #41, .T. ) ;
#270 = AXIS2_PLACEMENT_3D ( 'NONE', #580, #358, #239 ) ;
#271 = VECTOR ( 'NONE', #981, 1000.000000000000000 ) ;
#272 = ORIENTED_EDGE ( 'NONE', *, *, #1031, .F. ) ;
#273 = FACE_OUTER_BOUND ( 'NONE', #737, .T. ) ;
#274 = VECTOR ( 'NONE', #1309, 1000.000000000000000 ) ;
#275 = DIRECTION ( 'NONE',  ( 0.000000000000000000, 0.000000000000000000, 1.000000000000000000 ) ) ;
#276 = APPROVAL ( #107, 'UNSPECIFIED' ) ;
#277 = EDGE_LOOP ( 'NONE', ( #913, #411, #525, #532 ) ) ;
#278 = CARTESIAN_POINT ( 'NONE',  ( 30.00000000000000355, 0.000000000000000000, 0.000000000000000000 ) ) ;
#279 = ORIENTED_EDGE ( 'NONE', *, *, #1003, .F. ) ;
#280 = DIRECTION ( 'NONE',  ( -1.000000000000000000, -0.000000000000000000, -0.000000000000000000 ) ) ;
#281 = AXIS2_PLACEMENT_3D ( 'NONE', #622, #1093, #24 ) ;
#282 = CARTESIAN_POINT ( 'NONE',  ( 4.898587196589412829E-16, 3.490243377569956456E-15, -28.50000000000000000 ) ) ;
#283 = ORIENTED_EDGE ( 'NONE', *, *, #112, .T. ) ;
#284 = DIRECTION ( 'NONE',  ( -1.000000000000000000, -0.000000000000000000, -0.000000000000000000 ) ) ;
#285 = ORIENTED_EDGE ( 'NONE', *, *, #962, .T. ) ;
#286 = PLANE ( 'NONE',  #611 ) ;
#287 = ORIENTED_EDGE ( 'NONE', *, *, #1151, .F. ) ;
#288 = EDGE_CURVE ( 'NONE', #1414, #1015, #1485, .T. ) ;
#289 = CYLINDRICAL_SURFACE ( 'NONE', #1279, 3.299999999999997158 ) ;
#290 = EDGE_LOOP ( 'NONE', ( #254, #719, #501, #1523 ) ) ;
#291 = CARTESIAN_POINT ( 'NONE',  ( 18.00000000000000355, 45.00000000000000000, -3.299999999999997158 ) ) ;
#292 = ORIENTED_EDGE ( 'NONE', *, *, #1524, .T. ) ;
#293 = ORIENTED_EDGE ( 'NONE', *, *, #877, .T. ) ;
#294 = CARTESIAN_POINT ( 'NONE',  ( 18.00000000000000355, 22.49999999999990763, -35.67114317029979276 ) ) ;
#295 = CIRCLE ( 'NONE', #66, 5.499999999999998224 ) ;
#296 = ADVANCED_FACE ( 'NONE', ( #1141 ), #540, .F. ) ;
#297 = LOCAL_TIME ( 15, 52, 15.00000000000000000, #100 ) ;
#298 = CARTESIAN_POINT ( 'NONE',  ( 20.99999999999997868, 7.347880794884118356E-15, -60.00000000000000000 ) ) ;
#299 = ORIENTED_EDGE ( 'NONE', *, *, #443, .T. ) ;
#300 = AXIS2_PLACEMENT_3D ( 'NONE', #929, #207, #340 ) ;
#301 = FACE_OUTER_BOUND ( 'NONE', #1296, .T. ) ;
#302 = ADVANCED_FACE ( 'NONE', ( #1342 ), #1377, .F. ) ;
#303 = AXIS2_PLACEMENT_3D ( 'NONE', #711, #1193, #1262 ) ;
#304 = DIRECTION ( 'NONE',  ( -1.000000000000000000, -0.000000000000000000, -0.000000000000000000 ) ) ;
#305 = EDGE_LOOP ( 'NONE', ( #319, #156, #1501, #409 ) ) ;
#306 = CARTESIAN_POINT ( 'NONE',  ( 24.40000000000000213, 22.50000000000045475, 42.27114317029947443 ) ) ;
#307 = DIRECTION ( 'NONE',  ( -1.000000000000000000, -0.000000000000000000, -0.000000000000000000 ) ) ;
#308 = CARTESIAN_POINT ( 'NONE',  ( 30.00000000000000355, 45.00000000000000000, 0.000000000000000000 ) ) ;
#309 = CIRCLE ( 'NONE', #515, 31.50000000000000000 ) ;
#310 = CARTESIAN_POINT ( 'NONE',  ( 30.00000000000000355, 22.49999999999990763, -38.97114317029978992 ) ) ;
#311 = VERTEX_POINT ( 'NONE', #785 ) ;
#312 = CARTESIAN_POINT ( 'NONE',  ( 24.40000000000000213, -45.00000000000000000, 3.299999999999997158 ) ) ;
#313 = CARTESIAN_POINT ( 'NONE',  ( 18.00000000000000355, 0.000000000000000000, 0.000000000000000000 ) ) ;
#314 = CARTESIAN_POINT ( 'NONE',  ( 18.00000000000000355, -22.50000000000018474, -38.97114317029964070 ) ) ;
#315 = DIRECTION ( 'NONE',  ( -1.000000000000000000, -0.000000000000000000, -0.000000000000000000 ) ) ;
#316 = EDGE_CURVE ( 'NONE', #590, #862, #792, .T. ) ;
#317 = DIRECTION ( 'NONE',  ( 0.000000000000000000, 0.000000000000000000, 1.000000000000000000 ) ) ;
#318 = EDGE_CURVE ( 'NONE', #1015, #1414, #752, .T. ) ;
#319 = ORIENTED_EDGE ( 'NONE', *, *, #872, .F. ) ;
#320 = LINE ( 'NONE', #183, #969 ) ;
#321 = CARTESIAN_POINT ( 'NONE',  ( 12.00000000000000178, 0.000000000000000000, 0.000000000000000000 ) ) ;
#322 = DIRECTION ( 'NONE',  ( 0.000000000000000000, 0.000000000000000000, 1.000000000000000000 ) ) ;
#323 = CIRCLE ( 'NONE', #1040, 3.299999999999997158 ) ;
#324 = VECTOR ( 'NONE', #1045, 1000.000000000000000 ) ;
#325 = CARTESIAN_POINT ( 'NONE',  ( 18.00000000000000355, 22.50000000000045475, 38.97114317029947728 ) ) ;
#326 = AXIS2_PLACEMENT_3D ( 'NONE', #1426, #14, #1099 ) ;
#327 = CIRCLE ( 'NONE', #680, 38.50000000000000000 ) ;
#328 = PRODUCT_RELATED_PRODUCT_CATEGORY ( 'detail', '', ( #906 ) ) ;
#329 = ORIENTED_EDGE ( 'NONE', *, *, #546, .T. ) ;
#330 = ADVANCED_FACE ( 'NONE', ( #57, #1471 ), #286, .F. ) ;
#331 = FACE_OUTER_BOUND ( 'NONE', #225, .T. ) ;
#332 = DIRECTION ( 'NONE',  ( 1.000000000000000000, 0.000000000000000000, 0.000000000000000000 ) ) ;
#333 = ADVANCED_FACE ( 'NONE', ( #1348 ), #80, .F. ) ;
#334 = ORIENTED_EDGE ( 'NONE', *, *, #83, .T. ) ;
#335 = DIRECTION ( 'NONE',  ( 0.000000000000000000, 0.000000000000000000, -1.000000000000000000 ) ) ;
#336 = VECTOR ( 'NONE', #1026, 1000.000000000000000 ) ;
#337 = ORIENTED_EDGE ( 'NONE', *, *, #1404, .F. ) ;
#338 = ORIENTED_EDGE ( 'NONE', *, *, #877, .F. ) ;
#339 = FACE_BOUND ( 'NONE', #355, .T. ) ;
#340 = DIRECTION ( 'NONE',  ( 0.000000000000000000, 0.000000000000000000, 1.000000000000000000 ) ) ;
#341 = EDGE_LOOP ( 'NONE', ( #1169, #1219, #1441, #1344 ) ) ;
#342 = APPROVAL_STATUS ( 'not_yet_approved' ) ;
#343 = VERTEX_POINT ( 'NONE', #298 ) ;
#344 = FACE_OUTER_BOUND ( 'NONE', #401, .T. ) ;
#345 = CARTESIAN_POINT ( 'NONE',  ( 18.00000000000000355, 45.00000000000000000, 5.499999999999991118 ) ) ;
#346 = EDGE_CURVE ( 'NONE', #956, #959, #196, .T. ) ;
#347 = EDGE_LOOP ( 'NONE', ( #1181, #514, #1133, #445 ) ) ;
#348 = PERSON_AND_ORGANIZATION ( #1465, #216 ) ;
#349 = CIRCLE ( 'NONE', #456, 60.00000000000000000 ) ;
#350 = AXIS2_PLACEMENT_3D ( 'NONE', #713, #212, #111 ) ;
#351 = LOCAL_TIME ( 15, 52, 15.00000000000000000, #824 ) ;
#352 = DIRECTION ( 'NONE',  ( -1.000000000000000000, -0.000000000000000000, -0.000000000000000000 ) ) ;
#353 = AXIS2_PLACEMENT_3D ( 'NONE', #462, #113, #934 ) ;
#354 = AXIS2_PLACEMENT_3D ( 'NONE', #863, #533, #396 ) ;
#355 = EDGE_LOOP ( 'NONE', ( #35, #1155 ) ) ;
#356 = VECTOR ( 'NONE', #472, 1000.000000000000000 ) ;
#357 = LINE ( 'NONE', #613, #1114 ) ;
#358 = DIRECTION ( 'NONE',  ( -1.000000000000000000, -0.000000000000000000, -0.000000000000000000 ) ) ;
#359 = DIRECTION ( 'NONE',  ( -1.000000000000000000, -0.000000000000000000, -0.000000000000000000 ) ) ;
#360 = PERSON_AND_ORGANIZATION_ROLE ( 'creator' ) ;
#361 = FACE_BOUND ( 'NONE', #114, .T. ) ;
#362 = ORIENTED_EDGE ( 'NONE', *, *, #1227, .F. ) ;
#363 = CIRCLE ( 'NONE', #281, 32.50000000000000000 ) ;
#364 = EDGE_CURVE ( 'NONE', #1462, #1417, #121, .T. ) ;
#365 = CARTESIAN_POINT ( 'NONE',  ( 18.00000000000000355, -45.00000000000000000, 5.499999999999994671 ) ) ;
#366 = CARTESIAN_POINT ( 'NONE',  ( 0.000000000000000000, 0.000000000000000000, 0.000000000000000000 ) ) ;
#367 = FACE_OUTER_BOUND ( 'NONE', #599, .T. ) ;
#368 = DATE_AND_TIME ( #1411, #897 ) ;
#369 = DIRECTION ( 'NONE',  ( 0.000000000000000000, 0.000000000000000000, 1.000000000000000000 ) ) ;
#370 = EDGE_CURVE ( 'NONE', #1462, #633, #547, .T. ) ;
#371 = ORIENTED_EDGE ( 'NONE', *, *, #1217, .T. ) ;
#372 = VERTEX_POINT ( 'NONE', #1254 ) ;
#373 = FACE_OUTER_BOUND ( 'NONE', #771, .T. ) ;
#374 = LINE ( 'NONE', #1419, #22 ) ;
#375 = CARTESIAN_POINT ( 'NONE',  ( 2.449293598294702470E-16, 0.000000000000000000, 0.000000000000000000 ) ) ;
#376 = SHAPE_DEFINITION_REPRESENTATION ( #188, #1049 ) ;
#377 = CIRCLE ( 'NONE', #1016, 3.299999999999997158 ) ;
#378 = FACE_OUTER_BOUND ( 'NONE', #265, .T. ) ;
#379 = ORIENTED_EDGE ( 'NONE', *, *, #1518, .F. ) ;
#380 = AXIS2_PLACEMENT_3D ( 'NONE', #530, #284, #438 ) ;
#381 = CIRCLE ( 'NONE', #583, 3.299999999999997158 ) ;
#382 = CIRCLE ( 'NONE', #1238, 5.499999999999998224 ) ;
#383 = ADVANCED_FACE ( 'NONE', ( #555 ), #663, .F. ) ;
#384 = CARTESIAN_POINT ( 'NONE',  ( 0.000000000000000000, 2.694222958124176809E-15, -22.00000000000000000 ) ) ;
#385 = DIRECTION ( 'NONE',  ( 0.000000000000000000, 0.000000000000000000, 1.000000000000000000 ) ) ;
#386 = ADVANCED_FACE ( 'NONE', ( #190 ), #403, .T. ) ;
#387 = DIRECTION ( 'NONE',  ( 0.000000000000000000, 0.000000000000000000, 1.000000000000000000 ) ) ;
#388 = ORIENTED_EDGE ( 'NONE', *, *, #1340, .T. ) ;
#389 = ORIENTED_EDGE ( 'NONE', *, *, #833, .F. ) ;
#390 = DIRECTION ( 'NONE',  ( -1.000000000000000000, -0.000000000000000000, -0.000000000000000000 ) ) ;
#391 = ORIENTED_EDGE ( 'NONE', *, *, #1151, .T. ) ;
#392 = DIRECTION ( 'NONE',  ( -1.000000000000000000, -0.000000000000000000, -0.000000000000000000 ) ) ;
#393 = DIRECTION ( 'NONE',  ( 0.000000000000000000, 0.000000000000000000, 1.000000000000000000 ) ) ;
#394 = ORIENTED_EDGE ( 'NONE', *, *, #1129, .F. ) ;
#395 = DIRECTION ( 'NONE',  ( -1.000000000000000000, -0.000000000000000000, -0.000000000000000000 ) ) ;
#396 = DIRECTION ( 'NONE',  ( 0.000000000000000000, 0.000000000000000000, 1.000000000000000000 ) ) ;
#397 = PRODUCT_DEFINITION ( 'UNKNOWN', '', #166, #796 ) ;
#398 = EDGE_LOOP ( 'NONE', ( #1528, #136, #772, #211 ) ) ;
#399 = EDGE_CURVE ( 'NONE', #1510, #1363, #1095, .T. ) ;
#400 = CARTESIAN_POINT ( 'NONE',  ( 24.40000000000000213, -22.50000000000018474, -38.97114317029964070 ) ) ;
#401 = EDGE_LOOP ( 'NONE', ( #426, #455, #1447, #279 ) ) ;
#402 =( GEOMETRIC_REPRESENTATION_CONTEXT ( 3 ) GLOBAL_UNCERTAINTY_ASSIGNED_CONTEXT ( ( #688 ) ) GLOBAL_UNIT_ASSIGNED_CONTEXT ( ( #76, #478, #226 ) ) REPRESENTATION_CONTEXT ( 'NONE', 'WORKASPACE' ) );
#403 = CONICAL_SURFACE ( 'NONE', #219, 57.00000000000002132, 0.7853981633974482790 ) ;
#404 = SECURITY_CLASSIFICATION ( '', '', #464 ) ;
#405 = CARTESIAN_POINT ( 'NONE',  ( 18.00000000000000355, -45.00000000000000000, 0.000000000000000000 ) ) ;
#406 = AXIS2_PLACEMENT_3D ( 'NONE', #167, #430, #422 ) ;
#407 = ORIENTED_EDGE ( 'NONE', *, *, #564, .F. ) ;
#408 = LINE ( 'NONE', #44, #155 ) ;
#409 = ORIENTED_EDGE ( 'NONE', *, *, #469, .T. ) ;
#410 = PLANE ( 'NONE',  #1162 ) ;
#411 = ORIENTED_EDGE ( 'NONE', *, *, #1080, .F. ) ;
#412 = ADVANCED_FACE ( 'NONE', ( #915, #1035 ), #801, .F. ) ;
#413 = LINE ( 'NONE', #1495, #434 ) ;
#414 = CARTESIAN_POINT ( 'NONE',  ( 24.40000000000000213, -19.20000000000018403, -38.97114317029964070 ) ) ;
#415 = ORIENTED_EDGE ( 'NONE', *, *, #989, .T. ) ;
#416 = DIRECTION ( 'NONE',  ( -1.000000000000000000, -0.000000000000000000, -0.000000000000000000 ) ) ;
#417 = CARTESIAN_POINT ( 'NONE',  ( 30.00000000000000000, 0.000000000000000000, 0.000000000000000000 ) ) ;
#418 = ORIENTED_EDGE ( 'NONE', *, *, #1288, .F. ) ;
#419 = EDGE_CURVE ( 'NONE', #1363, #1152, #875, .T. ) ;
#420 = DIRECTION ( 'NONE',  ( 0.000000000000000000, 0.000000000000000000, 1.000000000000000000 ) ) ;
#421 = EDGE_CURVE ( 'NONE', #949, #1178, #142, .T. ) ;
#422 = DIRECTION ( 'NONE',  ( 0.000000000000000000, 0.000000000000000000, 1.000000000000000000 ) ) ;
#423 = CARTESIAN_POINT ( 'NONE',  ( 24.40000000000000213, -45.00000000000000000, -3.299999999999997158 ) ) ;
#424 = ORIENTED_EDGE ( 'NONE', *, *, #227, .F. ) ;
#425 = CYLINDRICAL_SURFACE ( 'NONE', #552, 3.299999999999997158 ) ;
#426 = ORIENTED_EDGE ( 'NONE', *, *, #946, .T. ) ;
#427 = FACE_OUTER_BOUND ( 'NONE', #1267, .T. ) ;
#428 = LOCAL_TIME ( 15, 52, 15.00000000000000000, #931 ) ;
#429 = AXIS2_PLACEMENT_3D ( 'NONE', #998, #74, #1497 ) ;
#430 = DIRECTION ( 'NONE',  ( -1.000000000000000000, -0.000000000000000000, -0.000000000000000000 ) ) ;
#431 = EDGE_LOOP ( 'NONE', ( #992, #1076, #1285, #753 ) ) ;
#432 = CARTESIAN_POINT ( 'NONE',  ( 18.00000000000000355, -22.49999999999963762, 38.97114317029994623 ) ) ;
#433 = AXIS2_PLACEMENT_3D ( 'NONE', #829, #1378, #592 ) ;
#434 = VECTOR ( 'NONE', #886, 1000.000000000000000 ) ;
#435 = EDGE_CURVE ( 'NONE', #797, #538, #725, .T. ) ;
#436 = LINE ( 'NONE', #1362, #873 ) ;
#437 = EDGE_LOOP ( 'NONE', ( #187, #984 ) ) ;
#438 = DIRECTION ( 'NONE',  ( 0.000000000000000000, 0.000000000000000000, 1.000000000000000000 ) ) ;
#439 = DIRECTION ( 'NONE',  ( 0.000000000000000000, 0.000000000000000000, -1.000000000000000000 ) ) ;
#440 = DIRECTION ( 'NONE',  ( -1.000000000000000000, -0.000000000000000000, -0.000000000000000000 ) ) ;
#441 = CIRCLE ( 'NONE', #710, 28.50000000000000000 ) ;
#442 = CARTESIAN_POINT ( 'NONE',  ( 24.40000000000000213, 22.50000000000045475, 38.97114317029947728 ) ) ;
#443 = EDGE_CURVE ( 'NONE', #633, #1182, #1508, .T. ) ;
#444 = ORIENTED_EDGE ( 'NONE', *, *, #987, .T. ) ;
#445 = ORIENTED_EDGE ( 'NONE', *, *, #979, .F. ) ;
#446 = DIRECTION ( 'NONE',  ( -1.000000000000000000, -0.000000000000000000, -0.000000000000000000 ) ) ;
#447 = DIRECTION ( 'NONE',  ( 0.000000000000000000, 0.000000000000000000, -1.000000000000000000 ) ) ;
#448 = FACE_OUTER_BOUND ( 'NONE', #977, .T. ) ;
#449 = CARTESIAN_POINT ( 'NONE',  ( 18.00000000000000355, 0.000000000000000000, -38.50000000000000000 ) ) ;
#450 = ORIENTED_EDGE ( 'NONE', *, *, #885, .F. ) ;
#451 = ADVANCED_FACE ( 'NONE', ( #578, #1516 ), #222, .F. ) ;
#452 = ORIENTED_EDGE ( 'NONE', *, *, #288, .F. ) ;
#453 = CYLINDRICAL_SURFACE ( 'NONE', #991, 32.50000000000000000 ) ;
#454 = CYLINDRICAL_SURFACE ( 'NONE', #1213, 5.499999999999998224 ) ;
#455 = ORIENTED_EDGE ( 'NONE', *, *, #1198, .T. ) ;
#456 = AXIS2_PLACEMENT_3D ( 'NONE', #417, #162, #526 ) ;
#457 = AXIS2_PLACEMENT_3D ( 'NONE', #902, #185, #670 ) ;
#458 = DIRECTION ( 'NONE',  ( 1.000000000000000000, 0.000000000000000000, 0.000000000000000000 ) ) ;
#459 = CONICAL_SURFACE ( 'NONE', #1306, 31.50000000000000000, 0.7853981633974447263 ) ;
#460 = ORIENTED_EDGE ( 'NONE', *, *, #1217, .F. ) ;
#461 = FACE_OUTER_BOUND ( 'NONE', #1380, .T. ) ;
#462 = CARTESIAN_POINT ( 'NONE',  ( 18.00000000000000355, -45.00000000000000000, 0.000000000000000000 ) ) ;
#463 = VERTEX_POINT ( 'NONE', #206 ) ;
#464 = SECURITY_CLASSIFICATION_LEVEL ( 'unclassified' ) ;
#465 = CIRCLE ( 'NONE', #1467, 5.499999999999998224 ) ;
#466 = EDGE_LOOP ( 'NONE', ( #745, #831, #871, #1173 ) ) ;
#467 = ADVANCED_FACE ( 'NONE', ( #103, #331 ), #1282, .F. ) ;
#468 = CARTESIAN_POINT ( 'NONE',  ( 18.00000000000000355, -22.49999999999963762, 33.47114317029994623 ) ) ;
#469 = EDGE_CURVE ( 'NONE', #590, #1242, #1017, .T. ) ;
#470 = LINE ( 'NONE', #1533, #822 ) ;
#471 = DIRECTION ( 'NONE',  ( 0.000000000000000000, 0.000000000000000000, 1.000000000000000000 ) ) ;
#472 = DIRECTION ( 'NONE',  ( -1.000000000000000000, -0.000000000000000000, -0.000000000000000000 ) ) ;
#473 = ORIENTED_EDGE ( 'NONE', *, *, #1427, .T. ) ;
#474 = DIRECTION ( 'NONE',  ( 0.000000000000000000, 0.000000000000000000, 1.000000000000000000 ) ) ;
#475 = CARTESIAN_POINT ( 'NONE',  ( 18.00000000000000355, 0.000000000000000000, 0.000000000000000000 ) ) ;
#476 = VERTEX_POINT ( 'NONE', #468 ) ;
#477 = CYLINDRICAL_SURFACE ( 'NONE', #1103, 5.499999999999998224 ) ;
#478 =( NAMED_UNIT ( * ) PLANE_ANGLE_UNIT ( ) SI_UNIT ( $, .RADIAN. ) );
#479 = CC_DESIGN_APPROVAL ( #276, ( #397 ) ) ;
#480 = EDGE_CURVE ( 'NONE', #1242, #1202, #357, .T. ) ;
#481 = AXIS2_PLACEMENT_3D ( 'NONE', #488, #933, #808 ) ;
#482 = CC_DESIGN_APPROVAL ( #1412, ( #404 ) ) ;
#483 = DIRECTION ( 'NONE',  ( 0.7071067811865500152, 0.000000000000000000, -0.7071067811865451302 ) ) ;
#484 = CIRCLE ( 'NONE', #898, 5.499999999999991118 ) ;
#485 = AXIS2_PLACEMENT_3D ( 'NONE', #154, #1204, #137 ) ;
#486 = ORIENTED_EDGE ( 'NONE', *, *, #443, .F. ) ;
#487 = AXIS2_PLACEMENT_3D ( 'NONE', #1364, #62, #1359 ) ;
#488 = CARTESIAN_POINT ( 'NONE',  ( 24.40000000000000213, -22.49999999999963762, 38.97114317029994623 ) ) ;
#489 = FACE_OUTER_BOUND ( 'NONE', #1229, .T. ) ;
#490 = CARTESIAN_POINT ( 'NONE',  ( 30.00000000000000355, 22.49999999999990763, -42.27114317029978707 ) ) ;
#491 = ADVANCED_FACE ( 'NONE', ( #344 ), #453, .T. ) ;
#492 = COORDINATED_UNIVERSAL_TIME_OFFSET ( 1, 0, .AHEAD. ) ;
#493 = DIRECTION ( 'NONE',  ( -1.000000000000000000, -0.000000000000000000, -0.000000000000000000 ) ) ;
#494 = ORIENTED_EDGE ( 'NONE', *, *, #435, .T. ) ;
#495 = ORIENTED_EDGE ( 'NONE', *, *, #900, .T. ) ;
#496 = DIRECTION ( 'NONE',  ( 1.000000000000000000, 0.000000000000000000, 0.000000000000000000 ) ) ;
#497 = CARTESIAN_POINT ( 'NONE',  ( 0.000000000000000000, 0.000000000000000000, 60.00000000000000000 ) ) ;
#498 = DIRECTION ( 'NONE',  ( 0.000000000000000000, 0.000000000000000000, 1.000000000000000000 ) ) ;
#499 = PERSON_AND_ORGANIZATION ( #1465, #216 ) ;
#500 = CARTESIAN_POINT ( 'NONE',  ( 18.00000000000000355, 22.50000000000045475, 42.27114317029947443 ) ) ;
#501 = ORIENTED_EDGE ( 'NONE', *, *, #346, .T. ) ;
#502 = ADVANCED_FACE ( 'NONE', ( #1161 ), #1153, .F. ) ;
#503 = LINE ( 'NONE', #497, #1355 ) ;
#504 = DIRECTION ( 'NONE',  ( -1.000000000000000000, -0.000000000000000000, -0.000000000000000000 ) ) ;
#505 = FACE_OUTER_BOUND ( 'NONE', #1067, .T. ) ;
#506 = APPROVAL_PERSON_ORGANIZATION ( #251, #971, #606 ) ;
#507 = ORIENTED_EDGE ( 'NONE', *, *, #217, .F. ) ;
#508 = CIRCLE ( 'NONE', #701, 5.499999999999998224 ) ;
#509 = EDGE_CURVE ( 'NONE', #1301, #311, #171, .T. ) ;
#510 = AXIS2_PLACEMENT_3D ( 'NONE', #1123, #645, #1461 ) ;
#511 = DIRECTION ( 'NONE',  ( -1.000000000000000000, -0.000000000000000000, -0.000000000000000000 ) ) ;
#512 = CYLINDRICAL_SURFACE ( 'NONE', #994, 5.499999999999998224 ) ;
#513 = CARTESIAN_POINT ( 'NONE',  ( 24.40000000000000213, -22.50000000000018474, -38.97114317029964070 ) ) ;
#514 = ORIENTED_EDGE ( 'NONE', *, *, #1149, .T. ) ;
#515 = AXIS2_PLACEMENT_3D ( 'NONE', #375, #1252, #974 ) ;
#516 = ADVANCED_FACE ( 'NONE', ( #950 ), #608, .F. ) ;
#517 = DIRECTION ( 'NONE',  ( 0.000000000000000000, 0.000000000000000000, 1.000000000000000000 ) ) ;
#518 = LINE ( 'NONE', #986, #1199 ) ;
#519 = ORIENTED_EDGE ( 'NONE', *, *, #1340, .F. ) ;
#520 = LINE ( 'NONE', #291, #528 ) ;
#521 = VERTEX_POINT ( 'NONE', #1532 ) ;
#522 = CARTESIAN_POINT ( 'NONE',  ( 30.00000000000000355, 22.50000000000045475, 35.67114317029948012 ) ) ;
#523 = ORIENTED_EDGE ( 'NONE', *, *, #182, .T. ) ;
#524 = DIRECTION ( 'NONE',  ( -1.000000000000000000, -0.000000000000000000, -0.000000000000000000 ) ) ;
#525 = ORIENTED_EDGE ( 'NONE', *, *, #979, .T. ) ;
#526 = DIRECTION ( 'NONE',  ( 0.000000000000000000, 0.000000000000000000, 1.000000000000000000 ) ) ;
#527 = EDGE_LOOP ( 'NONE', ( #486, #1382 ) ) ;
#528 = VECTOR ( 'NONE', #983, 1000.000000000000000 ) ;
#529 = CONICAL_SURFACE ( 'NONE', #457, 57.00000000000002132, 0.7853981633974482790 ) ;
#530 = CARTESIAN_POINT ( 'NONE',  ( 18.00000000000000355, 45.00000000000000000, 0.000000000000000000 ) ) ;
#531 = CIRCLE ( 'NONE', #1191, 5.499999999999998224 ) ;
#532 = ORIENTED_EDGE ( 'NONE', *, *, #619, .T. ) ;
#533 = DIRECTION ( 'NONE',  ( -1.000000000000000000, -0.000000000000000000, -0.000000000000000000 ) ) ;
#534 = ORIENTED_EDGE ( 'NONE', *, *, #1307, .T. ) ;
#535 = EDGE_CURVE ( 'NONE', #954, #959, #1408, .T. ) ;
#536 = ORIENTED_EDGE ( 'NONE', *, *, #1010, .F. ) ;
#537 = DIRECTION ( 'NONE',  ( 0.000000000000000000, 0.000000000000000000, 1.000000000000000000 ) ) ;
#538 = VERTEX_POINT ( 'NONE', #86 ) ;
#539 = CARTESIAN_POINT ( 'NONE',  ( 18.00000000000000355, -22.49999999999963762, 38.97114317029994623 ) ) ;
#540 = CYLINDRICAL_SURFACE ( 'NONE', #823, 5.499999999999994671 ) ;
#541 = CARTESIAN_POINT ( 'NONE',  ( 18.00000000000000355, 22.50000000000045475, 38.97114317029947728 ) ) ;
#542 = DIRECTION ( 'NONE',  ( -1.000000000000000000, -0.000000000000000000, -0.000000000000000000 ) ) ;
#543 = ORIENTED_EDGE ( 'NONE', *, *, #469, .F. ) ;
#544 = ADVANCED_FACE ( 'NONE', ( #461, #836, #1273, #339, #1297, #1384, #238, #812 ), #720, .F. ) ;
#545 = DIRECTION ( 'NONE',  ( -1.000000000000000000, -0.000000000000000000, -0.000000000000000000 ) ) ;
#546 = EDGE_CURVE ( 'NONE', #1202, #862, #1455, .T. ) ;
#547 = LINE ( 'NONE', #176, #23 ) ;
#548 = DIRECTION ( 'NONE',  ( -1.000000000000000000, -0.000000000000000000, -0.000000000000000000 ) ) ;
#549 = CARTESIAN_POINT ( 'NONE',  ( 20.99999999999997868, 0.000000000000000000, 0.000000000000000000 ) ) ;
#550 = ORIENTED_EDGE ( 'NONE', *, *, #1458, .T. ) ;
#551 = FACE_OUTER_BOUND ( 'NONE', #980, .T. ) ;
#552 = AXIS2_PLACEMENT_3D ( 'NONE', #1504, #926, #1032 ) ;
#553 = AXIS2_PLACEMENT_3D ( 'NONE', #1130, #1360, #64 ) ;
#554 = CC_DESIGN_SECURITY_CLASSIFICATION ( #404, ( #166 ) ) ;
#555 = FACE_OUTER_BOUND ( 'NONE', #1310, .T. ) ;
#556 = ADVANCED_FACE ( 'NONE', ( #373 ), #1077, .F. ) ;
#557 = CIRCLE ( 'NONE', #218, 22.00000000000000000 ) ;
#558 = CARTESIAN_POINT ( 'NONE',  ( 18.00000000000000355, -22.50000000000018474, -33.47114317029964070 ) ) ;
#559 = CIRCLE ( 'NONE', #354, 3.299999999999997158 ) ;
#560 = AXIS2_PLACEMENT_3D ( 'NONE', #175, #662, #1469 ) ;
#561 = DIRECTION ( 'NONE',  ( -1.000000000000000000, -0.000000000000000000, -0.000000000000000000 ) ) ;
#562 = CARTESIAN_POINT ( 'NONE',  ( 24.40000000000000213, 45.00000000000000000, 3.299999999999997158 ) ) ;
#563 = DIRECTION ( 'NONE',  ( 0.000000000000000000, 0.000000000000000000, 1.000000000000000000 ) ) ;
#564 = EDGE_CURVE ( 'NONE', #262, #1301, #786, .T. ) ;
#565 = DIRECTION ( 'NONE',  ( -1.000000000000000000, -0.000000000000000000, -0.000000000000000000 ) ) ;
#566 = DIRECTION ( 'NONE',  ( -1.000000000000000000, -0.000000000000000000, -0.000000000000000000 ) ) ;
#567 = EDGE_CURVE ( 'NONE', #1376, #240, #268, .T. ) ;
#568 = CARTESIAN_POINT ( 'NONE',  ( 0.000000000000000000, 0.000000000000000000, 22.00000000000000000 ) ) ;
#569 = DIRECTION ( 'NONE',  ( -1.000000000000000000, -0.000000000000000000, -0.000000000000000000 ) ) ;
#570 = ORIENTED_EDGE ( 'NONE', *, *, #1120, .F. ) ;
#571 = FACE_BOUND ( 'NONE', #5, .T. ) ;
#572 = CARTESIAN_POINT ( 'NONE',  ( 18.00000000000000355, -45.00000000000000000, 0.000000000000000000 ) ) ;
#573 = CARTESIAN_POINT ( 'NONE',  ( 24.40000000000000213, 22.50000000000045475, 44.47114317029947017 ) ) ;
#574 = ORIENTED_EDGE ( 'NONE', *, *, #318, .F. ) ;
#575 = FACE_OUTER_BOUND ( 'NONE', #151, .T. ) ;
#576 = ADVANCED_FACE ( 'NONE', ( #448 ), #529, .T. ) ;
#577 = VERTEX_POINT ( 'NONE', #1148 ) ;
#578 = FACE_OUTER_BOUND ( 'NONE', #1316, .T. ) ;
#579 = AXIS2_PLACEMENT_3D ( 'NONE', #173, #758, #537 ) ;
#580 = CARTESIAN_POINT ( 'NONE',  ( 30.00000000000000355, 22.49999999999990763, -38.97114317029978992 ) ) ;
#581 = EDGE_LOOP ( 'NONE', ( #570, #1223 ) ) ;
#582 = AXIS2_PLACEMENT_3D ( 'NONE', #475, #332, #1503 ) ;
#583 = AXIS2_PLACEMENT_3D ( 'NONE', #1023, #1361, #679 ) ;
#584 = DIRECTION ( 'NONE',  ( -1.000000000000000000, -0.000000000000000000, -0.000000000000000000 ) ) ;
#585 = VECTOR ( 'NONE', #948, 1000.000000000000000 ) ;
#586 = ADVANCED_FACE ( 'NONE', ( #1233 ), #191, .F. ) ;
#587 = ORIENTED_EDGE ( 'NONE', *, *, #1137, .T. ) ;
#588 = DIRECTION ( 'NONE',  ( 0.000000000000000000, 0.000000000000000000, -1.000000000000000000 ) ) ;
#589 = FACE_OUTER_BOUND ( 'NONE', #305, .T. ) ;
#590 = VERTEX_POINT ( 'NONE', #169 ) ;
#591 = ORIENTED_EDGE ( 'NONE', *, *, #1090, .T. ) ;
#592 = DIRECTION ( 'NONE',  ( 0.000000000000000000, 0.000000000000000000, 1.000000000000000000 ) ) ;
#593 = DIRECTION ( 'NONE',  ( 0.000000000000000000, 0.000000000000000000, 1.000000000000000000 ) ) ;
#594 = ADVANCED_FACE ( 'NONE', ( #177 ), #289, .F. ) ;
#595 = ORIENTED_EDGE ( 'NONE', *, *, #364, .T. ) ;
#596 = DIRECTION ( 'NONE',  ( 1.000000000000000000, 0.000000000000000000, 0.000000000000000000 ) ) ;
#597 = CALENDAR_DATE ( 2024, 19, 8 ) ;
#598 = CARTESIAN_POINT ( 'NONE',  ( 24.40000000000000213, 45.00000000000000000, 0.000000000000000000 ) ) ;
#599 = EDGE_LOOP ( 'NONE', ( #1339, #237, #1370, #460 ) ) ;
#600 = EDGE_CURVE ( 'NONE', #949, #715, #1132, .T. ) ;
#601 = CARTESIAN_POINT ( 'NONE',  ( 0.000000000000000000, 0.000000000000000000, 0.000000000000000000 ) ) ;
#602 = CARTESIAN_POINT ( 'NONE',  ( 18.00000000000000355, -22.50000000000018474, -38.97114317029964070 ) ) ;
#603 = EDGE_LOOP ( 'NONE', ( #595, #473 ) ) ;
#604 = ADVANCED_FACE ( 'NONE', ( #1249 ), #916, .F. ) ;
#605 = DIRECTION ( 'NONE',  ( -1.000000000000000000, -0.000000000000000000, -0.000000000000000000 ) ) ;
#606 = APPROVAL_ROLE ( '' ) ;
#607 = VECTOR ( 'NONE', #53, 1000.000000000000000 ) ;
#608 = CONICAL_SURFACE ( 'NONE', #1482, 22.00000000000000000, 0.7853981633974500554 ) ;
#609 = CARTESIAN_POINT ( 'NONE',  ( 24.40000000000000213, -22.49999999999963762, 33.47114317029994623 ) ) ;
#610 = AXIS2_PLACEMENT_3D ( 'NONE', #72, #545, #159 ) ;
#611 = AXIS2_PLACEMENT_3D ( 'NONE', #414, #893, #767 ) ;
#612 = VERTEX_POINT ( 'NONE', #558 ) ;
#613 = CARTESIAN_POINT ( 'NONE',  ( 4.000000000000002665, 2.694222958124176809E-15, -22.00000000000000000 ) ) ;
#614 = DIRECTION ( 'NONE',  ( 0.000000000000000000, 0.000000000000000000, 1.000000000000000000 ) ) ;
#615 = CC_DESIGN_PERSON_AND_ORGANIZATION_ASSIGNMENT ( #832, #132, ( #166 ) ) ;
#616 = VERTEX_POINT ( 'NONE', #793 ) ;
#617 = DIRECTION ( 'NONE',  ( 1.000000000000000000, 0.000000000000000000, 0.000000000000000000 ) ) ;
#618 = DIRECTION ( 'NONE',  ( 0.000000000000000000, 0.000000000000000000, -1.000000000000000000 ) ) ;
#619 = EDGE_CURVE ( 'NONE', #856, #94, #820, .T. ) ;
#620 = ORIENTED_EDGE ( 'NONE', *, *, #126, .F. ) ;
#621 = DIRECTION ( 'NONE',  ( -1.000000000000000000, -0.000000000000000000, -0.000000000000000000 ) ) ;
#622 = CARTESIAN_POINT ( 'NONE',  ( 1.000000000000007994, 0.000000000000000000, 0.000000000000000000 ) ) ;
#623 = ORIENTED_EDGE ( 'NONE', *, *, #419, .F. ) ;
#624 = LINE ( 'NONE', #1106, #655 ) ;
#625 = DIRECTION ( 'NONE',  ( 0.000000000000000000, 0.000000000000000000, 1.000000000000000000 ) ) ;
#626 = AXIS2_PLACEMENT_3D ( 'NONE', #186, #1244, #335 ) ;
#627 = LINE ( 'NONE', #138, #1157 ) ;
#628 = EDGE_CURVE ( 'NONE', #888, #853, #381, .T. ) ;
#629 = ORIENTED_EDGE ( 'NONE', *, *, #480, .T. ) ;
#630 = AXIS2_PLACEMENT_3D ( 'NONE', #1290, #714, #1036 ) ;
#631 = AXIS2_PLACEMENT_3D ( 'NONE', #1454, #504, #756 ) ;
#632 = AXIS2_PLACEMENT_3D ( 'NONE', #1476, #1110, #1028 ) ;
#633 = VERTEX_POINT ( 'NONE', #780 ) ;
#634 = CARTESIAN_POINT ( 'NONE',  ( 24.40000000000000213, -45.00000000000000000, 5.499999999999998224 ) ) ;
#635 = CARTESIAN_POINT ( 'NONE',  ( 24.40000000000000213, -22.49999999999963762, 42.27114317029994339 ) ) ;
#636 = DIRECTION ( 'NONE',  ( -1.000000000000000000, -0.000000000000000000, -0.000000000000000000 ) ) ;
#637 = ORIENTED_EDGE ( 'NONE', *, *, #399, .F. ) ;
#638 = VECTOR ( 'NONE', #524, 1000.000000000000000 ) ;
#639 = DIRECTION ( 'NONE',  ( -1.000000000000000000, -0.000000000000000000, -0.000000000000000000 ) ) ;
#640 = DIRECTION ( 'NONE',  ( 0.000000000000000000, 0.000000000000000000, 1.000000000000000000 ) ) ;
#641 = ORIENTED_EDGE ( 'NONE', *, *, #435, .F. ) ;
#642 = EDGE_CURVE ( 'NONE', #1009, #1001, #1134, .T. ) ;
#643 = CARTESIAN_POINT ( 'NONE',  ( 18.00000000000000355, 0.000000000000000000, -57.00000000000002132 ) ) ;
#644 = ORIENTED_EDGE ( 'NONE', *, *, #1120, .T. ) ;
#645 = DIRECTION ( 'NONE',  ( -1.000000000000000000, -0.000000000000000000, -0.000000000000000000 ) ) ;
#646 = ORIENTED_EDGE ( 'NONE', *, *, #83, .F. ) ;
#647 = ADVANCED_FACE ( 'NONE', ( #1143 ), #1491, .F. ) ;
#648 = CARTESIAN_POINT ( 'NONE',  ( 18.00000000000000355, -45.00000000000000000, -5.499999999999994671 ) ) ;
#649 = CYLINDRICAL_SURFACE ( 'NONE', #965, 5.499999999999998224 ) ;
#650 = ORIENTED_EDGE ( 'NONE', *, *, #1293, .T. ) ;
#651 = AXIS2_PLACEMENT_3D ( 'NONE', #976, #1330, #40 ) ;
#652 = AXIS2_PLACEMENT_3D ( 'NONE', #1513, #1385, #1274 ) ;
#653 = AXIS2_PLACEMENT_3D ( 'NONE', #1373, #1255, #65 ) ;
#654 = CARTESIAN_POINT ( 'NONE',  ( 18.00000000000000355, 7.164183775012015633E-15, 57.00000000000002132 ) ) ;
#655 = VECTOR ( 'NONE', #1323, 1000.000000000000000 ) ;
#656 = VERTEX_POINT ( 'NONE', #81 ) ;
#657 = CARTESIAN_POINT ( 'NONE',  ( 18.00000000000000355, -22.49999999999963762, 38.97114317029994623 ) ) ;
#658 = DIRECTION ( 'NONE',  ( -1.000000000000000000, -0.000000000000000000, -0.000000000000000000 ) ) ;
#659 = VERTEX_POINT ( 'NONE', #1265 ) ;
#660 = CYLINDRICAL_SURFACE ( 'NONE', #651, 28.50000000000000000 ) ;
#661 = ORIENTED_EDGE ( 'NONE', *, *, #288, .T. ) ;
#662 = DIRECTION ( 'NONE',  ( -1.000000000000000000, -0.000000000000000000, -0.000000000000000000 ) ) ;
#663 = CYLINDRICAL_SURFACE ( 'NONE', #1375, 3.299999999999997158 ) ;
#664 = CARTESIAN_POINT ( 'NONE',  ( 18.00000000000000355, 45.00000000000000000, 0.000000000000000000 ) ) ;
#665 = EDGE_LOOP ( 'NONE', ( #762, #1386, #587, #54 ) ) ;
#666 = DIRECTION ( 'NONE',  ( 0.000000000000000000, 1.000000000000000000, -1.224646799147353207E-16 ) ) ;
#667 = ORIENTED_EDGE ( 'NONE', *, *, #37, .F. ) ;
#668 = CARTESIAN_POINT ( 'NONE',  ( 24.40000000000000213, -45.00000000000000000, 0.000000000000000000 ) ) ;
#669 = DIRECTION ( 'NONE',  ( -1.000000000000000000, -0.000000000000000000, -0.000000000000000000 ) ) ;
#670 = DIRECTION ( 'NONE',  ( 0.000000000000000000, 0.000000000000000000, -1.000000000000000000 ) ) ;
#671 = DIRECTION ( 'NONE',  ( 0.000000000000000000, 0.000000000000000000, 1.000000000000000000 ) ) ;
#672 = CARTESIAN_POINT ( 'NONE',  ( 24.40000000000000213, -45.00000000000000000, -5.499999999999998224 ) ) ;
#673 = EDGE_CURVE ( 'NONE', #841, #612, #508, .T. ) ;
#674 = DIRECTION ( 'NONE',  ( -1.000000000000000000, -0.000000000000000000, -0.000000000000000000 ) ) ;
#675 = AXIS2_PLACEMENT_3D ( 'NONE', #310, #315, #794 ) ;
#676 = ADVANCED_FACE ( 'NONE', ( #889 ), #1343, .F. ) ;
#677 = ORIENTED_EDGE ( 'NONE', *, *, #131, .F. ) ;
#678 = DIRECTION ( 'NONE',  ( 1.000000000000000000, 0.000000000000000000, 0.000000000000000000 ) ) ;
#679 = DIRECTION ( 'NONE',  ( 0.000000000000000000, 0.000000000000000000, 1.000000000000000000 ) ) ;
#680 = AXIS2_PLACEMENT_3D ( 'NONE', #38, #1196, #746 ) ;
#681 = DIRECTION ( 'NONE',  ( 0.000000000000000000, 0.000000000000000000, 1.000000000000000000 ) ) ;
#682 = VERTEX_POINT ( 'NONE', #423 ) ;
#683 = CYLINDRICAL_SURFACE ( 'NONE', #852, 3.299999999999997158 ) ;
#684 = DIRECTION ( 'NONE',  ( 0.000000000000000000, 0.000000000000000000, -1.000000000000000000 ) ) ;
#685 = DIRECTION ( 'NONE',  ( 0.000000000000000000, 0.000000000000000000, 1.000000000000000000 ) ) ;
#686 = VERTEX_POINT ( 'NONE', #894 ) ;
#687 = CARTESIAN_POINT ( 'NONE',  ( 30.00000000000000355, -45.00000000000000000, 0.000000000000000000 ) ) ;
#688 = UNCERTAINTY_MEASURE_WITH_UNIT (LENGTH_MEASURE( 1.000000000000000082E-05 ), #76, 'distance_accuracy_value', 'NONE');
#689 = VERTEX_POINT ( 'NONE', #1350 ) ;
#690 = DIRECTION ( 'NONE',  ( 1.000000000000000000, 0.000000000000000000, 0.000000000000000000 ) ) ;
#691 = CARTESIAN_POINT ( 'NONE',  ( 0.000000000000000000, 7.347880794884118356E-15, -60.00000000000000000 ) ) ;
#692 = ADVANCED_FACE ( 'NONE', ( #301 ), #1168, .F. ) ;
#693 = DIRECTION ( 'NONE',  ( -1.000000000000000000, -0.000000000000000000, -0.000000000000000000 ) ) ;
#694 = ORIENTED_EDGE ( 'NONE', *, *, #1489, .T. ) ;
#695 = DIRECTION ( 'NONE',  ( -1.000000000000000000, -0.000000000000000000, -0.000000000000000000 ) ) ;
#696 = AXIS2_PLACEMENT_3D ( 'NONE', #549, #458, #89 ) ;
#697 = CIRCLE ( 'NONE', #903, 28.50000000000000000 ) ;
#698 = DIRECTION ( 'NONE',  ( -1.000000000000000000, -0.000000000000000000, -0.000000000000000000 ) ) ;
#699 = APPROVAL_PERSON_ORGANIZATION ( #1071, #1412, #960 ) ;
#700 = VECTOR ( 'NONE', #639, 1000.000000000000000 ) ;
#701 = AXIS2_PLACEMENT_3D ( 'NONE', #1125, #203, #685 ) ;
#702 = CIRCLE ( 'NONE', #1097, 3.299999999999997158 ) ;
#703 = EDGE_CURVE ( 'NONE', #6, #736, #557, .T. ) ;
#704 = ORIENTED_EDGE ( 'NONE', *, *, #1051, .F. ) ;
#705 = ADVANCED_FACE ( 'NONE', ( #489 ), #707, .F. ) ;
#706 = CARTESIAN_POINT ( 'NONE',  ( 30.00000000000000355, -22.49999999999963762, 38.97114317029994623 ) ) ;
#707 = CYLINDRICAL_SURFACE ( 'NONE', #1456, 5.499999999999998224 ) ;
#708 = ORIENTED_EDGE ( 'NONE', *, *, #1227, .T. ) ;
#709 = APPLICATION_PROTOCOL_DEFINITION ( 'international standard', 'config_control_design', 1994, #29 ) ;
#710 = AXIS2_PLACEMENT_3D ( 'NONE', #1305, #966, #625 ) ;
#711 = CARTESIAN_POINT ( 'NONE',  ( 30.00000000000000000, 22.00000000000000000, 0.000000000000000000 ) ) ;
#712 = ORIENTED_EDGE ( 'NONE', *, *, #1072, .T. ) ;
#713 = CARTESIAN_POINT ( 'NONE',  ( 2.449293598294702470E-16, 32.50000000000000000, 0.000000000000000000 ) ) ;
#714 = DIRECTION ( 'NONE',  ( -1.000000000000000000, -0.000000000000000000, -0.000000000000000000 ) ) ;
#715 = VERTEX_POINT ( 'NONE', #87 ) ;
#716 = ORIENTED_EDGE ( 'NONE', *, *, #807, .F. ) ;
#717 = CALENDAR_DATE ( 2024, 19, 8 ) ;
#718 = DIRECTION ( 'NONE',  ( -1.000000000000000000, -0.000000000000000000, -0.000000000000000000 ) ) ;
#719 = ORIENTED_EDGE ( 'NONE', *, *, #126, .T. ) ;
#720 = PLANE ( 'NONE',  #67 ) ;
#721 = DIRECTION ( 'NONE',  ( -1.000000000000000000, -0.000000000000000000, -0.000000000000000000 ) ) ;
#722 = ORIENTED_EDGE ( 'NONE', *, *, #1198, .F. ) ;
#723 = PERSON_AND_ORGANIZATION_ROLE ( 'creator' ) ;
#724 = CIRCLE ( 'NONE', #165, 5.499999999999998224 ) ;
#725 = CIRCLE ( 'NONE', #193, 3.299999999999997158 ) ;
#726 = PLANE ( 'NONE',  #71 ) ;
#727 = CIRCLE ( 'NONE', #925, 24.00000000000000711 ) ;
#728 = EDGE_LOOP ( 'NONE', ( #1033, #128, #115, #299 ) ) ;
#729 = ORIENTED_EDGE ( 'NONE', *, *, #865, .F. ) ;
#730 = CARTESIAN_POINT ( 'NONE',  ( 2.449293598294702470E-16, 0.000000000000000000, 0.000000000000000000 ) ) ;
#731 = CARTESIAN_POINT ( 'NONE',  ( 24.40000000000000213, 45.00000000000000000, -5.499999999999998224 ) ) ;
#732 = MECHANICAL_CONTEXT ( 'NONE', #247, 'mechanical' ) ;
#733 = DIRECTION ( 'NONE',  ( -1.000000000000000000, -0.000000000000000000, -0.000000000000000000 ) ) ;
#734 = CIRCLE ( 'NONE', #1082, 3.299999999999997158 ) ;
#735 = ORIENTED_EDGE ( 'NONE', *, *, #872, .T. ) ;
#736 = VERTEX_POINT ( 'NONE', #951 ) ;
#737 = EDGE_LOOP ( 'NONE', ( #996, #1434, #134, #750 ) ) ;
#738 = CARTESIAN_POINT ( 'NONE',  ( 2.000000000000000888, 0.000000000000000000, 24.00000000000000711 ) ) ;
#739 = DIRECTION ( 'NONE',  ( 0.000000000000000000, 0.000000000000000000, -1.000000000000000000 ) ) ;
#740 = EDGE_CURVE ( 'NONE', #659, #34, #1235, .T. ) ;
#741 = EDGE_CURVE ( 'NONE', #821, #935, #144, .T. ) ;
#742 = DIRECTION ( 'NONE',  ( 0.000000000000000000, 0.000000000000000000, -1.000000000000000000 ) ) ;
#743 = VERTEX_POINT ( 'NONE', #223 ) ;
#744 = DIRECTION ( 'NONE',  ( 0.7071067811865474617, 8.659560562354931626E-17, 0.7071067811865475727 ) ) ;
#745 = ORIENTED_EDGE ( 'NONE', *, *, #918, .F. ) ;
#746 = DIRECTION ( 'NONE',  ( 0.000000000000000000, 0.000000000000000000, -1.000000000000000000 ) ) ;
#747 = CIRCLE ( 'NONE', #19, 5.999999999999998224 ) ;
#748 = CARTESIAN_POINT ( 'NONE',  ( 1.000000000000007994, 0.000000000000000000, 32.50000000000000000 ) ) ;
#749 = ORIENTED_EDGE ( 'NONE', *, *, #1505, .T. ) ;
#750 = ORIENTED_EDGE ( 'NONE', *, *, #1415, .T. ) ;
#751 = AXIS2_PLACEMENT_3D ( 'NONE', #278, #860, #614 ) ;
#752 = CIRCLE ( 'NONE', #1329, 3.299999999999997158 ) ;
#753 = ORIENTED_EDGE ( 'NONE', *, *, #112, .F. ) ;
#754 = EDGE_CURVE ( 'NONE', #686, #1510, #1484, .T. ) ;
#755 = DIRECTION ( 'NONE',  ( 0.000000000000000000, 0.000000000000000000, 1.000000000000000000 ) ) ;
#756 = DIRECTION ( 'NONE',  ( 0.000000000000000000, 0.000000000000000000, 1.000000000000000000 ) ) ;
#757 = ORIENTED_EDGE ( 'NONE', *, *, #1505, .F. ) ;
#758 = DIRECTION ( 'NONE',  ( -1.000000000000000000, -0.000000000000000000, -0.000000000000000000 ) ) ;
#759 = ORIENTED_EDGE ( 'NONE', *, *, #210, .T. ) ;
#760 = EDGE_CURVE ( 'NONE', #463, #911, #1328, .T. ) ;
#761 = LINE ( 'NONE', #123, #1135 ) ;
#762 = ORIENTED_EDGE ( 'NONE', *, *, #202, .F. ) ;
#763 = CYLINDRICAL_SURFACE ( 'NONE', #631, 5.499999999999998224 ) ;
#764 = LINE ( 'NONE', #1222, #117 ) ;
#765 = ORIENTED_EDGE ( 'NONE', *, *, #1080, .T. ) ;
#766 = LINE ( 'NONE', #1488, #1530 ) ;
#767 = DIRECTION ( 'NONE',  ( 0.000000000000000000, 0.000000000000000000, -1.000000000000000000 ) ) ;
#768 = DIRECTION ( 'NONE',  ( 0.7071067811865500152, 8.659560562354903276E-17, 0.7071067811865451302 ) ) ;
#769 = ORIENTED_EDGE ( 'NONE', *, *, #1353, .F. ) ;
#770 = DIRECTION ( 'NONE',  ( 0.000000000000000000, 0.000000000000000000, -1.000000000000000000 ) ) ;
#771 = EDGE_LOOP ( 'NONE', ( #1027, #641, #876, #1335 ) ) ;
#772 = ORIENTED_EDGE ( 'NONE', *, *, #1165, .T. ) ;
#773 = AXIS2_PLACEMENT_3D ( 'NONE', #1381, #1025, #904 ) ;
#774 = VERTEX_POINT ( 'NONE', #573 ) ;
#775 = VECTOR ( 'NONE', #250, 1000.000000000000000 ) ;
#776 = AXIS2_PLACEMENT_3D ( 'NONE', #813, #1517, #1298 ) ;
#777 = FACE_OUTER_BOUND ( 'NONE', #220, .T. ) ;
#778 = CIRCLE ( 'NONE', #1283, 5.499999999999998224 ) ;
#779 = DIRECTION ( 'NONE',  ( 0.000000000000000000, 0.000000000000000000, -1.000000000000000000 ) ) ;
#780 = CARTESIAN_POINT ( 'NONE',  ( 18.00000000000000355, 22.49999999999990763, -33.47114317029979702 ) ) ;
#781 = ORIENTED_EDGE ( 'NONE', *, *, #47, .T. ) ;
#782 = FACE_OUTER_BOUND ( 'NONE', #1140, .T. ) ;
#783 = VERTEX_POINT ( 'NONE', #819 ) ;
#784 = CARTESIAN_POINT ( 'NONE',  ( 30.00000000000000355, 45.00000000000000000, -3.299999999999997158 ) ) ;
#785 = CARTESIAN_POINT ( 'NONE',  ( 1.000000000000007994, 3.980102097228898626E-15, -32.50000000000000000 ) ) ;
#786 = LINE ( 'NONE', #1479, #1187 ) ;
#787 = ADVANCED_FACE ( 'NONE', ( #104 ), #1409, .F. ) ;
#788 = DIRECTION ( 'NONE',  ( -1.000000000000000000, -0.000000000000000000, -0.000000000000000000 ) ) ;
#789 = EDGE_LOOP ( 'NONE', ( #1424, #170 ) ) ;
#790 = EDGE_CURVE ( 'NONE', #656, #1194, #993, .T. ) ;
#791 = CARTESIAN_POINT ( 'NONE',  ( 30.00000000000000355, 45.00000000000000000, 3.299999999999997158 ) ) ;
#792 = LINE ( 'NONE', #1005, #1397 ) ;
#793 = CARTESIAN_POINT ( 'NONE',  ( 4.898587196589412829E-16, 0.000000000000000000, 28.50000000000000000 ) ) ;
#794 = DIRECTION ( 'NONE',  ( 0.000000000000000000, 0.000000000000000000, 1.000000000000000000 ) ) ;
#795 = EDGE_LOOP ( 'NONE', ( #523, #329 ) ) ;
#796 = DESIGN_CONTEXT ( 'detailed design', #29, 'design' ) ;
#797 = VERTEX_POINT ( 'NONE', #1058 ) ;
#798 = FACE_BOUND ( 'NONE', #1389, .T. ) ;
#799 = ADVANCED_FACE ( 'NONE', ( #1522 ), #940, .F. ) ;
#800 = AXIS2_PLACEMENT_3D ( 'NONE', #928, #690, #588 ) ;
#801 = PLANE ( 'NONE',  #1236 ) ;
#802 = VECTOR ( 'NONE', #1154, 1000.000000000000000 ) ;
#803 = CARTESIAN_POINT ( 'NONE',  ( 18.00000000000000355, -22.49999999999963762, 44.47114317029994623 ) ) ;
#804 = AXIS2_PLACEMENT_3D ( 'NONE', #1463, #1226, #1111 ) ;
#805 = DIRECTION ( 'NONE',  ( 0.000000000000000000, 0.000000000000000000, 1.000000000000000000 ) ) ;
#806 = EDGE_LOOP ( 'NONE', ( #1445, #150, #444, #1493 ) ) ;
#807 = EDGE_CURVE ( 'NONE', #1055, #999, #470, .T. ) ;
#808 = DIRECTION ( 'NONE',  ( 0.000000000000000000, 0.000000000000000000, 1.000000000000000000 ) ) ;
#809 = DIRECTION ( 'NONE',  ( 0.000000000000000000, 0.000000000000000000, 1.000000000000000000 ) ) ;
#810 = CARTESIAN_POINT ( 'NONE',  ( 12.00000000000000178, 4.714890176717309515E-15, 38.50000000000000000 ) ) ;
#811 = ORIENTED_EDGE ( 'NONE', *, *, #740, .F. ) ;
#812 = FACE_BOUND ( 'NONE', #1189, .T. ) ;
#813 = CARTESIAN_POINT ( 'NONE',  ( 30.00000000000000355, 22.50000000000045475, 38.97114317029947728 ) ) ;
#814 = EDGE_CURVE ( 'NONE', #853, #888, #92, .T. ) ;
#815 = ADVANCED_FACE ( 'NONE', ( #1400 ), #454, .F. ) ;
#816 = EDGE_LOOP ( 'NONE', ( #337, #646 ) ) ;
#817 = DIRECTION ( 'NONE',  ( 0.000000000000000000, 0.000000000000000000, 1.000000000000000000 ) ) ;
#818 = CIRCLE ( 'NONE', #579, 5.499999999999998224 ) ;
#819 = CARTESIAN_POINT ( 'NONE',  ( 2.449293598294702470E-16, 0.000000000000000000, -31.50000000000000000 ) ) ;
#820 = CIRCLE ( 'NONE', #653, 3.299999999999997158 ) ;
#821 = VERTEX_POINT ( 'NONE', #345 ) ;
#822 = VECTOR ( 'NONE', #837, 1000.000000000000000 ) ;
#823 = AXIS2_PLACEMENT_3D ( 'NONE', #1124, #307, #1490 ) ;
#824 = COORDINATED_UNIVERSAL_TIME_OFFSET ( 1, 0, .AHEAD. ) ;
#825 = CIRCLE ( 'NONE', #1331, 5.499999999999998224 ) ;
#826 = FACE_BOUND ( 'NONE', #1225, .T. ) ;
#827 = EDGE_LOOP ( 'NONE', ( #534, #781 ) ) ;
#828 = ORIENTED_EDGE ( 'NONE', *, *, #567, .F. ) ;
#829 = CARTESIAN_POINT ( 'NONE',  ( 0.000000000000000000, 0.000000000000000000, 0.000000000000000000 ) ) ;
#830 = DIRECTION ( 'NONE',  ( 0.000000000000000000, 0.000000000000000000, 1.000000000000000000 ) ) ;
#831 = ORIENTED_EDGE ( 'NONE', *, *, #210, .F. ) ;
#832 = PERSON_AND_ORGANIZATION ( #1465, #216 ) ;
#833 = EDGE_CURVE ( 'NONE', #85, #343, #1269, .T. ) ;
#834 = FACE_BOUND ( 'NONE', #208, .T. ) ;
#835 = EDGE_LOOP ( 'NONE', ( #1324, #1109, #1535, #394 ) ) ;
#836 = FACE_BOUND ( 'NONE', #437, .T. ) ;
#837 = DIRECTION ( 'NONE',  ( -1.000000000000000000, -0.000000000000000000, -0.000000000000000000 ) ) ;
#838 = FACE_OUTER_BOUND ( 'NONE', #665, .T. ) ;
#839 = APPROVAL_DATE_TIME ( #368, #1412 ) ;
#840 = FACE_OUTER_BOUND ( 'NONE', #603, .T. ) ;
#841 = VERTEX_POINT ( 'NONE', #1047 ) ;
#842 = ORIENTED_EDGE ( 'NONE', *, *, #75, .T. ) ;
#843 = EDGE_LOOP ( 'NONE', ( #704, #677, #12, #82 ) ) ;
#844 = FACE_OUTER_BOUND ( 'NONE', #1250, .T. ) ;
#845 = EDGE_CURVE ( 'NONE', #743, #1394, #1159, .T. ) ;
#846 = APPROVAL_PERSON_ORGANIZATION ( #1171, #276, #1081 ) ;
#847 = CARTESIAN_POINT ( 'NONE',  ( 2.000000000000000888, 0.000000000000000000, 0.000000000000000000 ) ) ;
#848 = CARTESIAN_POINT ( 'NONE',  ( 0.000000000000000000, 0.000000000000000000, 0.000000000000000000 ) ) ;
#849 = CIRCLE ( 'NONE', #921, 3.299999999999997158 ) ;
#850 = CIRCLE ( 'NONE', #751, 22.00000000000000000 ) ;
#851 = CARTESIAN_POINT ( 'NONE',  ( 18.00000000000000355, 22.49999999999990763, -38.97114317029978992 ) ) ;
#852 = AXIS2_PLACEMENT_3D ( 'NONE', #851, #127, #369 ) ;
#853 = VERTEX_POINT ( 'NONE', #98 ) ;
#854 = ADVANCED_FACE ( 'NONE', ( #589 ), #1303, .F. ) ;
#855 = CARTESIAN_POINT ( 'NONE',  ( 30.00000000000000355, -22.50000000000018474, -42.27114317029963786 ) ) ;
#856 = VERTEX_POINT ( 'NONE', #36 ) ;
#857 = DIRECTION ( 'NONE',  ( -1.000000000000000000, -0.000000000000000000, -0.000000000000000000 ) ) ;
#858 = FACE_BOUND ( 'NONE', #1201, .T. ) ;
#859 = ORIENTED_EDGE ( 'NONE', *, *, #790, .F. ) ;
#860 = DIRECTION ( 'NONE',  ( -1.000000000000000000, -0.000000000000000000, -0.000000000000000000 ) ) ;
#861 = CC_DESIGN_DATE_AND_TIME_ASSIGNMENT ( #215, #1179, ( #404 ) ) ;
#862 = VERTEX_POINT ( 'NONE', #738 ) ;
#863 = CARTESIAN_POINT ( 'NONE',  ( 30.00000000000000355, -22.49999999999963762, 38.97114317029994623 ) ) ;
#864 = FACE_OUTER_BOUND ( 'NONE', #431, .T. ) ;
#865 = EDGE_CURVE ( 'NONE', #577, #1055, #120, .T. ) ;
#866 = ORIENTED_EDGE ( 'NONE', *, *, #480, .F. ) ;
#867 = ORIENTED_EDGE ( 'NONE', *, *, #1031, .T. ) ;
#868 = CARTESIAN_POINT ( 'NONE',  ( 30.00000000000000355, -45.00000000000000000, 0.000000000000000000 ) ) ;
#869 = ORIENTED_EDGE ( 'NONE', *, *, #259, .T. ) ;
#870 = CARTESIAN_POINT ( 'NONE',  ( 24.40000000000000213, -22.50000000000018474, -42.27114317029963786 ) ) ;
#871 = ORIENTED_EDGE ( 'NONE', *, *, #1353, .T. ) ;
#872 = EDGE_CURVE ( 'NONE', #736, #1242, #1220, .T. ) ;
#873 = VECTOR ( 'NONE', #1038, 1000.000000000000000 ) ;
#874 = DIRECTION ( 'NONE',  ( 1.000000000000000000, 0.000000000000000000, 0.000000000000000000 ) ) ;
#875 = CIRCLE ( 'NONE', #1160, 32.50000000000000000 ) ;
#876 = ORIENTED_EDGE ( 'NONE', *, *, #1183, .T. ) ;
#877 = EDGE_CURVE ( 'NONE', #577, #682, #624, .T. ) ;
#878 = CIRCLE ( 'NONE', #195, 3.299999999999997158 ) ;
#879 = DIRECTION ( 'NONE',  ( 0.000000000000000000, 0.000000000000000000, 1.000000000000000000 ) ) ;
#880 = DIRECTION ( 'NONE',  ( -1.000000000000000000, -0.000000000000000000, -0.000000000000000000 ) ) ;
#881 = ORIENTED_EDGE ( 'NONE', *, *, #1100, .F. ) ;
#882 = CARTESIAN_POINT ( 'NONE',  ( 30.00000000000000000, 0.000000000000000000, 60.00000000000000000 ) ) ;
#883 = CC_DESIGN_PERSON_AND_ORGANIZATION_ASSIGNMENT ( #499, #360, ( #166 ) ) ;
#884 = ORIENTED_EDGE ( 'NONE', *, *, #946, .F. ) ;
#885 = EDGE_CURVE ( 'NONE', #1332, #689, #503, .T. ) ;
#886 = DIRECTION ( 'NONE',  ( -1.000000000000000000, -0.000000000000000000, -0.000000000000000000 ) ) ;
#887 = CARTESIAN_POINT ( 'NONE',  ( 18.00000000000000355, 45.00000000000000000, -5.499999999999994671 ) ) ;
#888 = VERTEX_POINT ( 'NONE', #522 ) ;
#889 = FACE_OUTER_BOUND ( 'NONE', #341, .T. ) ;
#890 = FACE_OUTER_BOUND ( 'NONE', #1475, .T. ) ;
#891 = EDGE_LOOP ( 'NONE', ( #1416, #229 ) ) ;
#892 = CARTESIAN_POINT ( 'NONE',  ( 18.00000000000000355, -22.50000000000018474, -38.97114317029964070 ) ) ;
#893 = DIRECTION ( 'NONE',  ( 1.000000000000000000, 0.000000000000000000, 0.000000000000000000 ) ) ;
#894 = CARTESIAN_POINT ( 'NONE',  ( 18.00000000000000355, 4.714890176717308726E-15, 38.50000000000000000 ) ) ;
#895 = DIRECTION ( 'NONE',  ( -1.000000000000000000, -0.000000000000000000, -0.000000000000000000 ) ) ;
#896 = VERTEX_POINT ( 'NONE', #855 ) ;
#897 = LOCAL_TIME ( 15, 52, 15.00000000000000000, #492 ) ;
#898 = AXIS2_PLACEMENT_3D ( 'NONE', #978, #1078, #129 ) ;
#899 = DIRECTION ( 'NONE',  ( 0.000000000000000000, 0.000000000000000000, 1.000000000000000000 ) ) ;
#900 = EDGE_CURVE ( 'NONE', #85, #1332, #1428, .T. ) ;
#901 = DIRECTION ( 'NONE',  ( 0.000000000000000000, 0.000000000000000000, 1.000000000000000000 ) ) ;
#902 = CARTESIAN_POINT ( 'NONE',  ( 18.00000000000000355, 0.000000000000000000, 0.000000000000000000 ) ) ;
#903 = AXIS2_PLACEMENT_3D ( 'NONE', #1326, #15, #385 ) ;
#904 = DIRECTION ( 'NONE',  ( 0.000000000000000000, 0.000000000000000000, 1.000000000000000000 ) ) ;
#905 = ORIENTED_EDGE ( 'NONE', *, *, #1003, .T. ) ;
#906 = PRODUCT ( 'Bauteil_F', 'Bauteil_F', '', ( #732 ) ) ;
#907 = CARTESIAN_POINT ( 'NONE',  ( 30.00000000000000355, -45.00000000000000000, 3.299999999999997158 ) ) ;
#908 = DIRECTION ( 'NONE',  ( -1.000000000000000000, -0.000000000000000000, -0.000000000000000000 ) ) ;
#909 = DIRECTION ( 'NONE',  ( 0.000000000000000000, 0.000000000000000000, 1.000000000000000000 ) ) ;
#910 = DIRECTION ( 'NONE',  ( 0.000000000000000000, 0.000000000000000000, 1.000000000000000000 ) ) ;
#911 = VERTEX_POINT ( 'NONE', #985 ) ;
#912 = ADVANCED_FACE ( 'NONE', ( #269 ), #249, .T. ) ;
#913 = ORIENTED_EDGE ( 'NONE', *, *, #1149, .F. ) ;
#914 = DIRECTION ( 'NONE',  ( -1.000000000000000000, -0.000000000000000000, -0.000000000000000000 ) ) ;
#915 = FACE_BOUND ( 'NONE', #795, .T. ) ;
#916 = CYLINDRICAL_SURFACE ( 'NONE', #1304, 3.299999999999997158 ) ;
#917 = CARTESIAN_POINT ( 'NONE',  ( 2.000000000000000444, 0.000000000000000000, 28.50000000000000000 ) ) ;
#918 = EDGE_CURVE ( 'NONE', #1084, #689, #374, .T. ) ;
#919 = ORIENTED_EDGE ( 'NONE', *, *, #1458, .F. ) ;
#920 = ORIENTED_EDGE ( 'NONE', *, *, #1435, .F. ) ;
#921 = AXIS2_PLACEMENT_3D ( 'NONE', #209, #693, #1156 ) ;
#922 = AXIS2_PLACEMENT_3D ( 'NONE', #1118, #1240, #447 ) ;
#923 = DIRECTION ( 'NONE',  ( -1.000000000000000000, -0.000000000000000000, -0.000000000000000000 ) ) ;
#924 = CARTESIAN_POINT ( 'NONE',  ( 18.00000000000000355, 22.50000000000045475, 38.97114317029947728 ) ) ;
#925 = AXIS2_PLACEMENT_3D ( 'NONE', #847, #997, #1431 ) ;
#926 = DIRECTION ( 'NONE',  ( -1.000000000000000000, -0.000000000000000000, -0.000000000000000000 ) ) ;
#927 = ORIENTED_EDGE ( 'NONE', *, *, #179, .F. ) ;
#928 = CARTESIAN_POINT ( 'NONE',  ( 24.40000000000000213, 25.80000000000045191, 38.97114317029947728 ) ) ;
#929 = CARTESIAN_POINT ( 'NONE',  ( 18.00000000000000355, -22.50000000000018474, -38.97114317029964070 ) ) ;
#930 = CONICAL_SURFACE ( 'NONE', #1439, 31.50000000000000000, 0.7853981633974447263 ) ;
#931 = COORDINATED_UNIVERSAL_TIME_OFFSET ( 1, 0, .AHEAD. ) ;
#932 = ORIENTED_EDGE ( 'NONE', *, *, #600, .T. ) ;
#933 = DIRECTION ( 'NONE',  ( -1.000000000000000000, -0.000000000000000000, -0.000000000000000000 ) ) ;
#934 = DIRECTION ( 'NONE',  ( 0.000000000000000000, 0.000000000000000000, 1.000000000000000000 ) ) ;
#935 = VERTEX_POINT ( 'NONE', #964 ) ;
#936 = CARTESIAN_POINT ( 'NONE',  ( 12.00000000000000178, 0.000000000000000000, 32.50000000000000000 ) ) ;
#937 = ORIENTED_EDGE ( 'NONE', *, *, #1165, .F. ) ;
#938 = DIRECTION ( 'NONE',  ( 0.000000000000000000, 0.000000000000000000, -1.000000000000000000 ) ) ;
#939 = AXIS2_PLACEMENT_3D ( 'NONE', #1473, #895, #671 ) ;
#940 = CYLINDRICAL_SURFACE ( 'NONE', #300, 3.299999999999997158 ) ;
#941 = ORIENTED_EDGE ( 'NONE', *, *, #421, .F. ) ;
#942 = ADVANCED_FACE ( 'NONE', ( #153 ), #135, .T. ) ;
#943 = ORIENTED_EDGE ( 'NONE', *, *, #1509, .T. ) ;
#944 = AXIS2_PLACEMENT_3D ( 'NONE', #1312, #880, #739 ) ;
#945 = APPROVAL_DATE_TIME ( #10, #971 ) ;
#946 = EDGE_CURVE ( 'NONE', #1152, #1363, #1396, .T. ) ;
#947 = CIRCLE ( 'NONE', #632, 22.00000000000000000 ) ;
#948 = DIRECTION ( 'NONE',  ( -1.000000000000000000, -0.000000000000000000, -0.000000000000000000 ) ) ;
#949 = VERTEX_POINT ( 'NONE', #1091 ) ;
#950 = FACE_OUTER_BOUND ( 'NONE', #1127, .T. ) ;
#951 = CARTESIAN_POINT ( 'NONE',  ( 30.00000000000000355, 2.694222958124176809E-15, -22.00000000000000000 ) ) ;
#952 = FACE_OUTER_BOUND ( 'NONE', #105, .T. ) ;
#953 = CARTESIAN_POINT ( 'NONE',  ( 2.000000000000000888, 2.939152317953648683E-15, -24.00000000000000711 ) ) ;
#954 = VERTEX_POINT ( 'NONE', #634 ) ;
#955 = ADVANCED_FACE ( 'NONE', ( #844 ), #459, .T. ) ;
#956 = VERTEX_POINT ( 'NONE', #30 ) ;
#957 = DIRECTION ( 'NONE',  ( 0.000000000000000000, 0.000000000000000000, -1.000000000000000000 ) ) ;
#958 = DIRECTION ( 'NONE',  ( -1.000000000000000000, -0.000000000000000000, -0.000000000000000000 ) ) ;
#959 = VERTEX_POINT ( 'NONE', #1436 ) ;
#960 = APPROVAL_ROLE ( '' ) ;
#961 = CARTESIAN_POINT ( 'NONE',  ( 0.000000000000000000, 3.980102097228898626E-15, -32.50000000000000000 ) ) ;
#962 = EDGE_CURVE ( 'NONE', #959, #956, #1511, .T. ) ;
#963 = EDGE_LOOP ( 'NONE', ( #1406, #859 ) ) ;
#964 = CARTESIAN_POINT ( 'NONE',  ( 18.00000000000000355, 45.00000000000000000, -5.499999999999991118 ) ) ;
#965 = AXIS2_PLACEMENT_3D ( 'NONE', #1113, #1121, #387 ) ;
#966 = DIRECTION ( 'NONE',  ( -1.000000000000000000, -0.000000000000000000, -0.000000000000000000 ) ) ;
#967 = AXIS2_PLACEMENT_3D ( 'NONE', #1053, #1066, #830 ) ;
#968 = CARTESIAN_POINT ( 'NONE',  ( 18.00000000000000355, -22.49999999999963762, 42.27114317029994339 ) ) ;
#969 = VECTOR ( 'NONE', #42, 1000.000000000000000 ) ;
#970 = ORIENTED_EDGE ( 'NONE', *, *, #214, .F. ) ;
#971 = APPROVAL ( #342, 'UNSPECIFIED' ) ;
#972 = DIRECTION ( 'NONE',  ( -1.000000000000000000, -0.000000000000000000, -0.000000000000000000 ) ) ;
#973 = EDGE_LOOP ( 'NONE', ( #244, #735, #118, #920 ) ) ;
#974 = DIRECTION ( 'NONE',  ( 0.000000000000000000, 0.000000000000000000, -1.000000000000000000 ) ) ;
#975 = EDGE_CURVE ( 'NONE', #736, #6, #850, .T. ) ;
#976 = CARTESIAN_POINT ( 'NONE',  ( 0.000000000000000000, 0.000000000000000000, 0.000000000000000000 ) ) ;
#977 = EDGE_LOOP ( 'NONE', ( #1131, #1075, #757, #769 ) ) ;
#978 = CARTESIAN_POINT ( 'NONE',  ( 18.00000000000000355, 22.49999999999990763, -38.97114317029978992 ) ) ;
#979 = EDGE_CURVE ( 'NONE', #39, #856, #761, .T. ) ;
#980 = EDGE_LOOP ( 'NONE', ( #338, #919, #1437, #27 ) ) ;
#981 = DIRECTION ( 'NONE',  ( -1.000000000000000000, -0.000000000000000000, -0.000000000000000000 ) ) ;
#982 = ORIENTED_EDGE ( 'NONE', *, *, #642, .T. ) ;
#983 = DIRECTION ( 'NONE',  ( -1.000000000000000000, -0.000000000000000000, -0.000000000000000000 ) ) ;
#984 = ORIENTED_EDGE ( 'NONE', *, *, #754, .T. ) ;
#985 = CARTESIAN_POINT ( 'NONE',  ( 24.40000000000000213, 22.49999999999990763, -35.67114317029979276 ) ) ;
#986 = CARTESIAN_POINT ( 'NONE',  ( 18.00000000000000355, -22.50000000000018474, -33.47114317029964070 ) ) ;
#987 = EDGE_CURVE ( 'NONE', #1182, #633, #484, .T. ) ;
#988 = CIRCLE ( 'NONE', #1185, 5.499999999999998224 ) ;
#989 = EDGE_CURVE ( 'NONE', #715, #476, #168, .T. ) ;
#990 = DIRECTION ( 'NONE',  ( -1.000000000000000000, -0.000000000000000000, -0.000000000000000000 ) ) ;
#991 = AXIS2_PLACEMENT_3D ( 'NONE', #601, #695, #817 ) ;
#992 = ORIENTED_EDGE ( 'NONE', *, *, #47, .F. ) ;
#993 = CIRCLE ( 'NONE', #630, 5.499999999999998224 ) ;
#994 = AXIS2_PLACEMENT_3D ( 'NONE', #263, #257, #1212 ) ;
#995 = DIRECTION ( 'NONE',  ( -1.000000000000000000, -0.000000000000000000, -0.000000000000000000 ) ) ;
#996 = ORIENTED_EDGE ( 'NONE', *, *, #248, .F. ) ;
#997 = DIRECTION ( 'NONE',  ( 1.000000000000000000, 0.000000000000000000, 0.000000000000000000 ) ) ;
#998 = CARTESIAN_POINT ( 'NONE',  ( 24.40000000000000213, -22.49999999999963762, 38.97114317029994623 ) ) ;
#999 = VERTEX_POINT ( 'NONE', #312 ) ;
#1000 = CARTESIAN_POINT ( 'NONE',  ( 24.40000000000000213, 48.29999999999999716, 0.000000000000000000 ) ) ;
#1001 = VERTEX_POINT ( 'NONE', #784 ) ;
#1002 = CLOSED_SHELL ( 'NONE', ( #61, #2, #576, #302, #815, #604, #17, #383, #296, #333, #1276, #594, #1367, #1500, #1039, #1302, #912, #502, #787, #491, #544, #1470, #451, #1275, #412, #854, #1188, #942, #676, #1246, #647, #1205, #1142, #141, #799, #330, #705, #1088, #1383, #692, #556, #1176, #1056, #586, #467, #139, #1243, #386, #955, #516 ) ) ;
#1003 = EDGE_CURVE ( 'NONE', #1152, #1301, #766, .T. ) ;
#1004 = DIRECTION ( 'NONE',  ( -1.000000000000000000, -0.000000000000000000, -0.000000000000000000 ) ) ;
#1005 = CARTESIAN_POINT ( 'NONE',  ( 4.000000000000002665, 0.000000000000000000, 22.00000000000000000 ) ) ;
#1006 = DIRECTION ( 'NONE',  ( -1.000000000000000000, -0.000000000000000000, -0.000000000000000000 ) ) ;
#1007 = FACE_OUTER_BOUND ( 'NONE', #806, .T. ) ;
#1008 = EDGE_LOOP ( 'NONE', ( #389, #495, #158, #198 ) ) ;
#1009 = VERTEX_POINT ( 'NONE', #791 ) ;
#1010 = EDGE_CURVE ( 'NONE', #1009, #18, #1224, .T. ) ;
#1011 = CARTESIAN_POINT ( 'NONE',  ( 18.00000000000000355, 0.000000000000000000, -57.00000000000002132 ) ) ;
#1012 = CARTESIAN_POINT ( 'NONE',  ( 2.449293598294702470E-16, 3.918869757271531052E-15, 31.50000000000000000 ) ) ;
#1013 = DIRECTION ( 'NONE',  ( -1.000000000000000000, -0.000000000000000000, -0.000000000000000000 ) ) ;
#1014 = CARTESIAN_POINT ( 'NONE',  ( 24.40000000000000213, 22.49999999999990763, -38.97114317029978992 ) ) ;
#1015 = VERTEX_POINT ( 'NONE', #306 ) ;
#1016 = AXIS2_PLACEMENT_3D ( 'NONE', #687, #584, #910 ) ;
#1017 = CIRCLE ( 'NONE', #93, 22.00000000000000000 ) ;
#1018 = AXIS2_PLACEMENT_3D ( 'NONE', #143, #958, #1451 ) ;
#1019 = CIRCLE ( 'NONE', #485, 57.00000000000002132 ) ;
#1020 = CYLINDRICAL_SURFACE ( 'NONE', #487, 5.499999999999998224 ) ;
#1021 = CIRCLE ( 'NONE', #1216, 31.50000000000000000 ) ;
#1022 = DIRECTION ( 'NONE',  ( 1.000000000000000000, 0.000000000000000000, 0.000000000000000000 ) ) ;
#1023 = CARTESIAN_POINT ( 'NONE',  ( 30.00000000000000355, 22.50000000000045475, 38.97114317029947728 ) ) ;
#1024 = EDGE_CURVE ( 'NONE', #1208, #18, #878, .T. ) ;
#1025 = DIRECTION ( 'NONE',  ( -1.000000000000000000, -0.000000000000000000, -0.000000000000000000 ) ) ;
#1026 = DIRECTION ( 'NONE',  ( -1.000000000000000000, -0.000000000000000000, -0.000000000000000000 ) ) ;
#1027 = ORIENTED_EDGE ( 'NONE', *, *, #63, .F. ) ;
#1028 = DIRECTION ( 'NONE',  ( 0.000000000000000000, 0.000000000000000000, -1.000000000000000000 ) ) ;
#1029 = DIRECTION ( 'NONE',  ( 0.000000000000000000, 0.000000000000000000, 1.000000000000000000 ) ) ;
#1030 = DIRECTION ( 'NONE',  ( 0.000000000000000000, 0.000000000000000000, 1.000000000000000000 ) ) ;
#1031 = EDGE_CURVE ( 'NONE', #659, #911, #1247, .T. ) ;
#1032 = DIRECTION ( 'NONE',  ( 0.000000000000000000, 0.000000000000000000, 1.000000000000000000 ) ) ;
#1033 = ORIENTED_EDGE ( 'NONE', *, *, #1295, .F. ) ;
#1034 = ORIENTED_EDGE ( 'NONE', *, *, #509, .T. ) ;
#1035 = FACE_OUTER_BOUND ( 'NONE', #891, .T. ) ;
#1036 = DIRECTION ( 'NONE',  ( 0.000000000000000000, 0.000000000000000000, 1.000000000000000000 ) ) ;
#1037 = ORIENTED_EDGE ( 'NONE', *, *, #316, .T. ) ;
#1038 = DIRECTION ( 'NONE',  ( -1.000000000000000000, -0.000000000000000000, -0.000000000000000000 ) ) ;
#1039 = ADVANCED_FACE ( 'NONE', ( #427 ), #50, .F. ) ;
#1040 = AXIS2_PLACEMENT_3D ( 'NONE', #149, #1440, #393 ) ;
#1041 = EDGE_LOOP ( 'NONE', ( #1115, #362, #181, #1260 ) ) ;
#1042 = EDGE_CURVE ( 'NONE', #1001, #1009, #1261, .T. ) ;
#1043 = AXIS2_PLACEMENT_3D ( 'NONE', #8, #621, #1085 ) ;
#1044 = AXIS2_PLACEMENT_3D ( 'NONE', #1418, #496, #957 ) ;
#1045 = DIRECTION ( 'NONE',  ( -1.000000000000000000, -0.000000000000000000, -0.000000000000000000 ) ) ;
#1046 = VECTOR ( 'NONE', #718, 1000.000000000000000 ) ;
#1047 = CARTESIAN_POINT ( 'NONE',  ( 18.00000000000000355, -22.50000000000018474, -44.47114317029964070 ) ) ;
#1048 = ORIENTED_EDGE ( 'NONE', *, *, #567, .T. ) ;
#1049 = ADVANCED_BREP_SHAPE_REPRESENTATION ( 'Bauteil_F', ( #1420, #1453 ), #402 ) ;
#1050 = ORIENTED_EDGE ( 'NONE', *, *, #96, .F. ) ;
#1051 = EDGE_CURVE ( 'NONE', #743, #1357, #320, .T. ) ;
#1052 = CARTESIAN_POINT ( 'NONE',  ( 1.000000000000007994, 0.000000000000000000, 0.000000000000000000 ) ) ;
#1053 = CARTESIAN_POINT ( 'NONE',  ( 18.00000000000000355, 45.00000000000000000, 0.000000000000000000 ) ) ;
#1054 = CARTESIAN_POINT ( 'NONE',  ( 24.40000000000000213, 25.79999999999990479, -38.97114317029978992 ) ) ;
#1055 = VERTEX_POINT ( 'NONE', #907 ) ;
#1056 = ADVANCED_FACE ( 'NONE', ( #777 ), #1020, .F. ) ;
#1057 = DIRECTION ( 'NONE',  ( 0.000000000000000000, 0.000000000000000000, -1.000000000000000000 ) ) ;
#1058 = CARTESIAN_POINT ( 'NONE',  ( 30.00000000000000355, -22.49999999999963762, 42.27114317029994339 ) ) ;
#1059 = ORIENTED_EDGE ( 'NONE', *, *, #1524, .F. ) ;
#1060 = CARTESIAN_POINT ( 'NONE',  ( 30.00000000000000355, 0.000000000000000000, 22.00000000000000000 ) ) ;
#1061 = DATE_TIME_ROLE ( 'creation_date' ) ;
#1062 = LINE ( 'NONE', #1073, #585 ) ;
#1063 = EDGE_LOOP ( 'NONE', ( #146, #1407, #334, #1050 ) ) ;
#1064 = DIRECTION ( 'NONE',  ( 0.000000000000000000, 0.000000000000000000, -1.000000000000000000 ) ) ;
#1065 = CIRCLE ( 'NONE', #939, 5.499999999999998224 ) ;
#1066 = DIRECTION ( 'NONE',  ( -1.000000000000000000, -0.000000000000000000, -0.000000000000000000 ) ) ;
#1067 = EDGE_LOOP ( 'NONE', ( #56, #1474 ) ) ;
#1068 = CARTESIAN_POINT ( 'NONE',  ( 30.00000000000000355, -22.50000000000018474, -35.67114317029964354 ) ) ;
#1069 = VECTOR ( 'NONE', #674, 1000.000000000000000 ) ;
#1070 = AXIS2_PLACEMENT_3D ( 'NONE', #572, #184, #1029 ) ;
#1071 = PERSON_AND_ORGANIZATION ( #1465, #216 ) ;
#1072 = EDGE_CURVE ( 'NONE', #49, #954, #221, .T. ) ;
#1073 = CARTESIAN_POINT ( 'NONE',  ( 18.00000000000000355, -22.50000000000018474, -44.47114317029964070 ) ) ;
#1074 = ORIENTED_EDGE ( 'NONE', *, *, #1231, .F. ) ;
#1075 = ORIENTED_EDGE ( 'NONE', *, *, #918, .T. ) ;
#1076 = ORIENTED_EDGE ( 'NONE', *, *, #1231, .T. ) ;
#1077 = CYLINDRICAL_SURFACE ( 'NONE', #1281, 3.299999999999997158 ) ;
#1078 = DIRECTION ( 'NONE',  ( -1.000000000000000000, -0.000000000000000000, -0.000000000000000000 ) ) ;
#1079 = VERTEX_POINT ( 'NONE', #1011 ) ;
#1080 = EDGE_CURVE ( 'NONE', #39, #896, #25, .T. ) ;
#1081 = APPROVAL_ROLE ( '' ) ;
#1082 = AXIS2_PLACEMENT_3D ( 'NONE', #1291, #569, #1525 ) ;
#1083 = DIRECTION ( 'NONE',  ( 0.000000000000000000, 0.000000000000000000, 1.000000000000000000 ) ) ;
#1084 = VERTEX_POINT ( 'NONE', #654 ) ;
#1085 = DIRECTION ( 'NONE',  ( 0.000000000000000000, 0.000000000000000000, 1.000000000000000000 ) ) ;
#1086 = LINE ( 'NONE', #648, #775 ) ;
#1087 = LINE ( 'NONE', #968, #1046 ) ;
#1088 = ADVANCED_FACE ( 'NONE', ( #551 ), #1239, .F. ) ;
#1089 = ORIENTED_EDGE ( 'NONE', *, *, #628, .T. ) ;
#1090 = EDGE_CURVE ( 'NONE', #911, #463, #702, .T. ) ;
#1091 = CARTESIAN_POINT ( 'NONE',  ( 24.40000000000000213, -22.49999999999963762, 44.47114317029994623 ) ) ;
#1092 = CIRCLE ( 'NONE', #1481, 5.499999999999998224 ) ;
#1093 = DIRECTION ( 'NONE',  ( 1.000000000000000000, 0.000000000000000000, 0.000000000000000000 ) ) ;
#1094 = AXIS2_PLACEMENT_3D ( 'NONE', #366, #698, #593 ) ;
#1095 = CIRCLE ( 'NONE', #922, 5.999999999999998224 ) ;
#1096 = CARTESIAN_POINT ( 'NONE',  ( 24.40000000000000213, -22.49999999999963762, 35.67114317029994908 ) ) ;
#1097 = AXIS2_PLACEMENT_3D ( 'NONE', #1253, #446, #899 ) ;
#1098 = ORIENTED_EDGE ( 'NONE', *, *, #419, .T. ) ;
#1099 = DIRECTION ( 'NONE',  ( 0.000000000000000000, 0.000000000000000000, 1.000000000000000000 ) ) ;
#1100 = EDGE_CURVE ( 'NONE', #1242, #590, #947, .T. ) ;
#1101 = LINE ( 'NONE', #32, #271 ) ;
#1102 = DIRECTION ( 'NONE',  ( 0.000000000000000000, 0.000000000000000000, 1.000000000000000000 ) ) ;
#1103 = AXIS2_PLACEMENT_3D ( 'NONE', #1401, #605, #498 ) ;
#1104 = ORIENTED_EDGE ( 'NONE', *, *, #619, .F. ) ;
#1105 = EDGE_CURVE ( 'NONE', #1178, #476, #413, .T. ) ;
#1106 = CARTESIAN_POINT ( 'NONE',  ( 18.00000000000000355, -45.00000000000000000, -3.299999999999997158 ) ) ;
#1107 = CARTESIAN_POINT ( 'NONE',  ( 24.40000000000000213, -22.49999999999963762, 38.97114317029994623 ) ) ;
#1108 = DIRECTION ( 'NONE',  ( 1.000000000000000000, 0.000000000000000000, 0.000000000000000000 ) ) ;
#1109 = ORIENTED_EDGE ( 'NONE', *, *, #248, .T. ) ;
#1110 = DIRECTION ( 'NONE',  ( -1.000000000000000000, 0.000000000000000000, 0.000000000000000000 ) ) ;
#1111 = DIRECTION ( 'NONE',  ( 0.000000000000000000, 0.000000000000000000, 1.000000000000000000 ) ) ;
#1112 = AXIS2_PLACEMENT_3D ( 'NONE', #1256, #788, #194 ) ;
#1113 = CARTESIAN_POINT ( 'NONE',  ( 18.00000000000000355, 22.49999999999990763, -38.97114317029978992 ) ) ;
#1114 = VECTOR ( 'NONE', #1387, 1000.000000000000000 ) ;
#1115 = ORIENTED_EDGE ( 'NONE', *, *, #259, .F. ) ;
#1116 = AXIS2_PLACEMENT_3D ( 'NONE', #1444, #395, #517 ) ;
#1117 = DIRECTION ( 'NONE',  ( -1.000000000000000000, -0.000000000000000000, -0.000000000000000000 ) ) ;
#1118 = CARTESIAN_POINT ( 'NONE',  ( 12.00000000000000178, 0.000000000000000000, -38.50000000000000000 ) ) ;
#1119 = DIRECTION ( 'NONE',  ( 0.000000000000000000, 0.000000000000000000, 1.000000000000000000 ) ) ;
#1120 = EDGE_CURVE ( 'NONE', #612, #841, #778, .T. ) ;
#1121 = DIRECTION ( 'NONE',  ( -1.000000000000000000, -0.000000000000000000, -0.000000000000000000 ) ) ;
#1122 = ORIENTED_EDGE ( 'NONE', *, *, #1105, .F. ) ;
#1123 = CARTESIAN_POINT ( 'NONE',  ( 30.00000000000000355, -22.50000000000018474, -38.97114317029964070 ) ) ;
#1124 = CARTESIAN_POINT ( 'NONE',  ( 18.00000000000000355, -45.00000000000000000, 0.000000000000000000 ) ) ;
#1125 = CARTESIAN_POINT ( 'NONE',  ( 18.00000000000000355, -22.50000000000018474, -38.97114317029964070 ) ) ;
#1126 = DIRECTION ( 'NONE',  ( 0.000000000000000000, 0.000000000000000000, 1.000000000000000000 ) ) ;
#1127 = EDGE_LOOP ( 'NONE', ( #866, #543, #1037, #1443 ) ) ;
#1128 = DIRECTION ( 'NONE',  ( -1.000000000000000000, -0.000000000000000000, -0.000000000000000000 ) ) ;
#1129 = EDGE_CURVE ( 'NONE', #774, #1194, #1230, .T. ) ;
#1130 = CARTESIAN_POINT ( 'NONE',  ( 24.40000000000000213, 22.49999999999990763, -38.97114317029978992 ) ) ;
#1131 = ORIENTED_EDGE ( 'NONE', *, *, #199, .F. ) ;
#1132 = LINE ( 'NONE', #803, #1395 ) ;
#1133 = ORIENTED_EDGE ( 'NONE', *, *, #1270, .T. ) ;
#1134 = CIRCLE ( 'NONE', #1327, 3.299999999999997158 ) ;
#1135 = VECTOR ( 'NONE', #1317, 1000.000000000000000 ) ;
#1136 = AXIS2_PLACEMENT_3D ( 'NONE', #321, #1022, #439 ) ;
#1137 = EDGE_CURVE ( 'NONE', #476, #715, #825, .T. ) ;
#1138 = DIRECTION ( 'NONE',  ( -1.000000000000000000, -0.000000000000000000, -0.000000000000000000 ) ) ;
#1139 = VECTOR ( 'NONE', #483, 1000.000000000000114 ) ;
#1140 = EDGE_LOOP ( 'NONE', ( #260, #1315, #1177, #272 ) ) ;
#1141 = FACE_OUTER_BOUND ( 'NONE', #290, .T. ) ;
#1142 = ADVANCED_FACE ( 'NONE', ( #1292, #840 ), #1392, .F. ) ;
#1143 = FACE_OUTER_BOUND ( 'NONE', #1041, .T. ) ;
#1144 = DIRECTION ( 'NONE',  ( 0.000000000000000000, 0.000000000000000000, -1.000000000000000000 ) ) ;
#1145 = LINE ( 'NONE', #77, #336 ) ;
#1146 = EDGE_LOOP ( 'NONE', ( #574, #452 ) ) ;
#1147 = DIRECTION ( 'NONE',  ( 0.000000000000000000, 0.000000000000000000, -1.000000000000000000 ) ) ;
#1148 = CARTESIAN_POINT ( 'NONE',  ( 30.00000000000000355, -45.00000000000000000, -3.299999999999997158 ) ) ;
#1149 = EDGE_CURVE ( 'NONE', #896, #94, #242, .T. ) ;
#1150 = CARTESIAN_POINT ( 'NONE',  ( 24.40000000000000213, 22.49999999999990763, -33.47114317029978992 ) ) ;
#1151 = EDGE_CURVE ( 'NONE', #783, #262, #1021, .T. ) ;
#1152 = VERTEX_POINT ( 'NONE', #936 ) ;
#1153 = CYLINDRICAL_SURFACE ( 'NONE', #433, 22.00000000000000000 ) ;
#1154 = DIRECTION ( 'NONE',  ( -1.000000000000000000, -0.000000000000000000, -0.000000000000000000 ) ) ;
#1155 = ORIENTED_EDGE ( 'NONE', *, *, #346, .F. ) ;
#1156 = DIRECTION ( 'NONE',  ( 0.000000000000000000, 0.000000000000000000, 1.000000000000000000 ) ) ;
#1157 = VECTOR ( 'NONE', #990, 1000.000000000000000 ) ;
#1158 = ORIENTED_EDGE ( 'NONE', *, *, #509, .F. ) ;
#1159 = CIRCLE ( 'NONE', #652, 28.50000000000000000 ) ;
#1160 = AXIS2_PLACEMENT_3D ( 'NONE', #1232, #1512, #1064 ) ;
#1161 = FACE_OUTER_BOUND ( 'NONE', #973, .T. ) ;
#1162 = AXIS2_PLACEMENT_3D ( 'NONE', #1000, #1108, #770 ) ;
#1163 = CARTESIAN_POINT ( 'NONE',  ( 30.00000000000000355, 0.000000000000000000, 0.000000000000000000 ) ) ;
#1164 = CALENDAR_DATE ( 2024, 19, 8 ) ;
#1165 = EDGE_CURVE ( 'NONE', #853, #1015, #11, .T. ) ;
#1166 = EDGE_LOOP ( 'NONE', ( #88, #811, #867, #591 ) ) ;
#1167 = DIRECTION ( 'NONE',  ( -1.000000000000000000, -0.000000000000000000, -0.000000000000000000 ) ) ;
#1168 = CYLINDRICAL_SURFACE ( 'NONE', #353, 5.499999999999994671 ) ;
#1169 = ORIENTED_EDGE ( 'NONE', *, *, #1333, .F. ) ;
#1170 = ORIENTED_EDGE ( 'NONE', *, *, #1515, .T. ) ;
#1171 = PERSON_AND_ORGANIZATION ( #1465, #216 ) ;
#1172 = CARTESIAN_POINT ( 'NONE',  ( 18.00000000000000355, 22.50000000000045475, 44.47114317029947017 ) ) ;
#1173 = ORIENTED_EDGE ( 'NONE', *, *, #1478, .F. ) ;
#1174 = DIRECTION ( 'NONE',  ( 0.000000000000000000, 0.000000000000000000, 1.000000000000000000 ) ) ;
#1175 = DIRECTION ( 'NONE',  ( -1.000000000000000000, -0.000000000000000000, -0.000000000000000000 ) ) ;
#1176 = ADVANCED_FACE ( 'NONE', ( #826, #505 ), #726, .F. ) ;
#1177 = ORIENTED_EDGE ( 'NONE', *, *, #760, .T. ) ;
#1178 = VERTEX_POINT ( 'NONE', #609 ) ;
#1179 = DATE_TIME_ROLE ( 'classification_date' ) ;
#1180 = FACE_BOUND ( 'NONE', #1442, .T. ) ;
#1181 = ORIENTED_EDGE ( 'NONE', *, *, #1263, .F. ) ;
#1182 = VERTEX_POINT ( 'NONE', #79 ) ;
#1183 = EDGE_CURVE ( 'NONE', #797, #240, #1087, .T. ) ;
#1184 = CARTESIAN_POINT ( 'NONE',  ( 18.00000000000000355, 60.00000000000000000, 0.000000000000000000 ) ) ;
#1185 = AXIS2_PLACEMENT_3D ( 'NONE', #400, #636, #1206 ) ;
#1186 = DIRECTION ( 'NONE',  ( 0.000000000000000000, 0.000000000000000000, 1.000000000000000000 ) ) ;
#1187 = VECTOR ( 'NONE', #768, 1000.000000000000114 ) ;
#1188 = ADVANCED_FACE ( 'NONE', ( #361, #1180, #3, #571, #798, #1286, #378, #834 ), #228, .F. ) ;
#1189 = EDGE_LOOP ( 'NONE', ( #160, #233 ) ) ;
#1190 = AXIS2_PLACEMENT_3D ( 'NONE', #868, #21, #755 ) ;
#1191 = AXIS2_PLACEMENT_3D ( 'NONE', #1107, #392, #1221 ) ;
#1192 = PERSON_AND_ORGANIZATION_ROLE ( 'classification_officer' ) ;
#1193 = DIRECTION ( 'NONE',  ( -1.000000000000000000, 0.000000000000000000, -0.000000000000000000 ) ) ;
#1194 = VERTEX_POINT ( 'NONE', #1172 ) ;
#1195 = DIRECTION ( 'NONE',  ( 1.000000000000000000, 0.000000000000000000, 0.000000000000000000 ) ) ;
#1196 = DIRECTION ( 'NONE',  ( 1.000000000000000000, 0.000000000000000000, 0.000000000000000000 ) ) ;
#1197 = PERSON_AND_ORGANIZATION_ROLE ( 'design_owner' ) ;
#1198 = EDGE_CURVE ( 'NONE', #1363, #311, #200, .T. ) ;
#1199 = VECTOR ( 'NONE', #280, 1000.000000000000000 ) ;
#1200 = CARTESIAN_POINT ( 'NONE',  ( 4.000000000000002665, 2.694222958124176809E-15, -22.00000000000000000 ) ) ;
#1201 = EDGE_LOOP ( 'NONE', ( #379, #1059 ) ) ;
#1202 = VERTEX_POINT ( 'NONE', #953 ) ;
#1203 = CARTESIAN_POINT ( 'NONE',  ( 0.000000000000000000, 0.000000000000000000, 0.000000000000000000 ) ) ;
#1204 = DIRECTION ( 'NONE',  ( -1.000000000000000000, -0.000000000000000000, -0.000000000000000000 ) ) ;
#1205 = ADVANCED_FACE ( 'NONE', ( #1405 ), #683, .F. ) ;
#1206 = DIRECTION ( 'NONE',  ( 0.000000000000000000, 0.000000000000000000, 1.000000000000000000 ) ) ;
#1207 = ORIENTED_EDGE ( 'NONE', *, *, #13, .F. ) ;
#1208 = VERTEX_POINT ( 'NONE', #252 ) ;
#1209 = DIRECTION ( 'NONE',  ( 0.000000000000000000, 0.000000000000000000, 1.000000000000000000 ) ) ;
#1210 = EDGE_LOOP ( 'NONE', ( #1514, #224, #1449, #536 ) ) ;
#1211 = CIRCLE ( 'NONE', #773, 28.50000000000000000 ) ;
#1212 = DIRECTION ( 'NONE',  ( 0.000000000000000000, 0.000000000000000000, 1.000000000000000000 ) ) ;
#1213 = AXIS2_PLACEMENT_3D ( 'NONE', #924, #1379, #809 ) ;
#1214 = CIRCLE ( 'NONE', #804, 5.499999999999991118 ) ;
#1215 = DIRECTION ( 'NONE',  ( 0.000000000000000000, 0.000000000000000000, 1.000000000000000000 ) ) ;
#1216 = AXIS2_PLACEMENT_3D ( 'NONE', #1519, #493, #1413 ) ;
#1217 = EDGE_CURVE ( 'NONE', #783, #311, #108, .T. ) ;
#1218 = ORIENTED_EDGE ( 'NONE', *, *, #399, .T. ) ;
#1219 = ORIENTED_EDGE ( 'NONE', *, *, #642, .F. ) ;
#1220 = LINE ( 'NONE', #384, #700 ) ;
#1221 = DIRECTION ( 'NONE',  ( 0.000000000000000000, 0.000000000000000000, 1.000000000000000000 ) ) ;
#1222 = CARTESIAN_POINT ( 'NONE',  ( 18.00000000000000355, 45.00000000000000000, 5.499999999999994671 ) ) ;
#1223 = ORIENTED_EDGE ( 'NONE', *, *, #673, .F. ) ;
#1224 = LINE ( 'NONE', #55, #68 ) ;
#1225 = EDGE_LOOP ( 'NONE', ( #927, #828 ) ) ;
#1226 = DIRECTION ( 'NONE',  ( -1.000000000000000000, -0.000000000000000000, -0.000000000000000000 ) ) ;
#1227 = EDGE_CURVE ( 'NONE', #1245, #124, #382, .T. ) ;
#1228 = CARTESIAN_POINT ( 'NONE',  ( 12.00000000000000178, 3.980102097228898626E-15, -32.50000000000000000 ) ) ;
#1229 = EDGE_LOOP ( 'NONE', ( #1074, #266, #283, #644 ) ) ;
#1230 = LINE ( 'NONE', #164, #1487 ) ;
#1231 = EDGE_CURVE ( 'NONE', #1321, #841, #1062, .T. ) ;
#1232 = CARTESIAN_POINT ( 'NONE',  ( 12.00000000000000178, 0.000000000000000000, 0.000000000000000000 ) ) ;
#1233 = FACE_OUTER_BOUND ( 'NONE', #398, .T. ) ;
#1234 = CARTESIAN_POINT ( 'NONE',  ( 18.00000000000000355, 45.00000000000000000, 0.000000000000000000 ) ) ;
#1235 = CIRCLE ( 'NONE', #270, 3.299999999999997158 ) ;
#1236 = AXIS2_PLACEMENT_3D ( 'NONE', #1264, #201, #684 ) ;
#1237 = ORIENTED_EDGE ( 'NONE', *, *, #833, .T. ) ;
#1238 = AXIS2_PLACEMENT_3D ( 'NONE', #598, #733, #1083 ) ;
#1239 = CYLINDRICAL_SURFACE ( 'NONE', #560, 3.299999999999997158 ) ;
#1240 = DIRECTION ( 'NONE',  ( 0.000000000000000000, -1.000000000000000000, 0.000000000000000000 ) ) ;
#1241 = DIRECTION ( 'NONE',  ( 0.000000000000000000, 0.000000000000000000, 1.000000000000000000 ) ) ;
#1242 = VERTEX_POINT ( 'NONE', #1200 ) ;
#1243 = ADVANCED_FACE ( 'NONE', ( #133 ), #1432, .F. ) ;
#1244 = DIRECTION ( 'NONE',  ( 1.000000000000000000, 0.000000000000000000, 0.000000000000000000 ) ) ;
#1245 = VERTEX_POINT ( 'NONE', #1300 ) ;
#1246 = ADVANCED_FACE ( 'NONE', ( #48, #890 ), #410, .F. ) ;
#1247 = LINE ( 'NONE', #294, #1069 ) ;
#1248 = CARTESIAN_POINT ( 'NONE',  ( 24.40000000000000213, 22.50000000000045475, 38.97114317029947728 ) ) ;
#1249 = FACE_OUTER_BOUND ( 'NONE', #1346, .T. ) ;
#1250 = EDGE_LOOP ( 'NONE', ( #407, #287, #371, #1158 ) ) ;
#1251 = CARTESIAN_POINT ( 'NONE',  ( 0.000000000000000000, 0.000000000000000000, 0.000000000000000000 ) ) ;
#1252 = DIRECTION ( 'NONE',  ( -1.000000000000000000, -0.000000000000000000, -0.000000000000000000 ) ) ;
#1253 = CARTESIAN_POINT ( 'NONE',  ( 24.40000000000000213, 22.49999999999990763, -38.97114317029978992 ) ) ;
#1254 = CARTESIAN_POINT ( 'NONE',  ( 24.40000000000000213, 22.50000000000045475, 33.47114317029947728 ) ) ;
#1255 = DIRECTION ( 'NONE',  ( -1.000000000000000000, -0.000000000000000000, -0.000000000000000000 ) ) ;
#1256 = CARTESIAN_POINT ( 'NONE',  ( 24.40000000000000213, -45.00000000000000000, 0.000000000000000000 ) ) ;
#1257 = DIRECTION ( 'NONE',  ( 0.000000000000000000, 0.000000000000000000, -1.000000000000000000 ) ) ;
#1258 = CC_DESIGN_PERSON_AND_ORGANIZATION_ASSIGNMENT ( #348, #723, ( #397 ) ) ;
#1259 = AXIS2_PLACEMENT_3D ( 'NONE', #1268, #923, #1502 ) ;
#1260 = ORIENTED_EDGE ( 'NONE', *, *, #741, .T. ) ;
#1261 = CIRCLE ( 'NONE', #610, 3.299999999999997158 ) ;
#1262 = DIRECTION ( 'NONE',  ( -0.000000000000000000, 0.000000000000000000, 1.000000000000000000 ) ) ;
#1263 = EDGE_CURVE ( 'NONE', #896, #39, #323, .T. ) ;
#1264 = CARTESIAN_POINT ( 'NONE',  ( 2.000000000000000888, 28.50000000000000000, 0.000000000000000000 ) ) ;
#1265 = CARTESIAN_POINT ( 'NONE',  ( 30.00000000000000355, 22.49999999999990763, -35.67114317029979276 ) ) ;
#1266 = LINE ( 'NONE', #568, #1506 ) ;
#1267 = EDGE_LOOP ( 'NONE', ( #667, #869, #1468, #418 ) ) ;
#1268 = CARTESIAN_POINT ( 'NONE',  ( 18.00000000000000355, 22.49999999999990763, -38.97114317029978992 ) ) ;
#1269 = LINE ( 'NONE', #691, #802 ) ;
#1270 = EDGE_CURVE ( 'NONE', #94, #856, #1425, .T. ) ;
#1271 = DIRECTION ( 'NONE',  ( 0.000000000000000000, 1.224646799147353454E-16, 1.000000000000000000 ) ) ;
#1272 = ORIENTED_EDGE ( 'NONE', *, *, #214, .T. ) ;
#1273 = FACE_BOUND ( 'NONE', #963, .T. ) ;
#1274 = DIRECTION ( 'NONE',  ( 0.000000000000000000, 0.000000000000000000, 1.000000000000000000 ) ) ;
#1275 = ADVANCED_FACE ( 'NONE', ( #1345 ), #660, .F. ) ;
#1276 = ADVANCED_FACE ( 'NONE', ( #864 ), #1337, .F. ) ;
#1277 = AXIS2_PLACEMENT_3D ( 'NONE', #1234, #157, #1215 ) ;
#1278 = ORIENTED_EDGE ( 'NONE', *, *, #1534, .T. ) ;
#1279 = AXIS2_PLACEMENT_3D ( 'NONE', #314, #416, #1030 ) ;
#1280 = AXIS2_PLACEMENT_3D ( 'NONE', #232, #721, #1186 ) ;
#1281 = AXIS2_PLACEMENT_3D ( 'NONE', #432, #548, #58 ) ;
#1282 = PLANE ( 'NONE',  #800 ) ;
#1283 = AXIS2_PLACEMENT_3D ( 'NONE', #892, #914, #1341 ) ;
#1284 = DIRECTION ( 'NONE',  ( -1.000000000000000000, -0.000000000000000000, -0.000000000000000000 ) ) ;
#1285 = ORIENTED_EDGE ( 'NONE', *, *, #673, .T. ) ;
#1286 = FACE_BOUND ( 'NONE', #140, .T. ) ;
#1287 = ORIENTED_EDGE ( 'NONE', *, *, #316, .F. ) ;
#1288 = EDGE_CURVE ( 'NONE', #1245, #821, #764, .T. ) ;
#1289 = DIRECTION ( 'NONE',  ( -1.000000000000000000, 0.000000000000000000, 0.000000000000000000 ) ) ;
#1290 = CARTESIAN_POINT ( 'NONE',  ( 18.00000000000000355, 22.50000000000045475, 38.97114317029947728 ) ) ;
#1291 = CARTESIAN_POINT ( 'NONE',  ( 24.40000000000000213, 45.00000000000000000, 0.000000000000000000 ) ) ;
#1292 = FACE_BOUND ( 'NONE', #789, .T. ) ;
#1293 = EDGE_CURVE ( 'NONE', #1332, #85, #349, .T. ) ;
#1294 = EDGE_LOOP ( 'NONE', ( #388, #712 ) ) ;
#1295 = EDGE_CURVE ( 'NONE', #1417, #1182, #627, .T. ) ;
#1296 = EDGE_LOOP ( 'NONE', ( #620, #519, #101, #285 ) ) ;
#1297 = FACE_BOUND ( 'NONE', #581, .T. ) ;
#1298 = DIRECTION ( 'NONE',  ( 0.000000000000000000, 0.000000000000000000, 1.000000000000000000 ) ) ;
#1299 = CARTESIAN_POINT ( 'NONE',  ( 24.40000000000000213, 45.00000000000000000, 0.000000000000000000 ) ) ;
#1300 = CARTESIAN_POINT ( 'NONE',  ( 24.40000000000000213, 45.00000000000000000, 5.499999999999998224 ) ) ;
#1301 = VERTEX_POINT ( 'NONE', #748 ) ;
#1302 = ADVANCED_FACE ( 'NONE', ( #26 ), #264, .F. ) ;
#1303 = CYLINDRICAL_SURFACE ( 'NONE', #326, 22.00000000000000000 ) ;
#1304 = AXIS2_PLACEMENT_3D ( 'NONE', #541, #1013, #909 ) ;
#1305 = CARTESIAN_POINT ( 'NONE',  ( 4.898587196589412829E-16, 0.000000000000000000, 0.000000000000000000 ) ) ;
#1306 = AXIS2_PLACEMENT_3D ( 'NONE', #730, #1195, #261 ) ;
#1307 = EDGE_CURVE ( 'NONE', #521, #1321, #988, .T. ) ;
#1308 = PERSON_AND_ORGANIZATION ( #1465, #216 ) ;
#1309 = DIRECTION ( 'NONE',  ( -1.000000000000000000, -0.000000000000000000, -0.000000000000000000 ) ) ;
#1310 = EDGE_LOOP ( 'NONE', ( #970, #1494, #1048, #230 ) ) ;
#1311 = CARTESIAN_POINT ( 'NONE',  ( 30.00000000000000000, 0.000000000000000000, 0.000000000000000000 ) ) ;
#1312 = CARTESIAN_POINT ( 'NONE',  ( 18.00000000000000355, 0.000000000000000000, 0.000000000000000000 ) ) ;
#1313 = CIRCLE ( 'NONE', #102, 5.499999999999998224 ) ;
#1314 = FACE_OUTER_BOUND ( 'NONE', #1294, .T. ) ;
#1315 = ORIENTED_EDGE ( 'NONE', *, *, #91, .T. ) ;
#1316 = EDGE_LOOP ( 'NONE', ( #391, #842 ) ) ;
#1317 = DIRECTION ( 'NONE',  ( -1.000000000000000000, -0.000000000000000000, -0.000000000000000000 ) ) ;
#1318 = LINE ( 'NONE', #1336, #638 ) ;
#1319 = CC_DESIGN_PERSON_AND_ORGANIZATION_ASSIGNMENT ( #1308, #1197, ( #906 ) ) ;
#1320 = CARTESIAN_POINT ( 'NONE',  ( 18.00000000000000355, -22.50000000000018474, -38.97114317029964070 ) ) ;
#1321 = VERTEX_POINT ( 'NONE', #33 ) ;
#1322 = ORIENTED_EDGE ( 'NONE', *, *, #754, .F. ) ;
#1323 = DIRECTION ( 'NONE',  ( -1.000000000000000000, -0.000000000000000000, -0.000000000000000000 ) ) ;
#1324 = ORIENTED_EDGE ( 'NONE', *, *, #1534, .F. ) ;
#1325 = AXIS2_PLACEMENT_3D ( 'NONE', #1320, #1448, #275 ) ;
#1326 = CARTESIAN_POINT ( 'NONE',  ( 2.000000000000000444, 0.000000000000000000, 0.000000000000000000 ) ) ;
#1327 = AXIS2_PLACEMENT_3D ( 'NONE', #308, #658, #1119 ) ;
#1328 = CIRCLE ( 'NONE', #1280, 3.299999999999997158 ) ;
#1329 = AXIS2_PLACEMENT_3D ( 'NONE', #1248, #565, #1477 ) ;
#1330 = DIRECTION ( 'NONE',  ( -1.000000000000000000, -0.000000000000000000, -0.000000000000000000 ) ) ;
#1331 = AXIS2_PLACEMENT_3D ( 'NONE', #539, #1004, #420 ) ;
#1332 = VERTEX_POINT ( 'NONE', #882 ) ;
#1333 = EDGE_CURVE ( 'NONE', #1001, #1208, #520, .T. ) ;
#1334 = DIRECTION ( 'NONE',  ( 0.000000000000000000, 0.000000000000000000, 1.000000000000000000 ) ) ;
#1335 = ORIENTED_EDGE ( 'NONE', *, *, #179, .T. ) ;
#1336 = CARTESIAN_POINT ( 'NONE',  ( 18.00000000000000355, 22.49999999999990763, -42.27114317029978707 ) ) ;
#1337 = CYLINDRICAL_SURFACE ( 'NONE', #1325, 5.499999999999998224 ) ;
#1338 = AXIS2_PLACEMENT_3D ( 'NONE', #234, #1410, #1421 ) ;
#1339 = ORIENTED_EDGE ( 'NONE', *, *, #75, .F. ) ;
#1340 = EDGE_CURVE ( 'NONE', #954, #49, #818, .T. ) ;
#1341 = DIRECTION ( 'NONE',  ( 0.000000000000000000, 0.000000000000000000, 1.000000000000000000 ) ) ;
#1342 = FACE_OUTER_BOUND ( 'NONE', #1452, .T. ) ;
#1343 = CYLINDRICAL_SURFACE ( 'NONE', #1529, 3.299999999999997158 ) ;
#1344 = ORIENTED_EDGE ( 'NONE', *, *, #13, .T. ) ;
#1345 = FACE_OUTER_BOUND ( 'NONE', #843, .T. ) ;
#1346 = EDGE_LOOP ( 'NONE', ( #99, #694, #661, #937 ) ) ;
#1347 = DIRECTION ( 'NONE',  ( 0.000000000000000000, 0.000000000000000000, 1.000000000000000000 ) ) ;
#1348 = FACE_OUTER_BOUND ( 'NONE', #205, .T. ) ;
#1349 = ORIENTED_EDGE ( 'NONE', *, *, #1042, .T. ) ;
#1350 = CARTESIAN_POINT ( 'NONE',  ( 20.99999999999997868, 0.000000000000000000, 60.00000000000000000 ) ) ;
#1351 = ORIENTED_EDGE ( 'NONE', *, *, #814, .T. ) ;
#1352 = CIRCLE ( 'NONE', #696, 60.00000000000000000 ) ;
#1353 = EDGE_CURVE ( 'NONE', #1079, #343, #1459, .T. ) ;
#1354 = CARTESIAN_POINT ( 'NONE',  ( 24.40000000000000213, 22.49999999999990763, -44.47114317029978281 ) ) ;
#1355 = VECTOR ( 'NONE', #511, 1000.000000000000000 ) ;
#1356 = AXIS2_PLACEMENT_3D ( 'NONE', #664, #440, #322 ) ;
#1357 = VERTEX_POINT ( 'NONE', #282 ) ;
#1358 = AXIS2_PLACEMENT_3D ( 'NONE', #668, #995, #563 ) ;
#1359 = DIRECTION ( 'NONE',  ( 0.000000000000000000, 0.000000000000000000, 1.000000000000000000 ) ) ;
#1360 = DIRECTION ( 'NONE',  ( -1.000000000000000000, -0.000000000000000000, -0.000000000000000000 ) ) ;
#1361 = DIRECTION ( 'NONE',  ( -1.000000000000000000, -0.000000000000000000, -0.000000000000000000 ) ) ;
#1362 = CARTESIAN_POINT ( 'NONE',  ( 18.00000000000000355, 22.50000000000045475, 35.67114317029948012 ) ) ;
#1363 = VERTEX_POINT ( 'NONE', #1228 ) ;
#1364 = CARTESIAN_POINT ( 'NONE',  ( 18.00000000000000355, -22.49999999999963762, 38.97114317029994623 ) ) ;
#1365 = DIRECTION ( 'NONE',  ( -1.000000000000000000, -0.000000000000000000, -0.000000000000000000 ) ) ;
#1366 = DIRECTION ( 'NONE',  ( -1.000000000000000000, -0.000000000000000000, -0.000000000000000000 ) ) ;
#1367 = ADVANCED_FACE ( 'NONE', ( #1007 ), #649, .F. ) ;
#1368 = DIRECTION ( 'NONE',  ( 0.000000000000000000, 0.000000000000000000, 1.000000000000000000 ) ) ;
#1369 = CARTESIAN_POINT ( 'NONE',  ( 2.449293598294702470E-16, 0.000000000000000000, 0.000000000000000000 ) ) ;
#1370 = ORIENTED_EDGE ( 'NONE', *, *, #110, .F. ) ;
#1371 = DIRECTION ( 'NONE',  ( -1.000000000000000000, -0.000000000000000000, -0.000000000000000000 ) ) ;
#1372 = DIRECTION ( 'NONE',  ( 0.000000000000000000, 0.000000000000000000, 1.000000000000000000 ) ) ;
#1373 = CARTESIAN_POINT ( 'NONE',  ( 24.40000000000000213, -22.50000000000018474, -38.97114317029964070 ) ) ;
#1374 = DIRECTION ( 'NONE',  ( 0.000000000000000000, 0.000000000000000000, 1.000000000000000000 ) ) ;
#1375 = AXIS2_PLACEMENT_3D ( 'NONE', #657, #1365, #1372 ) ;
#1376 = VERTEX_POINT ( 'NONE', #1096 ) ;
#1377 = TOROIDAL_SURFACE ( 'NONE', #1136, 38.50000000000000000, 6.000000000000000000 ) ;
#1378 = DIRECTION ( 'NONE',  ( -1.000000000000000000, -0.000000000000000000, -0.000000000000000000 ) ) ;
#1379 = DIRECTION ( 'NONE',  ( -1.000000000000000000, -0.000000000000000000, -0.000000000000000000 ) ) ;
#1380 = EDGE_LOOP ( 'NONE', ( #759, #70 ) ) ;
#1381 = CARTESIAN_POINT ( 'NONE',  ( 4.898587196589412829E-16, 0.000000000000000000, 0.000000000000000000 ) ) ;
#1382 = ORIENTED_EDGE ( 'NONE', *, *, #987, .F. ) ;
#1383 = ADVANCED_FACE ( 'NONE', ( #858, #1314 ), #258, .F. ) ;
#1384 = FACE_BOUND ( 'NONE', #527, .T. ) ;
#1385 = DIRECTION ( 'NONE',  ( -1.000000000000000000, -0.000000000000000000, -0.000000000000000000 ) ) ;
#1386 = ORIENTED_EDGE ( 'NONE', *, *, #1105, .T. ) ;
#1387 = DIRECTION ( 'NONE',  ( -0.7071067811865463515, 8.659560562354948882E-17, -0.7071067811865487940 ) ) ;
#1388 = DIRECTION ( 'NONE',  ( 0.000000000000000000, 0.000000000000000000, 1.000000000000000000 ) ) ;
#1389 = EDGE_LOOP ( 'NONE', ( #4, #943 ) ) ;
#1390 = DATE_AND_TIME ( #597, #428 ) ;
#1391 = EDGE_CURVE ( 'NONE', #774, #372, #295, .T. ) ;
#1392 = PLANE ( 'NONE',  #148 ) ;
#1393 = AXIS2_PLACEMENT_3D ( 'NONE', #1251, #304, #1368 ) ;
#1394 = VERTEX_POINT ( 'NONE', #917 ) ;
#1395 = VECTOR ( 'NONE', #1366, 1000.000000000000000 ) ;
#1396 = CIRCLE ( 'NONE', #1018, 32.50000000000000000 ) ;
#1397 = VECTOR ( 'NONE', #73, 1000.000000000000000 ) ;
#1398 = CARTESIAN_POINT ( 'NONE',  ( 4.000000000000002665, 0.000000000000000000, 0.000000000000000000 ) ) ;
#1399 = VECTOR ( 'NONE', #352, 1000.000000000000000 ) ;
#1400 = FACE_OUTER_BOUND ( 'NONE', #835, .T. ) ;
#1401 = CARTESIAN_POINT ( 'NONE',  ( 18.00000000000000355, -22.49999999999963762, 38.97114317029994623 ) ) ;
#1402 = CC_DESIGN_DATE_AND_TIME_ASSIGNMENT ( #1403, #1061, ( #397 ) ) ;
#1403 = DATE_AND_TIME ( #1164, #351 ) ;
#1404 = EDGE_CURVE ( 'NONE', #616, #1357, #1211, .T. ) ;
#1405 = FACE_OUTER_BOUND ( 'NONE', #1166, .T. ) ;
#1406 = ORIENTED_EDGE ( 'NONE', *, *, #1415, .F. ) ;
#1407 = ORIENTED_EDGE ( 'NONE', *, *, #1051, .T. ) ;
#1408 = LINE ( 'NONE', #365, #324 ) ;
#1409 = CYLINDRICAL_SURFACE ( 'NONE', #1094, 28.50000000000000000 ) ;
#1410 = DIRECTION ( 'NONE',  ( -1.000000000000000000, 0.000000000000000000, 0.000000000000000000 ) ) ;
#1411 = CALENDAR_DATE ( 2024, 19, 8 ) ;
#1412 = APPROVAL ( #1, 'UNSPECIFIED' ) ;
#1413 = DIRECTION ( 'NONE',  ( 0.000000000000000000, 0.000000000000000000, -1.000000000000000000 ) ) ;
#1414 = VERTEX_POINT ( 'NONE', #204 ) ;
#1415 = EDGE_CURVE ( 'NONE', #1194, #656, #724, .T. ) ;
#1416 = ORIENTED_EDGE ( 'NONE', *, *, #131, .T. ) ;
#1417 = VERTEX_POINT ( 'NONE', #1354 ) ;
#1418 = CARTESIAN_POINT ( 'NONE',  ( 2.000000000000000888, 0.000000000000000000, 0.000000000000000000 ) ) ;
#1419 = CARTESIAN_POINT ( 'NONE',  ( 18.00000000000000355, 6.980486755139914489E-15, 57.00000000000002132 ) ) ;
#1420 = MANIFOLD_SOLID_BREP ( 'Chamfer3', #1002 ) ;
#1421 = DIRECTION ( 'NONE',  ( 0.000000000000000000, 0.000000000000000000, 1.000000000000000000 ) ) ;
#1422 = APPLICATION_PROTOCOL_DEFINITION ( 'international standard', 'config_control_design', 1994, #247 ) ;
#1423 = CARTESIAN_POINT ( 'NONE',  ( 18.00000000000000355, -22.50000000000018474, -42.27114317029963786 ) ) ;
#1424 = ORIENTED_EDGE ( 'NONE', *, *, #1090, .F. ) ;
#1425 = CIRCLE ( 'NONE', #43, 3.299999999999997158 ) ;
#1426 = CARTESIAN_POINT ( 'NONE',  ( 0.000000000000000000, 0.000000000000000000, 0.000000000000000000 ) ) ;
#1427 = EDGE_CURVE ( 'NONE', #1417, #1462, #1092, .T. ) ;
#1428 = CIRCLE ( 'NONE', #46, 60.00000000000000000 ) ;
#1429 = AXIS2_PLACEMENT_3D ( 'NONE', #1464, #566, #1241 ) ;
#1430 = ORIENTED_EDGE ( 'NONE', *, *, #865, .T. ) ;
#1431 = DIRECTION ( 'NONE',  ( 0.000000000000000000, 0.000000000000000000, -1.000000000000000000 ) ) ;
#1432 = TOROIDAL_SURFACE ( 'NONE', #95, 38.50000000000000000, 6.000000000000000000 ) ;
#1433 = CARTESIAN_POINT ( 'NONE',  ( 24.40000000000000213, -19.19999999999964047, 38.97114317029994623 ) ) ;
#1434 = ORIENTED_EDGE ( 'NONE', *, *, #1391, .F. ) ;
#1435 = EDGE_CURVE ( 'NONE', #6, #590, #1266, .T. ) ;
#1436 = CARTESIAN_POINT ( 'NONE',  ( 18.00000000000000355, -45.00000000000000000, 5.499999999999991118 ) ) ;
#1437 = ORIENTED_EDGE ( 'NONE', *, *, #807, .T. ) ;
#1438 = CARTESIAN_POINT ( 'NONE',  ( 24.40000000000000213, -22.49999999999963762, 38.97114317029994623 ) ) ;
#1439 = AXIS2_PLACEMENT_3D ( 'NONE', #1369, #596, #1257 ) ;
#1440 = DIRECTION ( 'NONE',  ( -1.000000000000000000, -0.000000000000000000, -0.000000000000000000 ) ) ;
#1441 = ORIENTED_EDGE ( 'NONE', *, *, #1010, .T. ) ;
#1442 = EDGE_LOOP ( 'NONE', ( #494, #1272 ) ) ;
#1443 = ORIENTED_EDGE ( 'NONE', *, *, #546, .F. ) ;
#1444 = CARTESIAN_POINT ( 'NONE',  ( 0.000000000000000000, 0.000000000000000000, 0.000000000000000000 ) ) ;
#1445 = ORIENTED_EDGE ( 'NONE', *, *, #1427, .F. ) ;
#1446 = LINE ( 'NONE', #887, #1531 ) ;
#1447 = ORIENTED_EDGE ( 'NONE', *, *, #110, .T. ) ;
#1448 = DIRECTION ( 'NONE',  ( -1.000000000000000000, -0.000000000000000000, -0.000000000000000000 ) ) ;
#1449 = ORIENTED_EDGE ( 'NONE', *, *, #1024, .T. ) ;
#1450 = ORIENTED_EDGE ( 'NONE', *, *, #1515, .F. ) ;
#1451 = DIRECTION ( 'NONE',  ( 0.000000000000000000, 0.000000000000000000, -1.000000000000000000 ) ) ;
#1452 = EDGE_LOOP ( 'NONE', ( #1322, #1170, #623, #637 ) ) ;
#1453 = AXIS2_PLACEMENT_3D ( 'NONE', #848, #471, #617 ) ;
#1454 = CARTESIAN_POINT ( 'NONE',  ( 18.00000000000000355, 22.49999999999990763, -38.97114317029978992 ) ) ;
#1455 = CIRCLE ( 'NONE', #1044, 24.00000000000000711 ) ;
#1456 = AXIS2_PLACEMENT_3D ( 'NONE', #602, #1175, #1388 ) ;
#1457 = AXIS2_PLACEMENT_3D ( 'NONE', #1496, #669, #901 ) ;
#1458 = EDGE_CURVE ( 'NONE', #1055, #577, #377, .T. ) ;
#1459 = LINE ( 'NONE', #643, #607 ) ;
#1460 = EDGE_LOOP ( 'NONE', ( #550, #1430 ) ) ;
#1461 = DIRECTION ( 'NONE',  ( 0.000000000000000000, 0.000000000000000000, 1.000000000000000000 ) ) ;
#1462 = VERTEX_POINT ( 'NONE', #1150 ) ;
#1463 = CARTESIAN_POINT ( 'NONE',  ( 18.00000000000000355, 45.00000000000000000, 0.000000000000000000 ) ) ;
#1464 = CARTESIAN_POINT ( 'NONE',  ( 18.00000000000000355, 22.50000000000045475, 38.97114317029947728 ) ) ;
#1465 = PERSON ( 'UNSPECIFIED', 'UNSPECIFIED', 'UNSPECIFIED', ('UNSPECIFIED'), ('UNSPECIFIED'), ('UNSPECIFIED') ) ;
#1466 = DIRECTION ( 'NONE',  ( -1.000000000000000000, -0.000000000000000000, -0.000000000000000000 ) ) ;
#1467 = AXIS2_PLACEMENT_3D ( 'NONE', #1299, #9, #317 ) ;
#1468 = ORIENTED_EDGE ( 'NONE', *, *, #227, .T. ) ;
#1469 = DIRECTION ( 'NONE',  ( 0.000000000000000000, 0.000000000000000000, 1.000000000000000000 ) ) ;
#1470 = ADVANCED_FACE ( 'NONE', ( #575 ), #59, .T. ) ;
#1471 = FACE_OUTER_BOUND ( 'NONE', #827, .T. ) ;
#1472 = DIRECTION ( 'NONE',  ( 0.000000000000000000, 0.000000000000000000, 1.000000000000000000 ) ) ;
#1473 = CARTESIAN_POINT ( 'NONE',  ( 24.40000000000000213, 22.50000000000045475, 38.97114317029947728 ) ) ;
#1474 = ORIENTED_EDGE ( 'NONE', *, *, #202, .T. ) ;
#1475 = EDGE_LOOP ( 'NONE', ( #708, #31 ) ) ;
#1476 = CARTESIAN_POINT ( 'NONE',  ( 4.000000000000002665, 0.000000000000000000, 0.000000000000000000 ) ) ;
#1477 = DIRECTION ( 'NONE',  ( 0.000000000000000000, 0.000000000000000000, 1.000000000000000000 ) ) ;
#1478 = EDGE_CURVE ( 'NONE', #689, #343, #1352, .T. ) ;
#1479 = CARTESIAN_POINT ( 'NONE',  ( 2.449293598294702470E-16, 3.857637417314162689E-15, 31.50000000000000000 ) ) ;
#1480 = ORIENTED_EDGE ( 'NONE', *, *, #1293, .F. ) ;
#1481 = AXIS2_PLACEMENT_3D ( 'NONE', #1014, #1483, #805 ) ;
#1482 = AXIS2_PLACEMENT_3D ( 'NONE', #1398, #1289, #1174 ) ;
#1483 = DIRECTION ( 'NONE',  ( -1.000000000000000000, -0.000000000000000000, -0.000000000000000000 ) ) ;
#1484 = CIRCLE ( 'NONE', #582, 38.50000000000000000 ) ;
#1485 = CIRCLE ( 'NONE', #406, 3.299999999999997158 ) ;
#1486 = ORIENTED_EDGE ( 'NONE', *, *, #975, .T. ) ;
#1487 = VECTOR ( 'NONE', #1117, 1000.000000000000000 ) ;
#1488 = CARTESIAN_POINT ( 'NONE',  ( 0.000000000000000000, 0.000000000000000000, 32.50000000000000000 ) ) ;
#1489 = EDGE_CURVE ( 'NONE', #888, #1414, #436, .T. ) ;
#1490 = DIRECTION ( 'NONE',  ( 0.000000000000000000, 0.000000000000000000, 1.000000000000000000 ) ) ;
#1491 = CYLINDRICAL_SURFACE ( 'NONE', #1356, 5.499999999999994671 ) ;
#1492 = DIRECTION ( 'NONE',  ( -1.000000000000000000, -0.000000000000000000, -0.000000000000000000 ) ) ;
#1493 = ORIENTED_EDGE ( 'NONE', *, *, #370, .F. ) ;
#1494 = ORIENTED_EDGE ( 'NONE', *, *, #63, .T. ) ;
#1495 = CARTESIAN_POINT ( 'NONE',  ( 18.00000000000000355, -22.49999999999963762, 33.47114317029994623 ) ) ;
#1496 = CARTESIAN_POINT ( 'NONE',  ( 18.00000000000000355, -45.00000000000000000, 0.000000000000000000 ) ) ;
#1497 = DIRECTION ( 'NONE',  ( 0.000000000000000000, 0.000000000000000000, 1.000000000000000000 ) ) ;
#1498 = CARTESIAN_POINT ( 'NONE',  ( 24.40000000000000213, -41.70000000000000284, 0.000000000000000000 ) ) ;
#1499 = ORIENTED_EDGE ( 'NONE', *, *, #1270, .F. ) ;
#1500 = ADVANCED_FACE ( 'NONE', ( #782 ), #425, .F. ) ;
#1501 = ORIENTED_EDGE ( 'NONE', *, *, #1435, .T. ) ;
#1502 = DIRECTION ( 'NONE',  ( 0.000000000000000000, 0.000000000000000000, 1.000000000000000000 ) ) ;
#1503 = DIRECTION ( 'NONE',  ( 0.000000000000000000, 0.000000000000000000, -1.000000000000000000 ) ) ;
#1504 = CARTESIAN_POINT ( 'NONE',  ( 18.00000000000000355, 22.49999999999990763, -38.97114317029978992 ) ) ;
#1505 = EDGE_CURVE ( 'NONE', #343, #689, #90, .T. ) ;
#1506 = VECTOR ( 'NONE', #1492, 1000.000000000000000 ) ;
#1507 = AXIS2_PLACEMENT_3D ( 'NONE', #405, #390, #1334 ) ;
#1508 = CIRCLE ( 'NONE', #1259, 5.499999999999991118 ) ;
#1509 = EDGE_CURVE ( 'NONE', #34, #659, #192, .T. ) ;
#1510 = VERTEX_POINT ( 'NONE', #449 ) ;
#1511 = CIRCLE ( 'NONE', #1507, 5.499999999999991118 ) ;
#1512 = DIRECTION ( 'NONE',  ( -1.000000000000000000, -0.000000000000000000, -0.000000000000000000 ) ) ;
#1513 = CARTESIAN_POINT ( 'NONE',  ( 2.000000000000000444, 0.000000000000000000, 0.000000000000000000 ) ) ;
#1514 = ORIENTED_EDGE ( 'NONE', *, *, #1042, .F. ) ;
#1515 = EDGE_CURVE ( 'NONE', #686, #1152, #747, .T. ) ;
#1516 = FACE_BOUND ( 'NONE', #816, .T. ) ;
#1517 = DIRECTION ( 'NONE',  ( -1.000000000000000000, -0.000000000000000000, -0.000000000000000000 ) ) ;
#1518 = EDGE_CURVE ( 'NONE', #999, #682, #849, .T. ) ;
#1519 = CARTESIAN_POINT ( 'NONE',  ( 2.449293598294702470E-16, 0.000000000000000000, 0.000000000000000000 ) ) ;
#1520 = ORIENTED_EDGE ( 'NONE', *, *, #182, .F. ) ;
#1521 = DIRECTION ( 'NONE',  ( 1.000000000000000000, 0.000000000000000000, 0.000000000000000000 ) ) ;
#1522 = FACE_OUTER_BOUND ( 'NONE', #277, .T. ) ;
#1523 = ORIENTED_EDGE ( 'NONE', *, *, #535, .F. ) ;
#1524 = EDGE_CURVE ( 'NONE', #682, #999, #243, .T. ) ;
#1525 = DIRECTION ( 'NONE',  ( 0.000000000000000000, 0.000000000000000000, 1.000000000000000000 ) ) ;
#1526 = CALENDAR_DATE ( 2024, 19, 8 ) ;
#1527 = DIRECTION ( 'NONE',  ( 1.000000000000000000, 0.000000000000000000, 0.000000000000000000 ) ) ;
#1528 = ORIENTED_EDGE ( 'NONE', *, *, #1489, .F. ) ;
#1529 = AXIS2_PLACEMENT_3D ( 'NONE', #52, #1006, #1472 ) ;
#1530 = VECTOR ( 'NONE', #1128, 1000.000000000000000 ) ;
#1531 = VECTOR ( 'NONE', #51, 1000.000000000000000 ) ;
#1532 = CARTESIAN_POINT ( 'NONE',  ( 24.40000000000000213, -22.50000000000018474, -33.47114317029964070 ) ) ;
#1533 = CARTESIAN_POINT ( 'NONE',  ( 18.00000000000000355, -45.00000000000000000, 3.299999999999997158 ) ) ;
#1534 = EDGE_CURVE ( 'NONE', #372, #774, #1065, .T. ) ;
#1535 = ORIENTED_EDGE ( 'NONE', *, *, #790, .T. ) ;
ENDSEC;
END-ISO-10303-21;
