ISO-10303-21;
HEADER;
FILE_DESCRIPTION(('Open CASCADE Model'),'2;1');
FILE_NAME('Open CASCADE Shape Model','2026-09-12T15:36:36',('Author'),(
    'Open CASCADE'),'Open CASCADE STEP processor 7.9','build123d',
  'Unknown');
FILE_SCHEMA(('AUTOMOTIVE_DESIGN { 1 0 10303 214 1 1 1 1 }'));
ENDSEC;
DATA;
#1 = APPLICATION_PROTOCOL_DEFINITION('international standard',
  'automotive_design',2000,#2);
#2 = APPLICATION_CONTEXT(
  'core data for automotive mechanical design processes');
#3 = SHAPE_DEFINITION_REPRESENTATION(#4,#10);
#4 = PRODUCT_DEFINITION_SHAPE('','',#5);
#5 = PRODUCT_DEFINITION('design','',#6,#9);
#6 = PRODUCT_DEFINITION_FORMATION('','',#7);
#7 = PRODUCT('COMPOUND','COMPOUND','',(#8));
#8 = PRODUCT_CONTEXT('',#2,'mechanical');
#9 = PRODUCT_DEFINITION_CONTEXT('part definition',#2,'design');
#10 = ADVANCED_BREP_SHAPE_REPRESENTATION('',(#11,#15),#5292);
#11 = AXIS2_PLACEMENT_3D('',#12,#13,#14);
#12 = CARTESIAN_POINT('',(0.,0.,0.));
#13 = DIRECTION('',(0.,0.,1.));
#14 = DIRECTION('',(1.,0.,-0.));
#15 = MANIFOLD_SOLID_BREP('',#16);
#16 = CLOSED_SHELL('',(#17,#1390,#1461,#1668,#1819,#1896,#2819,#3670,
    #3695,#4129,#4396,#4467,#4571,#4722,#4799,#5259,#5284));
#17 = ADVANCED_FACE('',(#18),#32,.T.);
#18 = FACE_BOUND('',#19,.T.);
#19 = EDGE_LOOP('',(#20,#148,#370,#710,#827,#828,#1048,#1082,#1143,#1177
    ));
#20 = ORIENTED_EDGE('',*,*,#21,.F.);
#21 = EDGE_CURVE('',#22,#24,#26,.T.);
#22 = VERTEX_POINT('',#23);
#23 = CARTESIAN_POINT('',(0.,72.672913297632,64.));
#24 = VERTEX_POINT('',#25);
#25 = CARTESIAN_POINT('',(-62.,72.672913297632,64.));
#26 = SEAM_CURVE('',#27,(#31,#141),.PCURVE_S1.);
#27 = LINE('',#28,#29);
#28 = CARTESIAN_POINT('',(0.,72.672913297632,64.));
#29 = VECTOR('',#30,1.);
#30 = DIRECTION('',(-1.,-0.,-0.));
#31 = PCURVE('',#32,#135);
#32 = SURFACE_OF_LINEAR_EXTRUSION('',#33,#133);
#33 = B_SPLINE_CURVE_WITH_KNOTS('',3,(#34,#35,#36,#37,#38,#39,#40,#41,
    #42,#43,#44,#45,#46,#47,#48,#49,#50,#51,#52,#53,#54,#55,#56,#57,#58,
    #59,#60,#61,#62,#63,#64,#65,#66,#67,#68,#69,#70,#71,#72,#73,#74,#75,
    #76,#77,#78,#79,#80,#81,#82,#83,#84,#85,#86,#87,#88,#89,#90,#91,#92,
    #93,#94,#95,#96,#97,#98,#99,#100,#101,#102,#103,#104,#105,#106,#107,
    #108,#109,#110,#111,#112,#113,#114,#115,#116,#117,#118,#119,#120,
    #121,#122,#123,#124,#125,#126,#127,#128,#129,#130,#131,#132),
  .UNSPECIFIED.,.T.,.F.,(1,1,2,1,1,1,1,1,1,1,1,1,1,1,1,1,1,1,1,1,1,1,1,1
    ,1,1,1,1,1,1,1,1,1,1,1,1,1,1,1,1,1,1,1,1,1,1,1,1,1,1,1,1,1,1,1,1,1,1
    ,1,1,1,1,1,1,1,1,1,1,1,1,1,1,1,1,1,1,1,1,1,1,1,1,1,1,1,1,1,1,1,1,1,1
    ,1,1,1,1,1,1,2,1,1),(-14.25833144748,-11.32166741588,0.,
    11.321667415889,14.258331447489,16.318214381607,17.969642458405,
    19.392211178835,20.683845910723,21.909504400643,23.117371498254,
    24.345365100043,25.624401262159,26.980600707799,28.437152382086,
    30.016055601105,31.739865912809,33.633623053919,35.727266051385,
    38.059077426378,40.681201847807,43.66948669647,47.143136811087,
    51.310003544623,56.595466481829,64.179864807086,93.459653158884,
    113.24977811474,118.37611801205,121.94923169082,124.76747189331,
    127.11912769627,129.14569226288,130.92901574698,132.52197544137,
    133.96183624236,135.27699211845,136.4907939178,137.62396668002,
    138.6962941885,139.72789679742,140.74027459888,141.75725489936,
    142.80607147451,143.91905141611,145.13690917169,146.5159093761,
    148.14509674893,150.1960031824,153.13041761015,164.4518808587,
    175.77362319313,178.70803762087,180.75894405435,182.38813142717,
    183.76713163158,184.98498938716,186.09796932877,187.14678590392,
    188.1637662044,189.17614400586,190.20774661478,191.28007412325,
    192.41324688547,193.62704868483,194.94220456091,196.38206536191,
    197.9750250563,199.7583485404,201.78491310701,204.13656890997,
    206.95480911246,210.52792279123,215.65426268853,235.44382198735,
    264.72417599635,272.30857432161,277.59403725882,281.76090399235,
    285.23455410697,288.22283895563,290.84496337706,293.17677475205,
    295.27041774952,297.16417489063,298.88798520234,300.46688842135,
    301.92344009564,303.27963954128,304.5586757034,305.78666930519,
    306.9945364028,308.22019489272,309.5118296246,310.93439834503,
    312.58582642183,314.64570935595,317.58237338755,328.90404080344,
    340.22570821933,343.16237225093),.UNSPECIFIED.);
#34 = CARTESIAN_POINT('',(0.,72.966486589325,60.267801856664));
#35 = CARTESIAN_POINT('',(0.,72.37934000594,67.732198143336));
#36 = CARTESIAN_POINT('',(0.,72.784349213326,72.532594322148));
#37 = CARTESIAN_POINT('',(0.,72.519044589439,77.964689360313));
#38 = CARTESIAN_POINT('',(0.,72.258000404488,80.168122642569));
#39 = CARTESIAN_POINT('',(0.,71.88790581029,81.84229783777));
#40 = CARTESIAN_POINT('',(0.,71.408474533118,83.220241255316));
#41 = CARTESIAN_POINT('',(0.,70.816219633928,84.396886333742));
#42 = CARTESIAN_POINT('',(0.,70.10882383311,85.422154985311));
#43 = CARTESIAN_POINT('',(0.,69.283725769019,86.326310262436));
#44 = CARTESIAN_POINT('',(0.,68.337550666004,87.129797535763));
#45 = CARTESIAN_POINT('',(0.,67.265336628246,87.847396477089));
#46 = CARTESIAN_POINT('',(0.,66.060134232525,88.490117230828));
#47 = CARTESIAN_POINT('',(0.,64.712730862205,89.066244908314));
#48 = CARTESIAN_POINT('',(0.,63.211246707908,89.582055701646));
#49 = CARTESIAN_POINT('',(0.,61.540396519282,90.042347850899));
#50 = CARTESIAN_POINT('',(0.,59.680243081407,90.450831486354));
#51 = CARTESIAN_POINT('',(0.,57.604159378631,90.810407673374));
#52 = CARTESIAN_POINT('',(0.,55.275428973916,91.123365183893));
#53 = CARTESIAN_POINT('',(0.,52.641254584553,91.391520829605));
#54 = CARTESIAN_POINT('',(0.,49.621281521718,91.616316674204));
#55 = CARTESIAN_POINT('',(0.,46.082806974982,91.798919822392));
#56 = CARTESIAN_POINT('',(0.,41.776267545562,91.94022768595));
#57 = CARTESIAN_POINT('',(0.,36.098104940249,92.04168243076));
#58 = CARTESIAN_POINT('',(0.,22.048333285228,92.130452247429));
#59 = CARTESIAN_POINT('',(0.,3.163544567022,92.074424142117));
#60 = CARTESIAN_POINT('',(0.,-14.90199587236,92.129276524922));
#61 = CARTESIAN_POINT('',(0.,-24.39835258759,92.041772928123));
#62 = CARTESIAN_POINT('',(0.,-28.23647913878,91.940187931096));
#63 = CARTESIAN_POINT('',(0.,-31.14767734216,91.798853670557));
#64 = CARTESIAN_POINT('',(0.,-33.53989867665,91.616153535173));
#65 = CARTESIAN_POINT('',(0.,-35.58184407303,91.391190150997));
#66 = CARTESIAN_POINT('',(0.,-37.36323633851,91.122748461856));
#67 = CARTESIAN_POINT('',(0.,-38.93841895326,90.80932656323));
#68 = CARTESIAN_POINT('',(0.,-40.34310331517,90.44902125825));
#69 = CARTESIAN_POINT('',(0.,-41.60210933442,90.039428905152));
#70 = CARTESIAN_POINT('',(0.,-42.73338698621,89.577509544685));
#71 = CARTESIAN_POINT('',(0.,-43.75027333156,89.059416764335));
#72 = CARTESIAN_POINT('',(0.,-44.66282628056,88.480285599614));
#73 = CARTESIAN_POINT('',(0.,-45.47865436122,87.833962499482));
#74 = CARTESIAN_POINT('',(0.,-46.20349352484,87.112617506641));
#75 = CARTESIAN_POINT('',(0.,-46.84169543283,86.306078889876));
#76 = CARTESIAN_POINT('',(0.,-47.39669117273,85.400571866356));
#77 = CARTESIAN_POINT('',(0.,-47.87138333284,84.376314959383));
#78 = CARTESIAN_POINT('',(0.,-48.26835979541,83.202894681819));
#79 = CARTESIAN_POINT('',(0.,-48.58999350129,81.829512949382));
#80 = CARTESIAN_POINT('',(0.,-48.83825314562,80.159980266064));
#81 = CARTESIAN_POINT('',(0.,-49.0162477832,77.961066996298));
#82 = CARTESIAN_POINT('',(0.,-49.17023829355,72.526372590576));
#83 = CARTESIAN_POINT('',(0.,-49.07688731594,64.000046512142));
#84 = CARTESIAN_POINT('',(0.,-49.17024068574,55.473720424217));
#85 = CARTESIAN_POINT('',(0.,-49.01624780283,50.038933003575));
#86 = CARTESIAN_POINT('',(0.,-48.83825314216,47.840019733958));
#87 = CARTESIAN_POINT('',(0.,-48.58999350199,46.170487050614));
#88 = CARTESIAN_POINT('',(0.,-48.26835979526,44.797105318182));
#89 = CARTESIAN_POINT('',(0.,-47.87138333287,43.623685040617));
#90 = CARTESIAN_POINT('',(0.,-47.39669117272,42.599428133644));
#91 = CARTESIAN_POINT('',(0.,-46.84169543283,41.693921110124));
#92 = CARTESIAN_POINT('',(0.,-46.20349352484,40.887382493359));
#93 = CARTESIAN_POINT('',(0.,-45.47865436122,40.166037500518));
#94 = CARTESIAN_POINT('',(0.,-44.66282628056,39.519714400386));
#95 = CARTESIAN_POINT('',(0.,-43.75027333156,38.940583235665));
#96 = CARTESIAN_POINT('',(0.,-42.73338698621,38.422490455315));
#97 = CARTESIAN_POINT('',(0.,-41.60210933442,37.960571094848));
#98 = CARTESIAN_POINT('',(0.,-40.34310331517,37.55097874175));
#99 = CARTESIAN_POINT('',(0.,-38.93841895326,37.190673436771));
#100 = CARTESIAN_POINT('',(0.,-37.36323633851,36.877251538139));
#101 = CARTESIAN_POINT('',(0.,-35.58184407303,36.608809849022));
#102 = CARTESIAN_POINT('',(0.,-33.53989867665,36.383846464737));
#103 = CARTESIAN_POINT('',(0.,-31.14767734216,36.201146329871));
#104 = CARTESIAN_POINT('',(0.,-28.23647913879,36.059812066739));
#105 = CARTESIAN_POINT('',(0.,-24.39835258756,35.958227084286));
#106 = CARTESIAN_POINT('',(0.,-14.90218442171,35.870725058177));
#107 = CARTESIAN_POINT('',(0.,3.163356015181,35.925575618576));
#108 = CARTESIAN_POINT('',(0.,22.048144734197,35.869546688497));
#109 = CARTESIAN_POINT('',(0.,36.098104940259,35.958317559009));
#110 = CARTESIAN_POINT('',(0.,41.77626754556,36.059772315833));
#111 = CARTESIAN_POINT('',(0.,46.082806974983,36.201080177256));
#112 = CARTESIAN_POINT('',(0.,49.621281521716,36.38368332587));
#113 = CARTESIAN_POINT('',(0.,52.641254584559,36.608479170379));
#114 = CARTESIAN_POINT('',(0.,55.275428973899,36.87663481611));
#115 = CARTESIAN_POINT('',(0.,57.604159378683,37.189592326625));
#116 = CARTESIAN_POINT('',(0.,59.680243081242,37.549168513646));
#117 = CARTESIAN_POINT('',(0.,61.540396519814,37.957652149101));
#118 = CARTESIAN_POINT('',(0.,63.211246706177,38.417944298354));
#119 = CARTESIAN_POINT('',(0.,64.712730867891,38.933755091686));
#120 = CARTESIAN_POINT('',(0.,66.060134213629,39.509882769172));
#121 = CARTESIAN_POINT('',(0.,67.265336692003,40.152603522911));
#122 = CARTESIAN_POINT('',(0.,68.337550446269,40.870202464237));
#123 = CARTESIAN_POINT('',(0.,69.283726548951,41.673689737564));
#124 = CARTESIAN_POINT('',(0.,70.108820953369,42.577845014689));
#125 = CARTESIAN_POINT('',(0.,70.816230813944,43.603113666258));
#126 = CARTESIAN_POINT('',(0.,71.408428416688,44.779758744685));
#127 = CARTESIAN_POINT('',(0.,71.888110222471,46.15770216223));
#128 = CARTESIAN_POINT('',(0.,72.257007774398,47.831877357431));
#129 = CARTESIAN_POINT('',(0.,72.524620459335,50.035310639687));
#130 = CARTESIAN_POINT('',(0.,72.715550247794,55.467405677852));
#131 = CARTESIAN_POINT('',(0.,72.966486589325,60.267801856664));
#132 = CARTESIAN_POINT('',(0.,72.37934000594,67.732198143336));
#133 = VECTOR('',#134,1.);
#134 = DIRECTION('',(1.,0.,0.));
#135 = DEFINITIONAL_REPRESENTATION('',(#136),#140);
#136 = LINE('',#137,#138);
#137 = CARTESIAN_POINT('',(328.90404080344,0.));
#138 = VECTOR('',#139,1.);
#139 = DIRECTION('',(0.,-1.));
#140 = ( GEOMETRIC_REPRESENTATION_CONTEXT(2) 
PARAMETRIC_REPRESENTATION_CONTEXT() REPRESENTATION_CONTEXT('2D SPACE',''
  ) );
#141 = PCURVE('',#32,#142);
#142 = DEFINITIONAL_REPRESENTATION('',(#143),#147);
#143 = LINE('',#144,#145);
#144 = CARTESIAN_POINT('',(0.,0.));
#145 = VECTOR('',#146,1.);
#146 = DIRECTION('',(0.,-1.));
#147 = ( GEOMETRIC_REPRESENTATION_CONTEXT(2) 
PARAMETRIC_REPRESENTATION_CONTEXT() REPRESENTATION_CONTEXT('2D SPACE',''
  ) );
#148 = ORIENTED_EDGE('',*,*,#149,.F.);
#149 = EDGE_CURVE('',#150,#22,#152,.T.);
#150 = VERTEX_POINT('',#151);
#151 = CARTESIAN_POINT('',(0.,31.,35.928539834735));
#152 = SURFACE_CURVE('',#153,(#253,#260),.PCURVE_S1.);
#153 = B_SPLINE_CURVE_WITH_KNOTS('',3,(#154,#155,#156,#157,#158,#159,
    #160,#161,#162,#163,#164,#165,#166,#167,#168,#169,#170,#171,#172,
    #173,#174,#175,#176,#177,#178,#179,#180,#181,#182,#183,#184,#185,
    #186,#187,#188,#189,#190,#191,#192,#193,#194,#195,#196,#197,#198,
    #199,#200,#201,#202,#203,#204,#205,#206,#207,#208,#209,#210,#211,
    #212,#213,#214,#215,#216,#217,#218,#219,#220,#221,#222,#223,#224,
    #225,#226,#227,#228,#229,#230,#231,#232,#233,#234,#235,#236,#237,
    #238,#239,#240,#241,#242,#243,#244,#245,#246,#247,#248,#249,#250,
    #251,#252),.UNSPECIFIED.,.T.,.F.,(1,1,2,1,1,1,1,1,1,1,1,1,1,1,1,1,1,
    1,1,1,1,1,1,1,1,1,1,1,1,1,1,1,1,1,1,1,1,1,1,1,1,1,1,1,1,1,1,1,1,1,1,
    1,1,1,1,1,1,1,1,1,1,1,1,1,1,1,1,1,1,1,1,1,1,1,1,1,1,1,1,1,1,1,1,1,1,
    1,1,1,1,1,1,1,1,1,1,1,1,1,2,1,1),(-14.25833144748,-11.32166741588,0.
    ,11.321667415889,14.258331447489,16.318214381607,17.969642458405,
    19.392211178835,20.683845910723,21.909504400643,23.117371498254,
    24.345365100043,25.624401262159,26.980600707799,28.437152382086,
    30.016055601105,31.739865912809,33.633623053919,35.727266051385,
    38.059077426378,40.681201847807,43.66948669647,47.143136811087,
    51.310003544623,56.595466481829,64.179864807086,93.459653158884,
    113.24977811474,118.37611801205,121.94923169082,124.76747189331,
    127.11912769627,129.14569226288,130.92901574698,132.52197544137,
    133.96183624236,135.27699211845,136.4907939178,137.62396668002,
    138.6962941885,139.72789679742,140.74027459888,141.75725489936,
    142.80607147451,143.91905141611,145.13690917169,146.5159093761,
    148.14509674893,150.1960031824,153.13041761015,164.4518808587,
    175.77362319313,178.70803762087,180.75894405435,182.38813142717,
    183.76713163158,184.98498938716,186.09796932877,187.14678590392,
    188.1637662044,189.17614400586,190.20774661478,191.28007412325,
    192.41324688547,193.62704868483,194.94220456091,196.38206536191,
    197.9750250563,199.7583485404,201.78491310701,204.13656890997,
    206.95480911246,210.52792279123,215.65426268853,235.44382198735,
    264.72417599635,272.30857432161,277.59403725882,281.76090399235,
    285.23455410697,288.22283895563,290.84496337706,293.17677475205,
    295.27041774952,297.16417489063,298.88798520234,300.46688842135,
    301.92344009564,303.27963954128,304.5586757034,305.78666930519,
    306.9945364028,308.22019489272,309.5118296246,310.93439834503,
    312.58582642183,314.64570935595,317.58237338755,328.90404080344,
    340.22570821933,343.16237225093),.UNSPECIFIED.);
#154 = CARTESIAN_POINT('',(0.,72.966486589325,60.267801856664));
#155 = CARTESIAN_POINT('',(0.,72.37934000594,67.732198143336));
#156 = CARTESIAN_POINT('',(0.,72.784349213326,72.532594322148));
#157 = CARTESIAN_POINT('',(0.,72.519044589439,77.964689360313));
#158 = CARTESIAN_POINT('',(0.,72.258000404488,80.168122642569));
#159 = CARTESIAN_POINT('',(0.,71.88790581029,81.84229783777));
#160 = CARTESIAN_POINT('',(0.,71.408474533118,83.220241255316));
#161 = CARTESIAN_POINT('',(0.,70.816219633928,84.396886333742));
#162 = CARTESIAN_POINT('',(0.,70.10882383311,85.422154985311));
#163 = CARTESIAN_POINT('',(0.,69.283725769019,86.326310262436));
#164 = CARTESIAN_POINT('',(0.,68.337550666004,87.129797535763));
#165 = CARTESIAN_POINT('',(0.,67.265336628246,87.847396477089));
#166 = CARTESIAN_POINT('',(0.,66.060134232525,88.490117230828));
#167 = CARTESIAN_POINT('',(0.,64.712730862205,89.066244908314));
#168 = CARTESIAN_POINT('',(0.,63.211246707908,89.582055701646));
#169 = CARTESIAN_POINT('',(0.,61.540396519282,90.042347850899));
#170 = CARTESIAN_POINT('',(0.,59.680243081407,90.450831486354));
#171 = CARTESIAN_POINT('',(0.,57.604159378631,90.810407673374));
#172 = CARTESIAN_POINT('',(0.,55.275428973916,91.123365183893));
#173 = CARTESIAN_POINT('',(0.,52.641254584553,91.391520829605));
#174 = CARTESIAN_POINT('',(0.,49.621281521718,91.616316674204));
#175 = CARTESIAN_POINT('',(0.,46.082806974982,91.798919822392));
#176 = CARTESIAN_POINT('',(0.,41.776267545562,91.94022768595));
#177 = CARTESIAN_POINT('',(0.,36.098104940249,92.04168243076));
#178 = CARTESIAN_POINT('',(0.,22.048333285228,92.130452247429));
#179 = CARTESIAN_POINT('',(0.,3.163544567022,92.074424142117));
#180 = CARTESIAN_POINT('',(0.,-14.90199587236,92.129276524922));
#181 = CARTESIAN_POINT('',(0.,-24.39835258759,92.041772928123));
#182 = CARTESIAN_POINT('',(0.,-28.23647913878,91.940187931096));
#183 = CARTESIAN_POINT('',(0.,-31.14767734216,91.798853670557));
#184 = CARTESIAN_POINT('',(0.,-33.53989867665,91.616153535173));
#185 = CARTESIAN_POINT('',(0.,-35.58184407303,91.391190150997));
#186 = CARTESIAN_POINT('',(0.,-37.36323633851,91.122748461856));
#187 = CARTESIAN_POINT('',(0.,-38.93841895326,90.80932656323));
#188 = CARTESIAN_POINT('',(0.,-40.34310331517,90.44902125825));
#189 = CARTESIAN_POINT('',(0.,-41.60210933442,90.039428905152));
#190 = CARTESIAN_POINT('',(0.,-42.73338698621,89.577509544685));
#191 = CARTESIAN_POINT('',(0.,-43.75027333156,89.059416764335));
#192 = CARTESIAN_POINT('',(0.,-44.66282628056,88.480285599614));
#193 = CARTESIAN_POINT('',(0.,-45.47865436122,87.833962499482));
#194 = CARTESIAN_POINT('',(0.,-46.20349352484,87.112617506641));
#195 = CARTESIAN_POINT('',(0.,-46.84169543283,86.306078889876));
#196 = CARTESIAN_POINT('',(0.,-47.39669117273,85.400571866356));
#197 = CARTESIAN_POINT('',(0.,-47.87138333284,84.376314959383));
#198 = CARTESIAN_POINT('',(0.,-48.26835979541,83.202894681819));
#199 = CARTESIAN_POINT('',(0.,-48.58999350129,81.829512949382));
#200 = CARTESIAN_POINT('',(0.,-48.83825314562,80.159980266064));
#201 = CARTESIAN_POINT('',(0.,-49.0162477832,77.961066996298));
#202 = CARTESIAN_POINT('',(0.,-49.17023829355,72.526372590576));
#203 = CARTESIAN_POINT('',(0.,-49.07688731594,64.000046512142));
#204 = CARTESIAN_POINT('',(0.,-49.17024068574,55.473720424217));
#205 = CARTESIAN_POINT('',(0.,-49.01624780283,50.038933003575));
#206 = CARTESIAN_POINT('',(0.,-48.83825314216,47.840019733958));
#207 = CARTESIAN_POINT('',(0.,-48.58999350199,46.170487050614));
#208 = CARTESIAN_POINT('',(0.,-48.26835979526,44.797105318182));
#209 = CARTESIAN_POINT('',(0.,-47.87138333287,43.623685040617));
#210 = CARTESIAN_POINT('',(0.,-47.39669117272,42.599428133644));
#211 = CARTESIAN_POINT('',(0.,-46.84169543283,41.693921110124));
#212 = CARTESIAN_POINT('',(0.,-46.20349352484,40.887382493359));
#213 = CARTESIAN_POINT('',(0.,-45.47865436122,40.166037500518));
#214 = CARTESIAN_POINT('',(0.,-44.66282628056,39.519714400386));
#215 = CARTESIAN_POINT('',(0.,-43.75027333156,38.940583235665));
#216 = CARTESIAN_POINT('',(0.,-42.73338698621,38.422490455315));
#217 = CARTESIAN_POINT('',(0.,-41.60210933442,37.960571094848));
#218 = CARTESIAN_POINT('',(0.,-40.34310331517,37.55097874175));
#219 = CARTESIAN_POINT('',(0.,-38.93841895326,37.190673436771));
#220 = CARTESIAN_POINT('',(0.,-37.36323633851,36.877251538139));
#221 = CARTESIAN_POINT('',(0.,-35.58184407303,36.608809849022));
#222 = CARTESIAN_POINT('',(0.,-33.53989867665,36.383846464737));
#223 = CARTESIAN_POINT('',(0.,-31.14767734216,36.201146329871));
#224 = CARTESIAN_POINT('',(0.,-28.23647913879,36.059812066739));
#225 = CARTESIAN_POINT('',(0.,-24.39835258756,35.958227084286));
#226 = CARTESIAN_POINT('',(0.,-14.90218442171,35.870725058177));
#227 = CARTESIAN_POINT('',(0.,3.163356015181,35.925575618576));
#228 = CARTESIAN_POINT('',(0.,22.048144734197,35.869546688497));
#229 = CARTESIAN_POINT('',(0.,36.098104940259,35.958317559009));
#230 = CARTESIAN_POINT('',(0.,41.77626754556,36.059772315833));
#231 = CARTESIAN_POINT('',(0.,46.082806974983,36.201080177256));
#232 = CARTESIAN_POINT('',(0.,49.621281521716,36.38368332587));
#233 = CARTESIAN_POINT('',(0.,52.641254584559,36.608479170379));
#234 = CARTESIAN_POINT('',(0.,55.275428973899,36.87663481611));
#235 = CARTESIAN_POINT('',(0.,57.604159378683,37.189592326625));
#236 = CARTESIAN_POINT('',(0.,59.680243081242,37.549168513646));
#237 = CARTESIAN_POINT('',(0.,61.540396519814,37.957652149101));
#238 = CARTESIAN_POINT('',(0.,63.211246706177,38.417944298354));
#239 = CARTESIAN_POINT('',(0.,64.712730867891,38.933755091686));
#240 = CARTESIAN_POINT('',(0.,66.060134213629,39.509882769172));
#241 = CARTESIAN_POINT('',(0.,67.265336692003,40.152603522911));
#242 = CARTESIAN_POINT('',(0.,68.337550446269,40.870202464237));
#243 = CARTESIAN_POINT('',(0.,69.283726548951,41.673689737564));
#244 = CARTESIAN_POINT('',(0.,70.108820953369,42.577845014689));
#245 = CARTESIAN_POINT('',(0.,70.816230813944,43.603113666258));
#246 = CARTESIAN_POINT('',(0.,71.408428416688,44.779758744685));
#247 = CARTESIAN_POINT('',(0.,71.888110222471,46.15770216223));
#248 = CARTESIAN_POINT('',(0.,72.257007774398,47.831877357431));
#249 = CARTESIAN_POINT('',(0.,72.524620459335,50.035310639687));
#250 = CARTESIAN_POINT('',(0.,72.715550247794,55.467405677852));
#251 = CARTESIAN_POINT('',(0.,72.966486589325,60.267801856664));
#252 = CARTESIAN_POINT('',(0.,72.37934000594,67.732198143336));
#253 = PCURVE('',#32,#254);
#254 = DEFINITIONAL_REPRESENTATION('',(#255),#259);
#255 = LINE('',#256,#257);
#256 = CARTESIAN_POINT('',(0.,0.));
#257 = VECTOR('',#258,1.);
#258 = DIRECTION('',(1.,0.));
#259 = ( GEOMETRIC_REPRESENTATION_CONTEXT(2) 
PARAMETRIC_REPRESENTATION_CONTEXT() REPRESENTATION_CONTEXT('2D SPACE',''
  ) );
#260 = PCURVE('',#261,#364);
#261 = SURFACE_OF_LINEAR_EXTRUSION('',#262,#362);
#262 = B_SPLINE_CURVE_WITH_KNOTS('',3,(#263,#264,#265,#266,#267,#268,
    #269,#270,#271,#272,#273,#274,#275,#276,#277,#278,#279,#280,#281,
    #282,#283,#284,#285,#286,#287,#288,#289,#290,#291,#292,#293,#294,
    #295,#296,#297,#298,#299,#300,#301,#302,#303,#304,#305,#306,#307,
    #308,#309,#310,#311,#312,#313,#314,#315,#316,#317,#318,#319,#320,
    #321,#322,#323,#324,#325,#326,#327,#328,#329,#330,#331,#332,#333,
    #334,#335,#336,#337,#338,#339,#340,#341,#342,#343,#344,#345,#346,
    #347,#348,#349,#350,#351,#352,#353,#354,#355,#356,#357,#358,#359,
    #360,#361),.UNSPECIFIED.,.T.,.F.,(1,1,2,1,1,1,1,1,1,1,1,1,1,1,1,1,1,
    1,1,1,1,1,1,1,1,1,1,1,1,1,1,1,1,1,1,1,1,1,1,1,1,1,1,1,1,1,1,1,1,1,1,
    1,1,1,1,1,1,1,1,1,1,1,1,1,1,1,1,1,1,1,1,1,1,1,1,1,1,1,1,1,1,1,1,1,1,
    1,1,1,1,1,1,1,1,1,1,1,1,1,2,1,1),(-14.25833144748,-11.32166741588,0.
    ,11.321667415889,14.258331447489,16.318214381607,17.969642458405,
    19.392211178835,20.683845910723,21.909504400643,23.117371498254,
    24.345365100043,25.624401262159,26.980600707799,28.437152382086,
    30.016055601105,31.739865912809,33.633623053919,35.727266051385,
    38.059077426378,40.681201847807,43.66948669647,47.143136811087,
    51.310003544623,56.595466481829,64.179864807086,93.459653158884,
    113.24977811474,118.37611801205,121.94923169082,124.76747189331,
    127.11912769627,129.14569226288,130.92901574698,132.52197544137,
    133.96183624236,135.27699211845,136.4907939178,137.62396668002,
    138.6962941885,139.72789679742,140.74027459888,141.75725489936,
    142.80607147451,143.91905141611,145.13690917169,146.5159093761,
    148.14509674893,150.1960031824,153.13041761015,164.4518808587,
    175.77362319313,178.70803762087,180.75894405435,182.38813142717,
    183.76713163158,184.98498938716,186.09796932877,187.14678590392,
    188.1637662044,189.17614400586,190.20774661478,191.28007412325,
    192.41324688547,193.62704868483,194.94220456091,196.38206536191,
    197.9750250563,199.7583485404,201.78491310701,204.13656890997,
    206.95480911246,210.52792279123,215.65426268853,235.44382198735,
    264.72417599635,272.30857432161,277.59403725882,281.76090399235,
    285.23455410697,288.22283895563,290.84496337706,293.17677475205,
    295.27041774952,297.16417489063,298.88798520234,300.46688842135,
    301.92344009564,303.27963954128,304.5586757034,305.78666930519,
    306.9945364028,308.22019489272,309.5118296246,310.93439834503,
    312.58582642183,314.64570935595,317.58237338755,328.90404080344,
    340.22570821933,343.16237225093),.UNSPECIFIED.);
#263 = CARTESIAN_POINT('',(0.,72.966486589325,60.267801856664));
#264 = CARTESIAN_POINT('',(0.,72.37934000594,67.732198143336));
#265 = CARTESIAN_POINT('',(0.,72.784349213326,72.532594322148));
#266 = CARTESIAN_POINT('',(0.,72.519044589439,77.964689360313));
#267 = CARTESIAN_POINT('',(0.,72.258000404488,80.168122642569));
#268 = CARTESIAN_POINT('',(0.,71.88790581029,81.84229783777));
#269 = CARTESIAN_POINT('',(0.,71.408474533118,83.220241255316));
#270 = CARTESIAN_POINT('',(0.,70.816219633928,84.396886333742));
#271 = CARTESIAN_POINT('',(0.,70.10882383311,85.422154985311));
#272 = CARTESIAN_POINT('',(0.,69.283725769019,86.326310262436));
#273 = CARTESIAN_POINT('',(0.,68.337550666004,87.129797535763));
#274 = CARTESIAN_POINT('',(0.,67.265336628246,87.847396477089));
#275 = CARTESIAN_POINT('',(0.,66.060134232525,88.490117230828));
#276 = CARTESIAN_POINT('',(0.,64.712730862205,89.066244908314));
#277 = CARTESIAN_POINT('',(0.,63.211246707908,89.582055701646));
#278 = CARTESIAN_POINT('',(0.,61.540396519282,90.042347850899));
#279 = CARTESIAN_POINT('',(0.,59.680243081407,90.450831486354));
#280 = CARTESIAN_POINT('',(0.,57.604159378631,90.810407673374));
#281 = CARTESIAN_POINT('',(0.,55.275428973916,91.123365183893));
#282 = CARTESIAN_POINT('',(0.,52.641254584553,91.391520829605));
#283 = CARTESIAN_POINT('',(0.,49.621281521718,91.616316674204));
#284 = CARTESIAN_POINT('',(0.,46.082806974982,91.798919822392));
#285 = CARTESIAN_POINT('',(0.,41.776267545562,91.94022768595));
#286 = CARTESIAN_POINT('',(0.,36.098104940249,92.04168243076));
#287 = CARTESIAN_POINT('',(0.,22.048333285228,92.130452247429));
#288 = CARTESIAN_POINT('',(0.,3.163544567022,92.074424142117));
#289 = CARTESIAN_POINT('',(0.,-14.90199587236,92.129276524922));
#290 = CARTESIAN_POINT('',(0.,-24.39835258759,92.041772928123));
#291 = CARTESIAN_POINT('',(0.,-28.23647913878,91.940187931096));
#292 = CARTESIAN_POINT('',(0.,-31.14767734216,91.798853670557));
#293 = CARTESIAN_POINT('',(0.,-33.53989867665,91.616153535173));
#294 = CARTESIAN_POINT('',(0.,-35.58184407303,91.391190150997));
#295 = CARTESIAN_POINT('',(0.,-37.36323633851,91.122748461856));
#296 = CARTESIAN_POINT('',(0.,-38.93841895326,90.80932656323));
#297 = CARTESIAN_POINT('',(0.,-40.34310331517,90.44902125825));
#298 = CARTESIAN_POINT('',(0.,-41.60210933442,90.039428905152));
#299 = CARTESIAN_POINT('',(0.,-42.73338698621,89.577509544685));
#300 = CARTESIAN_POINT('',(0.,-43.75027333156,89.059416764335));
#301 = CARTESIAN_POINT('',(0.,-44.66282628056,88.480285599614));
#302 = CARTESIAN_POINT('',(0.,-45.47865436122,87.833962499482));
#303 = CARTESIAN_POINT('',(0.,-46.20349352484,87.112617506641));
#304 = CARTESIAN_POINT('',(0.,-46.84169543283,86.306078889876));
#305 = CARTESIAN_POINT('',(0.,-47.39669117273,85.400571866356));
#306 = CARTESIAN_POINT('',(0.,-47.87138333284,84.376314959383));
#307 = CARTESIAN_POINT('',(0.,-48.26835979541,83.202894681819));
#308 = CARTESIAN_POINT('',(0.,-48.58999350129,81.829512949382));
#309 = CARTESIAN_POINT('',(0.,-48.83825314562,80.159980266064));
#310 = CARTESIAN_POINT('',(0.,-49.0162477832,77.961066996298));
#311 = CARTESIAN_POINT('',(0.,-49.17023829355,72.526372590576));
#312 = CARTESIAN_POINT('',(0.,-49.07688731594,64.000046512142));
#313 = CARTESIAN_POINT('',(0.,-49.17024068574,55.473720424217));
#314 = CARTESIAN_POINT('',(0.,-49.01624780283,50.038933003575));
#315 = CARTESIAN_POINT('',(0.,-48.83825314216,47.840019733958));
#316 = CARTESIAN_POINT('',(0.,-48.58999350199,46.170487050614));
#317 = CARTESIAN_POINT('',(0.,-48.26835979526,44.797105318182));
#318 = CARTESIAN_POINT('',(0.,-47.87138333287,43.623685040617));
#319 = CARTESIAN_POINT('',(0.,-47.39669117272,42.599428133644));
#320 = CARTESIAN_POINT('',(0.,-46.84169543283,41.693921110124));
#321 = CARTESIAN_POINT('',(0.,-46.20349352484,40.887382493359));
#322 = CARTESIAN_POINT('',(0.,-45.47865436122,40.166037500518));
#323 = CARTESIAN_POINT('',(0.,-44.66282628056,39.519714400386));
#324 = CARTESIAN_POINT('',(0.,-43.75027333156,38.940583235665));
#325 = CARTESIAN_POINT('',(0.,-42.73338698621,38.422490455315));
#326 = CARTESIAN_POINT('',(0.,-41.60210933442,37.960571094848));
#327 = CARTESIAN_POINT('',(0.,-40.34310331517,37.55097874175));
#328 = CARTESIAN_POINT('',(0.,-38.93841895326,37.190673436771));
#329 = CARTESIAN_POINT('',(0.,-37.36323633851,36.877251538139));
#330 = CARTESIAN_POINT('',(0.,-35.58184407303,36.608809849022));
#331 = CARTESIAN_POINT('',(0.,-33.53989867665,36.383846464737));
#332 = CARTESIAN_POINT('',(0.,-31.14767734216,36.201146329871));
#333 = CARTESIAN_POINT('',(0.,-28.23647913879,36.059812066739));
#334 = CARTESIAN_POINT('',(0.,-24.39835258756,35.958227084286));
#335 = CARTESIAN_POINT('',(0.,-14.90218442171,35.870725058177));
#336 = CARTESIAN_POINT('',(0.,3.163356015181,35.925575618576));
#337 = CARTESIAN_POINT('',(0.,22.048144734197,35.869546688497));
#338 = CARTESIAN_POINT('',(0.,36.098104940259,35.958317559009));
#339 = CARTESIAN_POINT('',(0.,41.77626754556,36.059772315833));
#340 = CARTESIAN_POINT('',(0.,46.082806974983,36.201080177256));
#341 = CARTESIAN_POINT('',(0.,49.621281521716,36.38368332587));
#342 = CARTESIAN_POINT('',(0.,52.641254584559,36.608479170379));
#343 = CARTESIAN_POINT('',(0.,55.275428973899,36.87663481611));
#344 = CARTESIAN_POINT('',(0.,57.604159378683,37.189592326625));
#345 = CARTESIAN_POINT('',(0.,59.680243081242,37.549168513646));
#346 = CARTESIAN_POINT('',(0.,61.540396519814,37.957652149101));
#347 = CARTESIAN_POINT('',(0.,63.211246706177,38.417944298354));
#348 = CARTESIAN_POINT('',(0.,64.712730867891,38.933755091686));
#349 = CARTESIAN_POINT('',(0.,66.060134213629,39.509882769172));
#350 = CARTESIAN_POINT('',(0.,67.265336692003,40.152603522911));
#351 = CARTESIAN_POINT('',(0.,68.337550446269,40.870202464237));
#352 = CARTESIAN_POINT('',(0.,69.283726548951,41.673689737564));
#353 = CARTESIAN_POINT('',(0.,70.108820953369,42.577845014689));
#354 = CARTESIAN_POINT('',(0.,70.816230813944,43.603113666258));
#355 = CARTESIAN_POINT('',(0.,71.408428416688,44.779758744685));
#356 = CARTESIAN_POINT('',(0.,71.888110222471,46.15770216223));
#357 = CARTESIAN_POINT('',(0.,72.257007774398,47.831877357431));
#358 = CARTESIAN_POINT('',(0.,72.524620459335,50.035310639687));
#359 = CARTESIAN_POINT('',(0.,72.715550247794,55.467405677852));
#360 = CARTESIAN_POINT('',(0.,72.966486589325,60.267801856664));
#361 = CARTESIAN_POINT('',(0.,72.37934000594,67.732198143336));
#362 = VECTOR('',#363,1.);
#363 = DIRECTION('',(-1.,-0.,-0.));
#364 = DEFINITIONAL_REPRESENTATION('',(#365),#369);
#365 = LINE('',#366,#367);
#366 = CARTESIAN_POINT('',(0.,0.));
#367 = VECTOR('',#368,1.);
#368 = DIRECTION('',(1.,0.));
#369 = ( GEOMETRIC_REPRESENTATION_CONTEXT(2) 
PARAMETRIC_REPRESENTATION_CONTEXT() REPRESENTATION_CONTEXT('2D SPACE',''
  ) );
#370 = ORIENTED_EDGE('',*,*,#371,.T.);
#371 = EDGE_CURVE('',#150,#372,#374,.T.);
#372 = VERTEX_POINT('',#373);
#373 = CARTESIAN_POINT('',(0.,-31.,36.204092532792));
#374 = SURFACE_CURVE('',#375,(#483,#594),.PCURVE_S1.);
#375 = B_SPLINE_CURVE_WITH_KNOTS('',8,(#376,#377,#378,#379,#380,#381,
    #382,#383,#384,#385,#386,#387,#388,#389,#390,#391,#392,#393,#394,
    #395,#396,#397,#398,#399,#400,#401,#402,#403,#404,#405,#406,#407,
    #408,#409,#410,#411,#412,#413,#414,#415,#416,#417,#418,#419,#420,
    #421,#422,#423,#424,#425,#426,#427,#428,#429,#430,#431,#432,#433,
    #434,#435,#436,#437,#438,#439,#440,#441,#442,#443,#444,#445,#446,
    #447,#448,#449,#450,#451,#452,#453,#454,#455,#456,#457,#458,#459,
    #460,#461,#462,#463,#464,#465,#466,#467,#468,#469,#470,#471,#472,
    #473,#474,#475,#476,#477,#478,#479,#480,#481,#482),.UNSPECIFIED.,.F.
  ,.F.,(9,7,7,7,7,7,7,7,7,7,7,7,7,7,7,9),(0.,7.886584273398E-02,
    0.119682294982,0.163416488405,0.432598882244,0.469451260057,
    0.505790853338,0.566369213508,0.719620018565,0.757985057076,
    0.784252468803,0.82107179078,0.855367274465,0.896040678771,
    0.93500734027,1.),.UNSPECIFIED.);
#376 = CARTESIAN_POINT('',(5.999999999062E-07,31.,35.928539834735));
#377 = CARTESIAN_POINT('',(-0.960081564207,31.000000018582,
    35.928539834838));
#378 = CARTESIAN_POINT('',(-1.920170134571,30.966018182662,
    35.92835205315));
#379 = CARTESIAN_POINT('',(-2.87885247284,30.898053708181,
    35.927976465084));
#380 = CARTESIAN_POINT('',(-3.834724689275,30.796177172109,
    35.927418642591));
#381 = CARTESIAN_POINT('',(-4.786391391635,30.660527891035,
    35.926689648594));
#382 = CARTESIAN_POINT('',(-5.732465649032,30.491313039502,
    35.925805039593));
#383 = CARTESIAN_POINT('',(-6.671569170647,30.288808508104,
    35.92478297645));
#384 = CARTESIAN_POINT('',(-8.084042699538,29.9315075887,35.923050651033
    ));
#385 = CARTESIAN_POINT('',(-8.56352072691,29.800829526823,
    35.922427708236));
#386 = CARTESIAN_POINT('',(-9.040577873133,29.661375114553,
    35.921775567651));
#387 = CARTESIAN_POINT('',(-9.515026754608,29.513196902583,
    35.921096477266));
#388 = CARTESIAN_POINT('',(-9.986681516057,29.356352192122,
    35.920392401935));
#389 = CARTESIAN_POINT('',(-10.45535783416,29.190903033581,
    35.919665444974));
#390 = CARTESIAN_POINT('',(-10.9208729212,29.016916225258,
    35.918918269755));
#391 = CARTESIAN_POINT('',(-11.87825628553,28.638967854702,
    35.91733617671));
#392 = CARTESIAN_POINT('',(-12.3696301765,28.433752414873,
    35.916498606027));
#393 = CARTESIAN_POINT('',(-12.85694418437,28.218905052407,
    35.915645715696));
#394 = CARTESIAN_POINT('',(-13.33997812126,27.994519764742,
    35.914781436052));
#395 = CARTESIAN_POINT('',(-13.81851462862,27.760696486875,
    35.913909721324));
#396 = CARTESIAN_POINT('',(-14.29233917722,27.517541091368,
    35.913034549632));
#397 = CARTESIAN_POINT('',(-14.76124006717,27.265165388341,
    35.912159922984));
#398 = CARTESIAN_POINT('',(-18.07948607458,25.394297784454,
    35.905934705602));
#399 = CARTESIAN_POINT('',(-20.7418014821,23.438787177751,
    35.900746750339));
#400 = CARTESIAN_POINT('',(-23.15914164059,21.165677665366,
    35.896651420331));
#401 = CARTESIAN_POINT('',(-25.28869369291,18.611907783689,
    35.894476310898));
#402 = CARTESIAN_POINT('',(-27.09395880638,15.819349947321,
    35.894542788091));
#403 = CARTESIAN_POINT('',(-28.54571730939,12.835301114532,
    35.896319843329));
#404 = CARTESIAN_POINT('',(-29.62125684747,9.711712696595,
    35.898599972866));
#405 = CARTESIAN_POINT('',(-30.40332297579,6.069528843057,
    35.900187521553));
#406 = CARTESIAN_POINT('',(-30.49024543018,5.629382889027,
    35.900362176306));
#407 = CARTESIAN_POINT('',(-30.56988462769,5.187819247398,
    35.900516708976));
#408 = CARTESIAN_POINT('',(-30.64221371233,4.744978752612,
    35.900647489356));
#409 = CARTESIAN_POINT('',(-30.70720912201,4.301002666626,
    35.900750862962));
#410 = CARTESIAN_POINT('',(-30.76485058853,3.856032678913,35.90082315103
    ));
#411 = CARTESIAN_POINT('',(-30.81512113757,3.410210906465,35.90086065052
    ));
#412 = CARTESIAN_POINT('',(-30.90029630081,2.523362162587,
    35.900858631851));
#413 = CARTESIAN_POINT('',(-30.93540496996,2.08235494407,35.900819812197
    ));
#414 = CARTESIAN_POINT('',(-30.96331999485,1.640794739135,
    35.900741956439));
#415 = CARTESIAN_POINT('',(-30.98403138524,1.198818320741,
    35.900615867319));
#416 = CARTESIAN_POINT('',(-30.99753225848,0.756562733863,
    35.900444469927));
#417 = CARTESIAN_POINT('',(-31.00381885242,0.314165294775,35.90022492162
    ));
#418 = CARTESIAN_POINT('',(-31.00289055514,-0.128236409426,
    35.899940661888));
#419 = CARTESIAN_POINT('',(-30.98117950895,-1.307768602758,
    35.899062339698));
#420 = CARTESIAN_POINT('',(-30.94756653884,-2.044665700055,
    35.898383600004));
#421 = CARTESIAN_POINT('',(-30.89392286389,-2.780557572261,
    35.897613731825));
#422 = CARTESIAN_POINT('',(-30.82028439237,-3.514808705058,
    35.896791785796));
#423 = CARTESIAN_POINT('',(-30.72671110675,-4.246786337114,
    35.895956586195));
#424 = CARTESIAN_POINT('',(-30.61328705179,-4.975860487615,
    35.895146071742));
#425 = CARTESIAN_POINT('',(-30.48012032263,-5.701403983797,
    35.894396636408));
#426 = CARTESIAN_POINT('',(-29.94084794953,-8.247757191884,
    35.892087564135));
#427 = CARTESIAN_POINT('',(-29.42880660871,-10.0463271355,
    35.891042400203));
#428 = CARTESIAN_POINT('',(-28.79336625796,-11.8081543783,
    35.891160713881));
#429 = CARTESIAN_POINT('',(-28.03768575561,-13.52336953081,35.8929100722
    ));
#430 = CARTESIAN_POINT('',(-27.16580778294,-15.18252651571,
    35.89660589467));
#431 = CARTESIAN_POINT('',(-26.18261254386,-16.77658762708,
    35.902375771816));
#432 = CARTESIAN_POINT('',(-25.09385297211,-18.29694888826,
    35.910154081362));
#433 = CARTESIAN_POINT('',(-23.60897048888,-20.09563620005,
    35.92209836963));
#434 = CARTESIAN_POINT('',(-23.30546967437,-20.45064795322,
    35.924597685694));
#435 = CARTESIAN_POINT('',(-22.99587231332,-20.80041586148,
    35.927237030936));
#436 = CARTESIAN_POINT('',(-22.68028460333,-21.14481755345,
    35.930045333947));
#437 = CARTESIAN_POINT('',(-22.35881558359,-21.4837333788,
    35.933046561254));
#438 = CARTESIAN_POINT('',(-22.03157711561,-21.81704640111,
    35.936259093915));
#439 = CARTESIAN_POINT('',(-21.69868388961,-22.14464239765,
    35.939696190658));
#440 = CARTESIAN_POINT('',(-21.12854010862,-22.68671457302,
    35.945881200633));
#441 = CARTESIAN_POINT('',(-20.89423097731,-22.90428709787,
    35.948504655747));
#442 = CARTESIAN_POINT('',(-20.65736375673,-23.11909168684,
    35.95124078628));
#443 = CARTESIAN_POINT('',(-20.41797669335,-23.33109324384,
    35.954091546962));
#444 = CARTESIAN_POINT('',(-20.17610858611,-23.54025733035,
    35.957057963875));
#445 = CARTESIAN_POINT('',(-19.93179878641,-23.74655016542,
    35.960140134453));
#446 = CARTESIAN_POINT('',(-19.68508719814,-23.94993862566,
    35.963337227483));
#447 = CARTESIAN_POINT('',(-19.08688600606,-24.43136550083,
    35.971287505073));
#448 = CARTESIAN_POINT('',(-18.73311797853,-24.70657064404,
    35.976148630856));
#449 = CARTESIAN_POINT('',(-18.3748221266,-24.97591585186,
    35.981235484282));
#450 = CARTESIAN_POINT('',(-18.01211055103,-25.23931536484,
    35.986512999429));
#451 = CARTESIAN_POINT('',(-17.64510007241,-25.49668387526,
    35.992006943988));
#452 = CARTESIAN_POINT('',(-17.27390751341,-25.74794043094,
    35.997695413428));
#453 = CARTESIAN_POINT('',(-16.89865203187,-25.99300627657,
    36.003569681445));
#454 = CARTESIAN_POINT('',(-16.16624980183,-26.45423588435,
    36.015245060775));
#455 = CARTESIAN_POINT('',(-15.8096247397,-26.67122943803,
    36.021023535572));
#456 = CARTESIAN_POINT('',(-15.44967704777,-26.88272487691,
    36.02693781815));
#457 = CARTESIAN_POINT('',(-15.08650550811,-27.08866310944,
    36.03297336583));
#458 = CARTESIAN_POINT('',(-14.72021002678,-27.28898723901,
    36.039113554719));
#459 = CARTESIAN_POINT('',(-14.35089163589,-27.48364255135,
    36.045339986373));
#460 = CARTESIAN_POINT('',(-13.97865249561,-27.67257650186,
    36.051632794461));
#461 = CARTESIAN_POINT('',(-13.15879013571,-28.07296352277,
    36.065487813488));
#462 = CARTESIAN_POINT('',(-12.7100212316,-28.28207039407,
    36.073067685172));
#463 = CARTESIAN_POINT('',(-12.25746182857,-28.48297511759,
    36.080680622339));
#464 = CARTESIAN_POINT('',(-11.8012855005,-28.67559837291,
    36.088276236299));
#465 = CARTESIAN_POINT('',(-11.34166873066,-28.85986483275,
    36.095826426027));
#466 = CARTESIAN_POINT('',(-10.87878999909,-29.03570356908,
    36.103304893348));
#467 = CARTESIAN_POINT('',(-10.41282871361,-29.20304853634,
    36.110663961886));
#468 = CARTESIAN_POINT('',(-9.494779178048,-29.513964156,36.124772131229
    ));
#469 = CARTESIAN_POINT('',(-9.042928885048,-29.65823788902,
    36.131533261932));
#470 = CARTESIAN_POINT('',(-8.588575568573,-29.79460483923,
    36.13811869533));
#471 = CARTESIAN_POINT('',(-8.131880115433,-29.92301462301,
    36.144493971666));
#472 = CARTESIAN_POINT('',(-7.67300459401,-30.04342076354,
    36.150624796616));
#473 = CARTESIAN_POINT('',(-7.212112275437,-30.15578070456,
    36.156477749123));
#474 = CARTESIAN_POINT('',(-6.749367654788,-30.26005582427,
    36.162020989243));
#475 = CARTESIAN_POINT('',(-5.510309736154,-30.51658982282,
    36.175904700816));
#476 = CARTESIAN_POINT('',(-4.730987563352,-30.65438129738,
    36.183640619821));
#477 = CARTESIAN_POINT('',(-3.947742253585,-30.76942403269,
    36.190295352991));
#478 = CARTESIAN_POINT('',(-3.161350377311,-30.86158871694,
    36.195748410773));
#479 = CARTESIAN_POINT('',(-2.372592782278,-30.93077793015,
    36.19990401059));
#480 = CARTESIAN_POINT('',(-1.582254633687,-30.97692609512,
    36.202696379606));
#481 = CARTESIAN_POINT('',(-0.791125487945,-31.00000001531,
    36.204092533718));
#482 = CARTESIAN_POINT('',(5.999999999062E-07,-31.,36.204092532792));
#483 = PCURVE('',#32,#484);
#484 = DEFINITIONAL_REPRESENTATION('',(#485),#593);
#485 = B_SPLINE_CURVE_WITH_KNOTS('',8,(#486,#487,#488,#489,#490,#491,
    #492,#493,#494,#495,#496,#497,#498,#499,#500,#501,#502,#503,#504,
    #505,#506,#507,#508,#509,#510,#511,#512,#513,#514,#515,#516,#517,
    #518,#519,#520,#521,#522,#523,#524,#525,#526,#527,#528,#529,#530,
    #531,#532,#533,#534,#535,#536,#537,#538,#539,#540,#541,#542,#543,
    #544,#545,#546,#547,#548,#549,#550,#551,#552,#553,#554,#555,#556,
    #557,#558,#559,#560,#561,#562,#563,#564,#565,#566,#567,#568,#569,
    #570,#571,#572,#573,#574,#575,#576,#577,#578,#579,#580,#581,#582,
    #583,#584,#585,#586,#587,#588,#589,#590,#591,#592),.UNSPECIFIED.,.F.
  ,.F.,(9,7,7,7,7,7,7,7,7,7,7,7,7,7,7,9),(0.,7.886584273398E-02,
    0.119682294982,0.163416488405,0.432598882244,0.469451260057,
    0.505790853338,0.566369213508,0.719620018565,0.757985057076,
    0.784252468803,0.82107179078,0.855367274465,0.896040678771,
    0.93500734027,1.),.UNSPECIFIED.);
#486 = CARTESIAN_POINT('',(266.44412139566,5.999999999062E-07));
#487 = CARTESIAN_POINT('',(266.44412141424,-0.960081564207));
#488 = CARTESIAN_POINT('',(266.41013921855,-1.920170134571));
#489 = CARTESIAN_POINT('',(266.34217402423,-2.87885247284));
#490 = CARTESIAN_POINT('',(266.24029644001,-3.834724689275));
#491 = CARTESIAN_POINT('',(266.104645845,-4.786391391635));
#492 = CARTESIAN_POINT('',(265.9354294937,-5.732465649032));
#493 = CARTESIAN_POINT('',(265.7329233489,-6.671569170647));
#494 = CARTESIAN_POINT('',(265.37561984997,-8.084042699538));
#495 = CARTESIAN_POINT('',(265.24494088269,-8.56352072691));
#496 = CARTESIAN_POINT('',(265.10548555098,-9.040577873133));
#497 = CARTESIAN_POINT('',(264.95730640213,-9.515026754608));
#498 = CARTESIAN_POINT('',(264.80046072652,-9.986681516057));
#499 = CARTESIAN_POINT('',(264.63501056388,-10.45535783416));
#500 = CARTESIAN_POINT('',(264.46102270961,-10.9208729212));
#501 = CARTESIAN_POINT('',(264.08307211153,-11.87825628553));
#502 = CARTESIAN_POINT('',(263.87785548311,-12.3696301765));
#503 = CARTESIAN_POINT('',(263.6630068998,-12.85694418437));
#504 = CARTESIAN_POINT('',(263.43862036329,-13.33997812126));
#505 = CARTESIAN_POINT('',(263.20479581298,-13.81851462862));
#506 = CARTESIAN_POINT('',(262.96163912599,-14.29233917722));
#507 = CARTESIAN_POINT('',(262.70926211713,-14.76124006717));
#508 = CARTESIAN_POINT('',(260.83838510195,-18.07948607458));
#509 = CARTESIAN_POINT('',(258.88286603131,-20.7418014821));
#510 = CARTESIAN_POINT('',(256.60974881102,-23.15914164059));
#511 = CARTESIAN_POINT('',(254.05597322188,-25.28869369291));
#512 = CARTESIAN_POINT('',(251.26341276649,-27.09395880638));
#513 = CARTESIAN_POINT('',(248.27936506836,-28.54571730939));
#514 = CARTESIAN_POINT('',(245.15578171096,-29.62125684747));
#515 = CARTESIAN_POINT('',(241.51360775361,-30.40332297579));
#516 = CARTESIAN_POINT('',(241.07346305973,-30.49024543018));
#517 = CARTESIAN_POINT('',(240.63190074604,-30.56988462769));
#518 = CARTESIAN_POINT('',(240.18906164618,-30.64221371233));
#519 = CARTESIAN_POINT('',(239.74508702117,-30.70720912201));
#520 = CARTESIAN_POINT('',(239.30011855941,-30.76485058853));
#521 = CARTESIAN_POINT('',(238.85429837668,-30.81512113757));
#522 = CARTESIAN_POINT('',(237.96745291408,-30.90029630081));
#523 = CARTESIAN_POINT('',(237.52644738588,-30.93540496996));
#524 = CARTESIAN_POINT('',(237.0848889284,-30.96331999485));
#525 = CARTESIAN_POINT('',(236.64291431995,-30.98403138524));
#526 = CARTESIAN_POINT('',(236.20066059645,-30.99753225848));
#527 = CARTESIAN_POINT('',(235.7582650719,-31.00381885242));
#528 = CARTESIAN_POINT('',(235.31586534735,-31.00289055514));
#529 = CARTESIAN_POINT('',(234.13633853066,-30.98117950895));
#530 = CARTESIAN_POINT('',(233.39944490031,-30.94756653884));
#531 = CARTESIAN_POINT('',(232.66355652985,-30.89392286389));
#532 = CARTESIAN_POINT('',(231.92930886195,-30.82028439237));
#533 = CARTESIAN_POINT('',(231.19733458731,-30.72671110675));
#534 = CARTESIAN_POINT('',(230.46826361832,-30.61328705179));
#535 = CARTESIAN_POINT('',(229.74272306271,-30.48012032263));
#536 = CARTESIAN_POINT('',(227.19637917021,-29.94084794953));
#537 = CARTESIAN_POINT('',(225.39781397422,-29.42880660871));
#538 = CARTESIAN_POINT('',(223.63598856968,-28.79336625796));
#539 = CARTESIAN_POINT('',(221.92077154576,-28.03768575561));
#540 = CARTESIAN_POINT('',(220.26160847526,-27.16580778294));
#541 = CARTESIAN_POINT('',(218.66753691569,-26.18261254386));
#542 = CARTESIAN_POINT('',(217.14716105639,-25.09385297211));
#543 = CARTESIAN_POINT('',(215.34845095762,-23.60897048888));
#544 = CARTESIAN_POINT('',(214.99343449108,-23.30546967437));
#545 = CARTESIAN_POINT('',(214.64366092648,-22.99587231332));
#546 = CARTESIAN_POINT('',(214.29925190261,-22.68028460333));
#547 = CARTESIAN_POINT('',(213.96032643539,-22.35881558359));
#548 = CARTESIAN_POINT('',(213.62700093959,-22.03157711561));
#549 = CARTESIAN_POINT('',(213.29938921955,-21.69868388961));
#550 = CARTESIAN_POINT('',(212.75728449252,-21.12854010862));
#551 = CARTESIAN_POINT('',(212.53969705183,-20.89423097731));
#552 = CARTESIAN_POINT('',(212.32487575337,-20.65736375673));
#553 = CARTESIAN_POINT('',(212.11285560482,-20.41797669335));
#554 = CARTESIAN_POINT('',(211.90367097511,-20.17610858611));
#555 = CARTESIAN_POINT('',(211.69735559444,-19.93179878641));
#556 = CARTESIAN_POINT('',(211.49394255421,-19.68508719814));
#557 = CARTESIAN_POINT('',(211.01245172743,-19.08688600606));
#558 = CARTESIAN_POINT('',(210.73720545625,-18.73311797853));
#559 = CARTESIAN_POINT('',(210.46781372954,-18.3748221266));
#560 = CARTESIAN_POINT('',(210.20436688124,-18.01211055103));
#561 = CARTESIAN_POINT('',(209.94694417436,-17.64510007241));
#562 = CARTESIAN_POINT('',(209.69562809672,-17.27390751341));
#563 = CARTESIAN_POINT('',(209.45049637844,-16.89865203187));
#564 = CARTESIAN_POINT('',(208.98912679595,-16.16624980183));
#565 = CARTESIAN_POINT('',(208.77206002252,-15.8096247397));
#566 = CARTESIAN_POINT('',(208.56048542639,-15.44967704777));
#567 = CARTESIAN_POINT('',(208.35446204598,-15.08650550811));
#568 = CARTESIAN_POINT('',(208.15404687595,-14.72021002678));
#569 = CARTESIAN_POINT('',(207.95929486296,-14.35089163589));
#570 = CARTESIAN_POINT('',(207.77025890136,-13.97865249561));
#571 = CARTESIAN_POINT('',(207.36963826313,-13.15879013571));
#572 = CARTESIAN_POINT('',(207.16039794199,-12.7100212316));
#573 = CARTESIAN_POINT('',(206.95935294668,-12.25746182857));
#574 = CARTESIAN_POINT('',(206.76658575621,-11.8012855005));
#575 = CARTESIAN_POINT('',(206.58217097335,-11.34166873066));
#576 = CARTESIAN_POINT('',(206.40617847527,-10.87878999909));
#577 = CARTESIAN_POINT('',(206.23867694033,-10.41282871361));
#578 = CARTESIAN_POINT('',(205.92745027178,-9.494779178048));
#579 = CARTESIAN_POINT('',(205.78302235073,-9.042928885048));
#580 = CARTESIAN_POINT('',(205.6465002866,-8.588575568573));
#581 = CARTESIAN_POINT('',(205.5179357452,-8.131880115433));
#582 = CARTESIAN_POINT('',(205.39737663011,-7.67300459401));
#583 = CARTESIAN_POINT('',(205.2848670019,-7.212112275437));
#584 = CARTESIAN_POINT('',(205.18044699736,-6.749367654788));
#585 = CARTESIAN_POINT('',(204.92354316367,-5.510309736154));
#586 = CARTESIAN_POINT('',(204.78553789976,-4.730987563352));
#587 = CARTESIAN_POINT('',(204.67030558509,-3.947742253585));
#588 = CARTESIAN_POINT('',(204.57798196917,-3.161350377311));
#589 = CARTESIAN_POINT('',(204.50866981335,-2.372592782278));
#590 = CARTESIAN_POINT('',(204.46243843592,-1.582254633687));
#591 = CARTESIAN_POINT('',(204.43932291183,-0.791125487945));
#592 = CARTESIAN_POINT('',(204.43932292717,5.999999999062E-07));
#593 = ( GEOMETRIC_REPRESENTATION_CONTEXT(2) 
PARAMETRIC_REPRESENTATION_CONTEXT() REPRESENTATION_CONTEXT('2D SPACE',''
  ) );
#594 = PCURVE('',#595,#600);
#595 = CYLINDRICAL_SURFACE('',#596,31.);
#596 = AXIS2_PLACEMENT_3D('',#597,#598,#599);
#597 = CARTESIAN_POINT('',(0.,0.,30.9));
#598 = DIRECTION('',(0.,0.,1.));
#599 = DIRECTION('',(1.,0.,-0.));
#600 = DEFINITIONAL_REPRESENTATION('',(#601),#709);
#601 = B_SPLINE_CURVE_WITH_KNOTS('',8,(#602,#603,#604,#605,#606,#607,
    #608,#609,#610,#611,#612,#613,#614,#615,#616,#617,#618,#619,#620,
    #621,#622,#623,#624,#625,#626,#627,#628,#629,#630,#631,#632,#633,
    #634,#635,#636,#637,#638,#639,#640,#641,#642,#643,#644,#645,#646,
    #647,#648,#649,#650,#651,#652,#653,#654,#655,#656,#657,#658,#659,
    #660,#661,#662,#663,#664,#665,#666,#667,#668,#669,#670,#671,#672,
    #673,#674,#675,#676,#677,#678,#679,#680,#681,#682,#683,#684,#685,
    #686,#687,#688,#689,#690,#691,#692,#693,#694,#695,#696,#697,#698,
    #699,#700,#701,#702,#703,#704,#705,#706,#707,#708),.UNSPECIFIED.,.F.
  ,.F.,(9,7,7,7,7,7,7,7,7,7,7,7,7,7,7,9),(0.,7.886584273398E-02,
    0.119682294982,0.163416488405,0.432598882244,0.469451260057,
    0.505790853338,0.566369213508,0.719620018565,0.757985057076,
    0.784252468803,0.82107179078,0.855367274465,0.896040678771,
    0.93500734027,1.),.UNSPECIFIED.);
#602 = CARTESIAN_POINT('',(1.57079630744,5.028539834735));
#603 = CARTESIAN_POINT('',(1.601766699834,5.028539834838));
#604 = CARTESIAN_POINT('',(1.632737298089,5.02835205315));
#605 = CARTESIAN_POINT('',(1.663707802627,5.027976465084));
#606 = CARTESIAN_POINT('',(1.69467818907,5.027418642591));
#607 = CARTESIAN_POINT('',(1.7256485708,5.026689648594));
#608 = CARTESIAN_POINT('',(1.756619061501,5.025805039593));
#609 = CARTESIAN_POINT('',(1.787589637672,5.02478297645));
#610 = CARTESIAN_POINT('',(1.834588490989,5.023050651033));
#611 = CARTESIAN_POINT('',(1.85061698693,5.022427708236));
#612 = CARTESIAN_POINT('',(1.866645477996,5.021775567651));
#613 = CARTESIAN_POINT('',(1.882673963341,5.021096477266));
#614 = CARTESIAN_POINT('',(1.89870244718,5.020392401935));
#615 = CARTESIAN_POINT('',(1.914730933752,5.019665444974));
#616 = CARTESIAN_POINT('',(1.930759422272,5.018918269755));
#617 = CARTESIAN_POINT('',(1.963962168373,5.01733617671));
#618 = CARTESIAN_POINT('',(1.981136436997,5.016498606027));
#619 = CARTESIAN_POINT('',(1.998310706762,5.015645715696));
#620 = CARTESIAN_POINT('',(2.015484976672,5.014781436052));
#621 = CARTESIAN_POINT('',(2.032659245738,5.013909721324));
#622 = CARTESIAN_POINT('',(2.049833512973,5.013034549632));
#623 = CARTESIAN_POINT('',(2.067007777396,5.012159922984));
#624 = CARTESIAN_POINT('',(2.189888996986,5.005934705602));
#625 = CARTESIAN_POINT('',(2.295679703833,5.000746750339));
#626 = CARTESIAN_POINT('',(2.401419230437,4.996651420331));
#627 = CARTESIAN_POINT('',(2.507126707139,4.994476310898));
#628 = CARTESIAN_POINT('',(2.612836971007,4.994542788091));
#629 = CARTESIAN_POINT('',(2.718583475144,4.996319843329));
#630 = CARTESIAN_POINT('',(2.824382499273,4.998599972866));
#631 = CARTESIAN_POINT('',(2.944550308804,5.000187521553));
#632 = CARTESIAN_POINT('',(2.959020805275,5.000362176306));
#633 = CARTESIAN_POINT('',(2.973491310839,5.000516708976));
#634 = CARTESIAN_POINT('',(2.987961819049,5.000647489356));
#635 = CARTESIAN_POINT('',(3.002432326097,5.000750862962));
#636 = CARTESIAN_POINT('',(3.016902830821,5.00082315103));
#637 = CARTESIAN_POINT('',(3.031373334704,5.00086065052));
#638 = CARTESIAN_POINT('',(3.06011299833,5.000858631851));
#639 = CARTESIAN_POINT('',(3.074382149976,5.000819812197));
#640 = CARTESIAN_POINT('',(3.088651300482,5.000741956439));
#641 = CARTESIAN_POINT('',(3.102920454367,5.000615867319));
#642 = CARTESIAN_POINT('',(3.117189614128,5.000444469927));
#643 = CARTESIAN_POINT('',(3.131458777452,5.00022492162));
#644 = CARTESIAN_POINT('',(3.14572793437,4.999940661888));
#645 = CARTESIAN_POINT('',(3.183783804966,4.999062339698));
#646 = CARTESIAN_POINT('',(3.207570608018,4.998383600004));
#647 = CARTESIAN_POINT('',(3.231357389808,4.997613731825));
#648 = CARTESIAN_POINT('',(3.255144140701,4.996791785796));
#649 = CARTESIAN_POINT('',(3.278930888596,4.995956586195));
#650 = CARTESIAN_POINT('',(3.302717662552,4.995146071742));
#651 = CARTESIAN_POINT('',(3.326504456424,4.994396636408));
#652 = CARTESIAN_POINT('',(3.410466747602,4.992087564135));
#653 = CARTESIAN_POINT('',(3.470648329242,4.991042400203));
#654 = CARTESIAN_POINT('',(3.530827449753,4.991160713881));
#655 = CARTESIAN_POINT('',(3.591003230198,4.9929100722));
#656 = CARTESIAN_POINT('',(3.651178638718,4.99660589467));
#657 = CARTESIAN_POINT('',(3.71135676337,5.002375771816));
#658 = CARTESIAN_POINT('',(3.771537119443,5.010154081362));
#659 = CARTESIAN_POINT('',(3.846776259761,5.02209836963));
#660 = CARTESIAN_POINT('',(3.861840515109,5.024597685694));
#661 = CARTESIAN_POINT('',(3.876904732739,5.027237030936));
#662 = CARTESIAN_POINT('',(3.891968896732,5.030045333947));
#663 = CARTESIAN_POINT('',(3.907032996564,5.033046561254));
#664 = CARTESIAN_POINT('',(3.922097023468,5.036259093915));
#665 = CARTESIAN_POINT('',(3.937160966412,5.039696190658));
#666 = CARTESIAN_POINT('',(3.962538576115,5.045881200633));
#667 = CARTESIAN_POINT('',(3.972852300051,5.048504655747));
#668 = CARTESIAN_POINT('',(3.983165976553,5.05124078628));
#669 = CARTESIAN_POINT('',(3.993479603138,5.054091546962));
#670 = CARTESIAN_POINT('',(4.003793177808,5.057057963875));
#671 = CARTESIAN_POINT('',(4.014106699057,5.060140134453));
#672 = CARTESIAN_POINT('',(4.024420165862,5.063337227483));
#673 = CARTESIAN_POINT('',(4.049190001298,5.071287505073));
#674 = CARTESIAN_POINT('',(4.063646324934,5.076148630856));
#675 = CARTESIAN_POINT('',(4.078102522826,5.081235484282));
#676 = CARTESIAN_POINT('',(4.092558646823,5.086512999429));
#677 = CARTESIAN_POINT('',(4.107014636046,5.092006943988));
#678 = CARTESIAN_POINT('',(4.121470510965,5.097695413428));
#679 = CARTESIAN_POINT('',(4.135926268416,5.103569681445));
#680 = CARTESIAN_POINT('',(4.163846658021,5.115245060775));
#681 = CARTESIAN_POINT('',(4.177311314025,5.121023535572));
#682 = CARTESIAN_POINT('',(4.19077587379,5.12693781815));
#683 = CARTESIAN_POINT('',(4.204240344752,5.13297336583));
#684 = CARTESIAN_POINT('',(4.21770473905,5.139113554719));
#685 = CARTESIAN_POINT('',(4.231169071175,5.145339986373));
#686 = CARTESIAN_POINT('',(4.244633355619,5.151632794461));
#687 = CARTESIAN_POINT('',(4.274065795686,5.165487813488));
#688 = CARTESIAN_POINT('',(4.29003394835,5.173067685172));
#689 = CARTESIAN_POINT('',(4.306002070666,5.180680622339));
#690 = CARTESIAN_POINT('',(4.321970212808,5.188276236299));
#691 = CARTESIAN_POINT('',(4.337938392112,5.195826426027));
#692 = CARTESIAN_POINT('',(4.353906620481,5.203304893348));
#693 = CARTESIAN_POINT('',(4.369874937372,5.210663961886));
#694 = CARTESIAN_POINT('',(4.401141697245,5.224772131229));
#695 = CARTESIAN_POINT('',(4.416440144995,5.231533261932));
#696 = CARTESIAN_POINT('',(4.431738708911,5.23811869533));
#697 = CARTESIAN_POINT('',(4.447037408207,5.244493971666));
#698 = CARTESIAN_POINT('',(4.462336262793,5.250624796616));
#699 = CARTESIAN_POINT('',(4.477635288748,5.256477749123));
#700 = CARTESIAN_POINT('',(4.49293449379,5.262020989243));
#701 = CARTESIAN_POINT('',(4.533751771687,5.275904700816));
#702 = CARTESIAN_POINT('',(4.559270272337,5.283640619821));
#703 = CARTESIAN_POINT('',(4.584789241816,5.290295352991));
#704 = CARTESIAN_POINT('',(4.610308627465,5.295748410773));
#705 = CARTESIAN_POINT('',(4.635828402107,5.29990401059));
#706 = CARTESIAN_POINT('',(4.661348508556,5.302696379606));
#707 = CARTESIAN_POINT('',(4.686868803354,5.304092533718));
#708 = CARTESIAN_POINT('',(4.71238899974,5.304092532792));
#709 = ( GEOMETRIC_REPRESENTATION_CONTEXT(2) 
PARAMETRIC_REPRESENTATION_CONTEXT() REPRESENTATION_CONTEXT('2D SPACE',''
  ) );
#710 = ORIENTED_EDGE('',*,*,#711,.F.);
#711 = EDGE_CURVE('',#22,#372,#712,.T.);
#712 = SURFACE_CURVE('',#713,(#813,#820),.PCURVE_S1.);
#713 = B_SPLINE_CURVE_WITH_KNOTS('',3,(#714,#715,#716,#717,#718,#719,
    #720,#721,#722,#723,#724,#725,#726,#727,#728,#729,#730,#731,#732,
    #733,#734,#735,#736,#737,#738,#739,#740,#741,#742,#743,#744,#745,
    #746,#747,#748,#749,#750,#751,#752,#753,#754,#755,#756,#757,#758,
    #759,#760,#761,#762,#763,#764,#765,#766,#767,#768,#769,#770,#771,
    #772,#773,#774,#775,#776,#777,#778,#779,#780,#781,#782,#783,#784,
    #785,#786,#787,#788,#789,#790,#791,#792,#793,#794,#795,#796,#797,
    #798,#799,#800,#801,#802,#803,#804,#805,#806,#807,#808,#809,#810,
    #811,#812),.UNSPECIFIED.,.T.,.F.,(1,1,2,1,1,1,1,1,1,1,1,1,1,1,1,1,1,
    1,1,1,1,1,1,1,1,1,1,1,1,1,1,1,1,1,1,1,1,1,1,1,1,1,1,1,1,1,1,1,1,1,1,
    1,1,1,1,1,1,1,1,1,1,1,1,1,1,1,1,1,1,1,1,1,1,1,1,1,1,1,1,1,1,1,1,1,1,
    1,1,1,1,1,1,1,1,1,1,1,1,1,2,1,1),(-14.25833144748,-11.32166741588,0.
    ,11.321667415889,14.258331447489,16.318214381607,17.969642458405,
    19.392211178835,20.683845910723,21.909504400643,23.117371498254,
    24.345365100043,25.624401262159,26.980600707799,28.437152382086,
    30.016055601105,31.739865912809,33.633623053919,35.727266051385,
    38.059077426378,40.681201847807,43.66948669647,47.143136811087,
    51.310003544623,56.595466481829,64.179864807086,93.459653158884,
    113.24977811474,118.37611801205,121.94923169082,124.76747189331,
    127.11912769627,129.14569226288,130.92901574698,132.52197544137,
    133.96183624236,135.27699211845,136.4907939178,137.62396668002,
    138.6962941885,139.72789679742,140.74027459888,141.75725489936,
    142.80607147451,143.91905141611,145.13690917169,146.5159093761,
    148.14509674893,150.1960031824,153.13041761015,164.4518808587,
    175.77362319313,178.70803762087,180.75894405435,182.38813142717,
    183.76713163158,184.98498938716,186.09796932877,187.14678590392,
    188.1637662044,189.17614400586,190.20774661478,191.28007412325,
    192.41324688547,193.62704868483,194.94220456091,196.38206536191,
    197.9750250563,199.7583485404,201.78491310701,204.13656890997,
    206.95480911246,210.52792279123,215.65426268853,235.44382198735,
    264.72417599635,272.30857432161,277.59403725882,281.76090399235,
    285.23455410697,288.22283895563,290.84496337706,293.17677475205,
    295.27041774952,297.16417489063,298.88798520234,300.46688842135,
    301.92344009564,303.27963954128,304.5586757034,305.78666930519,
    306.9945364028,308.22019489272,309.5118296246,310.93439834503,
    312.58582642183,314.64570935595,317.58237338755,328.90404080344,
    340.22570821933,343.16237225093),.UNSPECIFIED.);
#714 = CARTESIAN_POINT('',(0.,72.966486589325,60.267801856664));
#715 = CARTESIAN_POINT('',(0.,72.37934000594,67.732198143336));
#716 = CARTESIAN_POINT('',(0.,72.784349213326,72.532594322148));
#717 = CARTESIAN_POINT('',(0.,72.519044589439,77.964689360313));
#718 = CARTESIAN_POINT('',(0.,72.258000404488,80.168122642569));
#719 = CARTESIAN_POINT('',(0.,71.88790581029,81.84229783777));
#720 = CARTESIAN_POINT('',(0.,71.408474533118,83.220241255316));
#721 = CARTESIAN_POINT('',(0.,70.816219633928,84.396886333742));
#722 = CARTESIAN_POINT('',(0.,70.10882383311,85.422154985311));
#723 = CARTESIAN_POINT('',(0.,69.283725769019,86.326310262436));
#724 = CARTESIAN_POINT('',(0.,68.337550666004,87.129797535763));
#725 = CARTESIAN_POINT('',(0.,67.265336628246,87.847396477089));
#726 = CARTESIAN_POINT('',(0.,66.060134232525,88.490117230828));
#727 = CARTESIAN_POINT('',(0.,64.712730862205,89.066244908314));
#728 = CARTESIAN_POINT('',(0.,63.211246707908,89.582055701646));
#729 = CARTESIAN_POINT('',(0.,61.540396519282,90.042347850899));
#730 = CARTESIAN_POINT('',(0.,59.680243081407,90.450831486354));
#731 = CARTESIAN_POINT('',(0.,57.604159378631,90.810407673374));
#732 = CARTESIAN_POINT('',(0.,55.275428973916,91.123365183893));
#733 = CARTESIAN_POINT('',(0.,52.641254584553,91.391520829605));
#734 = CARTESIAN_POINT('',(0.,49.621281521718,91.616316674204));
#735 = CARTESIAN_POINT('',(0.,46.082806974982,91.798919822392));
#736 = CARTESIAN_POINT('',(0.,41.776267545562,91.94022768595));
#737 = CARTESIAN_POINT('',(0.,36.098104940249,92.04168243076));
#738 = CARTESIAN_POINT('',(0.,22.048333285228,92.130452247429));
#739 = CARTESIAN_POINT('',(0.,3.163544567022,92.074424142117));
#740 = CARTESIAN_POINT('',(0.,-14.90199587236,92.129276524922));
#741 = CARTESIAN_POINT('',(0.,-24.39835258759,92.041772928123));
#742 = CARTESIAN_POINT('',(0.,-28.23647913878,91.940187931096));
#743 = CARTESIAN_POINT('',(0.,-31.14767734216,91.798853670557));
#744 = CARTESIAN_POINT('',(0.,-33.53989867665,91.616153535173));
#745 = CARTESIAN_POINT('',(0.,-35.58184407303,91.391190150997));
#746 = CARTESIAN_POINT('',(0.,-37.36323633851,91.122748461856));
#747 = CARTESIAN_POINT('',(0.,-38.93841895326,90.80932656323));
#748 = CARTESIAN_POINT('',(0.,-40.34310331517,90.44902125825));
#749 = CARTESIAN_POINT('',(0.,-41.60210933442,90.039428905152));
#750 = CARTESIAN_POINT('',(0.,-42.73338698621,89.577509544685));
#751 = CARTESIAN_POINT('',(0.,-43.75027333156,89.059416764335));
#752 = CARTESIAN_POINT('',(0.,-44.66282628056,88.480285599614));
#753 = CARTESIAN_POINT('',(0.,-45.47865436122,87.833962499482));
#754 = CARTESIAN_POINT('',(0.,-46.20349352484,87.112617506641));
#755 = CARTESIAN_POINT('',(0.,-46.84169543283,86.306078889876));
#756 = CARTESIAN_POINT('',(0.,-47.39669117273,85.400571866356));
#757 = CARTESIAN_POINT('',(0.,-47.87138333284,84.376314959383));
#758 = CARTESIAN_POINT('',(0.,-48.26835979541,83.202894681819));
#759 = CARTESIAN_POINT('',(0.,-48.58999350129,81.829512949382));
#760 = CARTESIAN_POINT('',(0.,-48.83825314562,80.159980266064));
#761 = CARTESIAN_POINT('',(0.,-49.0162477832,77.961066996298));
#762 = CARTESIAN_POINT('',(0.,-49.17023829355,72.526372590576));
#763 = CARTESIAN_POINT('',(0.,-49.07688731594,64.000046512142));
#764 = CARTESIAN_POINT('',(0.,-49.17024068574,55.473720424217));
#765 = CARTESIAN_POINT('',(0.,-49.01624780283,50.038933003575));
#766 = CARTESIAN_POINT('',(0.,-48.83825314216,47.840019733958));
#767 = CARTESIAN_POINT('',(0.,-48.58999350199,46.170487050614));
#768 = CARTESIAN_POINT('',(0.,-48.26835979526,44.797105318182));
#769 = CARTESIAN_POINT('',(0.,-47.87138333287,43.623685040617));
#770 = CARTESIAN_POINT('',(0.,-47.39669117272,42.599428133644));
#771 = CARTESIAN_POINT('',(0.,-46.84169543283,41.693921110124));
#772 = CARTESIAN_POINT('',(0.,-46.20349352484,40.887382493359));
#773 = CARTESIAN_POINT('',(0.,-45.47865436122,40.166037500518));
#774 = CARTESIAN_POINT('',(0.,-44.66282628056,39.519714400386));
#775 = CARTESIAN_POINT('',(0.,-43.75027333156,38.940583235665));
#776 = CARTESIAN_POINT('',(0.,-42.73338698621,38.422490455315));
#777 = CARTESIAN_POINT('',(0.,-41.60210933442,37.960571094848));
#778 = CARTESIAN_POINT('',(0.,-40.34310331517,37.55097874175));
#779 = CARTESIAN_POINT('',(0.,-38.93841895326,37.190673436771));
#780 = CARTESIAN_POINT('',(0.,-37.36323633851,36.877251538139));
#781 = CARTESIAN_POINT('',(0.,-35.58184407303,36.608809849022));
#782 = CARTESIAN_POINT('',(0.,-33.53989867665,36.383846464737));
#783 = CARTESIAN_POINT('',(0.,-31.14767734216,36.201146329871));
#784 = CARTESIAN_POINT('',(0.,-28.23647913879,36.059812066739));
#785 = CARTESIAN_POINT('',(0.,-24.39835258756,35.958227084286));
#786 = CARTESIAN_POINT('',(0.,-14.90218442171,35.870725058177));
#787 = CARTESIAN_POINT('',(0.,3.163356015181,35.925575618576));
#788 = CARTESIAN_POINT('',(0.,22.048144734197,35.869546688497));
#789 = CARTESIAN_POINT('',(0.,36.098104940259,35.958317559009));
#790 = CARTESIAN_POINT('',(0.,41.77626754556,36.059772315833));
#791 = CARTESIAN_POINT('',(0.,46.082806974983,36.201080177256));
#792 = CARTESIAN_POINT('',(0.,49.621281521716,36.38368332587));
#793 = CARTESIAN_POINT('',(0.,52.641254584559,36.608479170379));
#794 = CARTESIAN_POINT('',(0.,55.275428973899,36.87663481611));
#795 = CARTESIAN_POINT('',(0.,57.604159378683,37.189592326625));
#796 = CARTESIAN_POINT('',(0.,59.680243081242,37.549168513646));
#797 = CARTESIAN_POINT('',(0.,61.540396519814,37.957652149101));
#798 = CARTESIAN_POINT('',(0.,63.211246706177,38.417944298354));
#799 = CARTESIAN_POINT('',(0.,64.712730867891,38.933755091686));
#800 = CARTESIAN_POINT('',(0.,66.060134213629,39.509882769172));
#801 = CARTESIAN_POINT('',(0.,67.265336692003,40.152603522911));
#802 = CARTESIAN_POINT('',(0.,68.337550446269,40.870202464237));
#803 = CARTESIAN_POINT('',(0.,69.283726548951,41.673689737564));
#804 = CARTESIAN_POINT('',(0.,70.108820953369,42.577845014689));
#805 = CARTESIAN_POINT('',(0.,70.816230813944,43.603113666258));
#806 = CARTESIAN_POINT('',(0.,71.408428416688,44.779758744685));
#807 = CARTESIAN_POINT('',(0.,71.888110222471,46.15770216223));
#808 = CARTESIAN_POINT('',(0.,72.257007774398,47.831877357431));
#809 = CARTESIAN_POINT('',(0.,72.524620459335,50.035310639687));
#810 = CARTESIAN_POINT('',(0.,72.715550247794,55.467405677852));
#811 = CARTESIAN_POINT('',(0.,72.966486589325,60.267801856664));
#812 = CARTESIAN_POINT('',(0.,72.37934000594,67.732198143336));
#813 = PCURVE('',#32,#814);
#814 = DEFINITIONAL_REPRESENTATION('',(#815),#819);
#815 = LINE('',#816,#817);
#816 = CARTESIAN_POINT('',(0.,0.));
#817 = VECTOR('',#818,1.);
#818 = DIRECTION('',(1.,0.));
#819 = ( GEOMETRIC_REPRESENTATION_CONTEXT(2) 
PARAMETRIC_REPRESENTATION_CONTEXT() REPRESENTATION_CONTEXT('2D SPACE',''
  ) );
#820 = PCURVE('',#261,#821);
#821 = DEFINITIONAL_REPRESENTATION('',(#822),#826);
#822 = LINE('',#823,#824);
#823 = CARTESIAN_POINT('',(0.,0.));
#824 = VECTOR('',#825,1.);
#825 = DIRECTION('',(1.,0.));
#826 = ( GEOMETRIC_REPRESENTATION_CONTEXT(2) 
PARAMETRIC_REPRESENTATION_CONTEXT() REPRESENTATION_CONTEXT('2D SPACE',''
  ) );
#827 = ORIENTED_EDGE('',*,*,#21,.T.);
#828 = ORIENTED_EDGE('',*,*,#829,.T.);
#829 = EDGE_CURVE('',#24,#830,#832,.T.);
#830 = VERTEX_POINT('',#831);
#831 = CARTESIAN_POINT('',(-62.,15.,92.103919886465));
#832 = SURFACE_CURVE('',#833,(#933,#940),.PCURVE_S1.);
#833 = B_SPLINE_CURVE_WITH_KNOTS('',3,(#834,#835,#836,#837,#838,#839,
    #840,#841,#842,#843,#844,#845,#846,#847,#848,#849,#850,#851,#852,
    #853,#854,#855,#856,#857,#858,#859,#860,#861,#862,#863,#864,#865,
    #866,#867,#868,#869,#870,#871,#872,#873,#874,#875,#876,#877,#878,
    #879,#880,#881,#882,#883,#884,#885,#886,#887,#888,#889,#890,#891,
    #892,#893,#894,#895,#896,#897,#898,#899,#900,#901,#902,#903,#904,
    #905,#906,#907,#908,#909,#910,#911,#912,#913,#914,#915,#916,#917,
    #918,#919,#920,#921,#922,#923,#924,#925,#926,#927,#928,#929,#930,
    #931,#932),.UNSPECIFIED.,.T.,.F.,(1,1,2,1,1,1,1,1,1,1,1,1,1,1,1,1,1,
    1,1,1,1,1,1,1,1,1,1,1,1,1,1,1,1,1,1,1,1,1,1,1,1,1,1,1,1,1,1,1,1,1,1,
    1,1,1,1,1,1,1,1,1,1,1,1,1,1,1,1,1,1,1,1,1,1,1,1,1,1,1,1,1,1,1,1,1,1,
    1,1,1,1,1,1,1,1,1,1,1,1,1,2,1,1),(-14.25833144748,-11.32166741588,0.
    ,11.321667415889,14.258331447489,16.318214381607,17.969642458405,
    19.392211178835,20.683845910723,21.909504400643,23.117371498254,
    24.345365100043,25.624401262159,26.980600707799,28.437152382086,
    30.016055601105,31.739865912809,33.633623053919,35.727266051385,
    38.059077426378,40.681201847807,43.66948669647,47.143136811087,
    51.310003544623,56.595466481829,64.179864807086,93.459653158884,
    113.24977811474,118.37611801205,121.94923169082,124.76747189331,
    127.11912769627,129.14569226288,130.92901574698,132.52197544137,
    133.96183624236,135.27699211845,136.4907939178,137.62396668002,
    138.6962941885,139.72789679742,140.74027459888,141.75725489936,
    142.80607147451,143.91905141611,145.13690917169,146.5159093761,
    148.14509674893,150.1960031824,153.13041761015,164.4518808587,
    175.77362319313,178.70803762087,180.75894405435,182.38813142717,
    183.76713163158,184.98498938716,186.09796932877,187.14678590392,
    188.1637662044,189.17614400586,190.20774661478,191.28007412325,
    192.41324688547,193.62704868483,194.94220456091,196.38206536191,
    197.9750250563,199.7583485404,201.78491310701,204.13656890997,
    206.95480911246,210.52792279123,215.65426268853,235.44382198735,
    264.72417599635,272.30857432161,277.59403725882,281.76090399235,
    285.23455410697,288.22283895563,290.84496337706,293.17677475205,
    295.27041774952,297.16417489063,298.88798520234,300.46688842135,
    301.92344009564,303.27963954128,304.5586757034,305.78666930519,
    306.9945364028,308.22019489272,309.5118296246,310.93439834503,
    312.58582642183,314.64570935595,317.58237338755,328.90404080344,
    340.22570821933,343.16237225093),.UNSPECIFIED.);
#834 = CARTESIAN_POINT('',(-62.,72.966486589325,60.267801856664));
#835 = CARTESIAN_POINT('',(-62.,72.37934000594,67.732198143336));
#836 = CARTESIAN_POINT('',(-62.,72.784349213326,72.532594322148));
#837 = CARTESIAN_POINT('',(-62.,72.519044589439,77.964689360313));
#838 = CARTESIAN_POINT('',(-62.,72.258000404488,80.168122642569));
#839 = CARTESIAN_POINT('',(-62.,71.88790581029,81.84229783777));
#840 = CARTESIAN_POINT('',(-62.,71.408474533118,83.220241255316));
#841 = CARTESIAN_POINT('',(-62.,70.816219633928,84.396886333742));
#842 = CARTESIAN_POINT('',(-62.,70.10882383311,85.422154985311));
#843 = CARTESIAN_POINT('',(-62.,69.283725769019,86.326310262436));
#844 = CARTESIAN_POINT('',(-62.,68.337550666004,87.129797535763));
#845 = CARTESIAN_POINT('',(-62.,67.265336628246,87.847396477089));
#846 = CARTESIAN_POINT('',(-62.,66.060134232525,88.490117230828));
#847 = CARTESIAN_POINT('',(-62.,64.712730862205,89.066244908314));
#848 = CARTESIAN_POINT('',(-62.,63.211246707908,89.582055701646));
#849 = CARTESIAN_POINT('',(-62.,61.540396519282,90.042347850899));
#850 = CARTESIAN_POINT('',(-62.,59.680243081407,90.450831486354));
#851 = CARTESIAN_POINT('',(-62.,57.604159378631,90.810407673374));
#852 = CARTESIAN_POINT('',(-62.,55.275428973916,91.123365183893));
#853 = CARTESIAN_POINT('',(-62.,52.641254584553,91.391520829605));
#854 = CARTESIAN_POINT('',(-62.,49.621281521718,91.616316674204));
#855 = CARTESIAN_POINT('',(-62.,46.082806974982,91.798919822392));
#856 = CARTESIAN_POINT('',(-62.,41.776267545562,91.94022768595));
#857 = CARTESIAN_POINT('',(-62.,36.098104940249,92.04168243076));
#858 = CARTESIAN_POINT('',(-62.,22.048333285228,92.130452247429));
#859 = CARTESIAN_POINT('',(-62.,3.163544567022,92.074424142117));
#860 = CARTESIAN_POINT('',(-62.,-14.90199587236,92.129276524922));
#861 = CARTESIAN_POINT('',(-62.,-24.39835258759,92.041772928123));
#862 = CARTESIAN_POINT('',(-62.,-28.23647913878,91.940187931096));
#863 = CARTESIAN_POINT('',(-62.,-31.14767734216,91.798853670557));
#864 = CARTESIAN_POINT('',(-62.,-33.53989867665,91.616153535173));
#865 = CARTESIAN_POINT('',(-62.,-35.58184407303,91.391190150997));
#866 = CARTESIAN_POINT('',(-62.,-37.36323633851,91.122748461856));
#867 = CARTESIAN_POINT('',(-62.,-38.93841895326,90.80932656323));
#868 = CARTESIAN_POINT('',(-62.,-40.34310331517,90.44902125825));
#869 = CARTESIAN_POINT('',(-62.,-41.60210933442,90.039428905152));
#870 = CARTESIAN_POINT('',(-62.,-42.73338698621,89.577509544685));
#871 = CARTESIAN_POINT('',(-62.,-43.75027333156,89.059416764335));
#872 = CARTESIAN_POINT('',(-62.,-44.66282628056,88.480285599614));
#873 = CARTESIAN_POINT('',(-62.,-45.47865436122,87.833962499482));
#874 = CARTESIAN_POINT('',(-62.,-46.20349352484,87.112617506641));
#875 = CARTESIAN_POINT('',(-62.,-46.84169543283,86.306078889876));
#876 = CARTESIAN_POINT('',(-62.,-47.39669117273,85.400571866356));
#877 = CARTESIAN_POINT('',(-62.,-47.87138333284,84.376314959383));
#878 = CARTESIAN_POINT('',(-62.,-48.26835979541,83.202894681819));
#879 = CARTESIAN_POINT('',(-62.,-48.58999350129,81.829512949382));
#880 = CARTESIAN_POINT('',(-62.,-48.83825314562,80.159980266064));
#881 = CARTESIAN_POINT('',(-62.,-49.0162477832,77.961066996298));
#882 = CARTESIAN_POINT('',(-62.,-49.17023829355,72.526372590576));
#883 = CARTESIAN_POINT('',(-62.,-49.07688731594,64.000046512142));
#884 = CARTESIAN_POINT('',(-62.,-49.17024068574,55.473720424217));
#885 = CARTESIAN_POINT('',(-62.,-49.01624780283,50.038933003575));
#886 = CARTESIAN_POINT('',(-62.,-48.83825314216,47.840019733958));
#887 = CARTESIAN_POINT('',(-62.,-48.58999350199,46.170487050614));
#888 = CARTESIAN_POINT('',(-62.,-48.26835979526,44.797105318182));
#889 = CARTESIAN_POINT('',(-62.,-47.87138333287,43.623685040617));
#890 = CARTESIAN_POINT('',(-62.,-47.39669117272,42.599428133644));
#891 = CARTESIAN_POINT('',(-62.,-46.84169543283,41.693921110124));
#892 = CARTESIAN_POINT('',(-62.,-46.20349352484,40.887382493359));
#893 = CARTESIAN_POINT('',(-62.,-45.47865436122,40.166037500518));
#894 = CARTESIAN_POINT('',(-62.,-44.66282628056,39.519714400386));
#895 = CARTESIAN_POINT('',(-62.,-43.75027333156,38.940583235665));
#896 = CARTESIAN_POINT('',(-62.,-42.73338698621,38.422490455315));
#897 = CARTESIAN_POINT('',(-62.,-41.60210933442,37.960571094848));
#898 = CARTESIAN_POINT('',(-62.,-40.34310331517,37.55097874175));
#899 = CARTESIAN_POINT('',(-62.,-38.93841895326,37.190673436771));
#900 = CARTESIAN_POINT('',(-62.,-37.36323633851,36.877251538139));
#901 = CARTESIAN_POINT('',(-62.,-35.58184407303,36.608809849022));
#902 = CARTESIAN_POINT('',(-62.,-33.53989867665,36.383846464737));
#903 = CARTESIAN_POINT('',(-62.,-31.14767734216,36.201146329871));
#904 = CARTESIAN_POINT('',(-62.,-28.23647913879,36.059812066739));
#905 = CARTESIAN_POINT('',(-62.,-24.39835258756,35.958227084286));
#906 = CARTESIAN_POINT('',(-62.,-14.90218442171,35.870725058177));
#907 = CARTESIAN_POINT('',(-62.,3.163356015181,35.925575618576));
#908 = CARTESIAN_POINT('',(-62.,22.048144734197,35.869546688497));
#909 = CARTESIAN_POINT('',(-62.,36.098104940259,35.958317559009));
#910 = CARTESIAN_POINT('',(-62.,41.77626754556,36.059772315833));
#911 = CARTESIAN_POINT('',(-62.,46.082806974983,36.201080177256));
#912 = CARTESIAN_POINT('',(-62.,49.621281521716,36.38368332587));
#913 = CARTESIAN_POINT('',(-62.,52.641254584559,36.608479170379));
#914 = CARTESIAN_POINT('',(-62.,55.275428973899,36.87663481611));
#915 = CARTESIAN_POINT('',(-62.,57.604159378683,37.189592326625));
#916 = CARTESIAN_POINT('',(-62.,59.680243081242,37.549168513646));
#917 = CARTESIAN_POINT('',(-62.,61.540396519814,37.957652149101));
#918 = CARTESIAN_POINT('',(-62.,63.211246706177,38.417944298354));
#919 = CARTESIAN_POINT('',(-62.,64.712730867891,38.933755091686));
#920 = CARTESIAN_POINT('',(-62.,66.060134213629,39.509882769172));
#921 = CARTESIAN_POINT('',(-62.,67.265336692003,40.152603522911));
#922 = CARTESIAN_POINT('',(-62.,68.337550446269,40.870202464237));
#923 = CARTESIAN_POINT('',(-62.,69.283726548951,41.673689737564));
#924 = CARTESIAN_POINT('',(-62.,70.108820953369,42.577845014689));
#925 = CARTESIAN_POINT('',(-62.,70.816230813944,43.603113666258));
#926 = CARTESIAN_POINT('',(-62.,71.408428416688,44.779758744685));
#927 = CARTESIAN_POINT('',(-62.,71.888110222471,46.15770216223));
#928 = CARTESIAN_POINT('',(-62.,72.257007774398,47.831877357431));
#929 = CARTESIAN_POINT('',(-62.,72.524620459335,50.035310639687));
#930 = CARTESIAN_POINT('',(-62.,72.715550247794,55.467405677852));
#931 = CARTESIAN_POINT('',(-62.,72.966486589325,60.267801856664));
#932 = CARTESIAN_POINT('',(-62.,72.37934000594,67.732198143336));
#933 = PCURVE('',#32,#934);
#934 = DEFINITIONAL_REPRESENTATION('',(#935),#939);
#935 = LINE('',#936,#937);
#936 = CARTESIAN_POINT('',(0.,-62.));
#937 = VECTOR('',#938,1.);
#938 = DIRECTION('',(1.,0.));
#939 = ( GEOMETRIC_REPRESENTATION_CONTEXT(2) 
PARAMETRIC_REPRESENTATION_CONTEXT() REPRESENTATION_CONTEXT('2D SPACE',''
  ) );
#940 = PCURVE('',#941,#946);
#941 = PLANE('',#942);
#942 = AXIS2_PLACEMENT_3D('',#943,#944,#945);
#943 = CARTESIAN_POINT('',(-62.,11.366600048242,63.999927437212));
#944 = DIRECTION('',(1.,0.,0.));
#945 = DIRECTION('',(0.,1.,0.));
#946 = DEFINITIONAL_REPRESENTATION('',(#947),#1047);
#947 = B_SPLINE_CURVE_WITH_KNOTS('',3,(#948,#949,#950,#951,#952,#953,
    #954,#955,#956,#957,#958,#959,#960,#961,#962,#963,#964,#965,#966,
    #967,#968,#969,#970,#971,#972,#973,#974,#975,#976,#977,#978,#979,
    #980,#981,#982,#983,#984,#985,#986,#987,#988,#989,#990,#991,#992,
    #993,#994,#995,#996,#997,#998,#999,#1000,#1001,#1002,#1003,#1004,
    #1005,#1006,#1007,#1008,#1009,#1010,#1011,#1012,#1013,#1014,#1015,
    #1016,#1017,#1018,#1019,#1020,#1021,#1022,#1023,#1024,#1025,#1026,
    #1027,#1028,#1029,#1030,#1031,#1032,#1033,#1034,#1035,#1036,#1037,
    #1038,#1039,#1040,#1041,#1042,#1043,#1044,#1045,#1046),
  .UNSPECIFIED.,.T.,.F.,(1,1,2,1,1,1,1,1,1,1,1,1,1,1,1,1,1,1,1,1,1,1,1,1
    ,1,1,1,1,1,1,1,1,1,1,1,1,1,1,1,1,1,1,1,1,1,1,1,1,1,1,1,1,1,1,1,1,1,1
    ,1,1,1,1,1,1,1,1,1,1,1,1,1,1,1,1,1,1,1,1,1,1,1,1,1,1,1,1,1,1,1,1,1,1
    ,1,1,1,1,1,1,2,1,1),(-14.25833144748,-11.32166741588,0.,
    11.321667415889,14.258331447489,16.318214381607,17.969642458405,
    19.392211178835,20.683845910723,21.909504400643,23.117371498254,
    24.345365100043,25.624401262159,26.980600707799,28.437152382086,
    30.016055601105,31.739865912809,33.633623053919,35.727266051385,
    38.059077426378,40.681201847807,43.66948669647,47.143136811087,
    51.310003544623,56.595466481829,64.179864807086,93.459653158884,
    113.24977811474,118.37611801205,121.94923169082,124.76747189331,
    127.11912769627,129.14569226288,130.92901574698,132.52197544137,
    133.96183624236,135.27699211845,136.4907939178,137.62396668002,
    138.6962941885,139.72789679742,140.74027459888,141.75725489936,
    142.80607147451,143.91905141611,145.13690917169,146.5159093761,
    148.14509674893,150.1960031824,153.13041761015,164.4518808587,
    175.77362319313,178.70803762087,180.75894405435,182.38813142717,
    183.76713163158,184.98498938716,186.09796932877,187.14678590392,
    188.1637662044,189.17614400586,190.20774661478,191.28007412325,
    192.41324688547,193.62704868483,194.94220456091,196.38206536191,
    197.9750250563,199.7583485404,201.78491310701,204.13656890997,
    206.95480911246,210.52792279123,215.65426268853,235.44382198735,
    264.72417599635,272.30857432161,277.59403725882,281.76090399235,
    285.23455410697,288.22283895563,290.84496337706,293.17677475205,
    295.27041774952,297.16417489063,298.88798520234,300.46688842135,
    301.92344009564,303.27963954128,304.5586757034,305.78666930519,
    306.9945364028,308.22019489272,309.5118296246,310.93439834503,
    312.58582642183,314.64570935595,317.58237338755,328.90404080344,
    340.22570821933,343.16237225093),.UNSPECIFIED.);
#948 = CARTESIAN_POINT('',(61.599886541082,-3.732125580548));
#949 = CARTESIAN_POINT('',(61.012739957698,3.732270706123));
#950 = CARTESIAN_POINT('',(61.417749165084,8.532666884935));
#951 = CARTESIAN_POINT('',(61.152444541197,13.964761923101));
#952 = CARTESIAN_POINT('',(60.891400356245,16.168195205356));
#953 = CARTESIAN_POINT('',(60.521305762048,17.842370400557));
#954 = CARTESIAN_POINT('',(60.041874484875,19.220313818103));
#955 = CARTESIAN_POINT('',(59.449619585685,20.39695889653));
#956 = CARTESIAN_POINT('',(58.742223784868,21.422227548099));
#957 = CARTESIAN_POINT('',(57.917125720777,22.326382825224));
#958 = CARTESIAN_POINT('',(56.970950617762,23.129870098551));
#959 = CARTESIAN_POINT('',(55.898736580003,23.847469039876));
#960 = CARTESIAN_POINT('',(54.693534184283,24.490189793615));
#961 = CARTESIAN_POINT('',(53.346130813962,25.066317471102));
#962 = CARTESIAN_POINT('',(51.844646659665,25.582128264433));
#963 = CARTESIAN_POINT('',(50.17379647104,26.042420413686));
#964 = CARTESIAN_POINT('',(48.313643033165,26.450904049142));
#965 = CARTESIAN_POINT('',(46.237559330389,26.810480236162));
#966 = CARTESIAN_POINT('',(43.908828925673,27.123437746681));
#967 = CARTESIAN_POINT('',(41.274654536311,27.391593392393));
#968 = CARTESIAN_POINT('',(38.254681473475,27.616389236991));
#969 = CARTESIAN_POINT('',(34.71620692674,27.79899238518));
#970 = CARTESIAN_POINT('',(30.409667497319,27.940300248738));
#971 = CARTESIAN_POINT('',(24.731504892007,28.041754993547));
#972 = CARTESIAN_POINT('',(10.681733236985,28.130524810216));
#973 = CARTESIAN_POINT('',(-8.20305548122,28.074496704905));
#974 = CARTESIAN_POINT('',(-26.2685959206,28.12934908771));
#975 = CARTESIAN_POINT('',(-35.76495263583,28.04184549091));
#976 = CARTESIAN_POINT('',(-39.60307918702,27.940260493884));
#977 = CARTESIAN_POINT('',(-42.5142773904,27.798926233345));
#978 = CARTESIAN_POINT('',(-44.90649872489,27.616226097961));
#979 = CARTESIAN_POINT('',(-46.94844412127,27.391262713785));
#980 = CARTESIAN_POINT('',(-48.72983638675,27.122821024644));
#981 = CARTESIAN_POINT('',(-50.3050190015,26.809399126018));
#982 = CARTESIAN_POINT('',(-51.70970336341,26.449093821038));
#983 = CARTESIAN_POINT('',(-52.96870938266,26.03950146794));
#984 = CARTESIAN_POINT('',(-54.09998703445,25.577582107472));
#985 = CARTESIAN_POINT('',(-55.1168733798,25.059489327123));
#986 = CARTESIAN_POINT('',(-56.02942632881,24.480358162401));
#987 = CARTESIAN_POINT('',(-56.84525440946,23.83403506227));
#988 = CARTESIAN_POINT('',(-57.57009357308,23.112690069428));
#989 = CARTESIAN_POINT('',(-58.20829548107,22.306151452664));
#990 = CARTESIAN_POINT('',(-58.76329122097,21.400644429144));
#991 = CARTESIAN_POINT('',(-59.23798338108,20.376387522171));
#992 = CARTESIAN_POINT('',(-59.63495984366,19.202967244606));
#993 = CARTESIAN_POINT('',(-59.95659354954,17.82958551217));
#994 = CARTESIAN_POINT('',(-60.20485319386,16.160052828852));
#995 = CARTESIAN_POINT('',(-60.38284783144,13.961139559086));
#996 = CARTESIAN_POINT('',(-60.53683834179,8.526445153364));
#997 = CARTESIAN_POINT('',(-60.44348736419,1.190749292729E-04));
#998 = CARTESIAN_POINT('',(-60.53684073398,-8.526207012995));
#999 = CARTESIAN_POINT('',(-60.38284785107,-13.96099443363));
#1000 = CARTESIAN_POINT('',(-60.2048531904,-16.15990770325));
#1001 = CARTESIAN_POINT('',(-59.95659355023,-17.82944038659));
#1002 = CARTESIAN_POINT('',(-59.6349598435,-19.20282211903));
#1003 = CARTESIAN_POINT('',(-59.23798338112,-20.37624239659));
#1004 = CARTESIAN_POINT('',(-58.76329122096,-21.40049930356));
#1005 = CARTESIAN_POINT('',(-58.20829548107,-22.30600632708));
#1006 = CARTESIAN_POINT('',(-57.57009357308,-23.11254494385));
#1007 = CARTESIAN_POINT('',(-56.84525440946,-23.83388993669));
#1008 = CARTESIAN_POINT('',(-56.02942632881,-24.48021303682));
#1009 = CARTESIAN_POINT('',(-55.1168733798,-25.05934420154));
#1010 = CARTESIAN_POINT('',(-54.09998703445,-25.57743698189));
#1011 = CARTESIAN_POINT('',(-52.96870938266,-26.03935634236));
#1012 = CARTESIAN_POINT('',(-51.70970336341,-26.44894869546));
#1013 = CARTESIAN_POINT('',(-50.3050190015,-26.80925400044));
#1014 = CARTESIAN_POINT('',(-48.72983638675,-27.12267589907));
#1015 = CARTESIAN_POINT('',(-46.94844412127,-27.39111758819));
#1016 = CARTESIAN_POINT('',(-44.90649872489,-27.61608097247));
#1017 = CARTESIAN_POINT('',(-42.5142773904,-27.79878110734));
#1018 = CARTESIAN_POINT('',(-39.60307918703,-27.94011537047));
#1019 = CARTESIAN_POINT('',(-35.7649526358,-28.04170035292));
#1020 = CARTESIAN_POINT('',(-26.26878446995,-28.12920237903));
#1021 = CARTESIAN_POINT('',(-8.203244033061,-28.07435181863));
#1022 = CARTESIAN_POINT('',(10.681544685954,-28.13038074871));
#1023 = CARTESIAN_POINT('',(24.731504892017,-28.0416098782));
#1024 = CARTESIAN_POINT('',(30.409667497317,-27.94015512137));
#1025 = CARTESIAN_POINT('',(34.71620692674,-27.79884725995));
#1026 = CARTESIAN_POINT('',(38.254681473474,-27.61624411134));
#1027 = CARTESIAN_POINT('',(41.274654536316,-27.39144826683));
#1028 = CARTESIAN_POINT('',(43.908828925657,-27.1232926211));
#1029 = CARTESIAN_POINT('',(46.237559330441,-26.81033511058));
#1030 = CARTESIAN_POINT('',(48.313643033,-26.45075892356));
#1031 = CARTESIAN_POINT('',(50.173796471571,-26.04227528811));
#1032 = CARTESIAN_POINT('',(51.844646657934,-25.58198313885));
#1033 = CARTESIAN_POINT('',(53.346130819649,-25.06617234552));
#1034 = CARTESIAN_POINT('',(54.693534165386,-24.49004466804));
#1035 = CARTESIAN_POINT('',(55.898736643761,-23.8473239143));
#1036 = CARTESIAN_POINT('',(56.970950398026,-23.12972497297));
#1037 = CARTESIAN_POINT('',(57.917126500708,-22.32623769964));
#1038 = CARTESIAN_POINT('',(58.742220905126,-21.42208242252));
#1039 = CARTESIAN_POINT('',(59.449630765702,-20.39681377095));
#1040 = CARTESIAN_POINT('',(60.041828368445,-19.22016869252));
#1041 = CARTESIAN_POINT('',(60.521510174228,-17.84222527498));
#1042 = CARTESIAN_POINT('',(60.890407726155,-16.16805007978));
#1043 = CARTESIAN_POINT('',(61.158020411092,-13.96461679752));
#1044 = CARTESIAN_POINT('',(61.348950199551,-8.53252175936));
#1045 = CARTESIAN_POINT('',(61.599886541082,-3.732125580548));
#1046 = CARTESIAN_POINT('',(61.012739957698,3.732270706123));
#1047 = ( GEOMETRIC_REPRESENTATION_CONTEXT(2) 
PARAMETRIC_REPRESENTATION_CONTEXT() REPRESENTATION_CONTEXT('2D SPACE',''
  ) );
#1048 = ORIENTED_EDGE('',*,*,#1049,.T.);
#1049 = EDGE_CURVE('',#830,#1050,#1052,.T.);
#1050 = VERTEX_POINT('',#1051);
#1051 = CARTESIAN_POINT('',(-31.5,15.,92.103919886465));
#1052 = SURFACE_CURVE('',#1053,(#1059,#1068),.PCURVE_S1.);
#1053 = B_SPLINE_CURVE_WITH_KNOTS('',4,(#1054,#1055,#1056,#1057,#1058),
  .UNSPECIFIED.,.F.,.F.,(5,5),(0.,1.),.PIECEWISE_BEZIER_KNOTS.);
#1054 = CARTESIAN_POINT('',(-62.0000006,15.,92.103919886465));
#1055 = CARTESIAN_POINT('',(-54.37500045,15.,92.103919886465));
#1056 = CARTESIAN_POINT('',(-46.7500003,15.,92.103919886465));
#1057 = CARTESIAN_POINT('',(-39.12500015,15.,92.103919886465));
#1058 = CARTESIAN_POINT('',(-31.5,15.,92.103919886465));
#1059 = PCURVE('',#32,#1060);
#1060 = DEFINITIONAL_REPRESENTATION('',(#1061),#1067);
#1061 = B_SPLINE_CURVE_WITH_KNOTS('',4,(#1062,#1063,#1064,#1065,#1066),
  .UNSPECIFIED.,.F.,.F.,(5,5),(0.,1.),.PIECEWISE_BEZIER_KNOTS.);
#1062 = CARTESIAN_POINT('',(78.459974768581,-62.0000006));
#1063 = CARTESIAN_POINT('',(78.459974768581,-54.37500045));
#1064 = CARTESIAN_POINT('',(78.459974768581,-46.7500003));
#1065 = CARTESIAN_POINT('',(78.459974768581,-39.12500015));
#1066 = CARTESIAN_POINT('',(78.459974768581,-31.5));
#1067 = ( GEOMETRIC_REPRESENTATION_CONTEXT(2) 
PARAMETRIC_REPRESENTATION_CONTEXT() REPRESENTATION_CONTEXT('2D SPACE',''
  ) );
#1068 = PCURVE('',#1069,#1074);
#1069 = PLANE('',#1070);
#1070 = AXIS2_PLACEMENT_3D('',#1071,#1072,#1073);
#1071 = CARTESIAN_POINT('',(-75.5,15.,52.75));
#1072 = DIRECTION('',(-0.,1.,0.));
#1073 = DIRECTION('',(0.,0.,1.));
#1074 = DEFINITIONAL_REPRESENTATION('',(#1075),#1081);
#1075 = B_SPLINE_CURVE_WITH_KNOTS('',4,(#1076,#1077,#1078,#1079,#1080),
  .UNSPECIFIED.,.F.,.F.,(5,5),(0.,1.),.PIECEWISE_BEZIER_KNOTS.);
#1076 = CARTESIAN_POINT('',(39.353919886465,13.4999994));
#1077 = CARTESIAN_POINT('',(39.353919886465,21.12499955));
#1078 = CARTESIAN_POINT('',(39.353919886465,28.7499997));
#1079 = CARTESIAN_POINT('',(39.353919886465,36.37499985));
#1080 = CARTESIAN_POINT('',(39.353919886465,44.));
#1081 = ( GEOMETRIC_REPRESENTATION_CONTEXT(2) 
PARAMETRIC_REPRESENTATION_CONTEXT() REPRESENTATION_CONTEXT('2D SPACE',''
  ) );
#1082 = ORIENTED_EDGE('',*,*,#1083,.F.);
#1083 = EDGE_CURVE('',#1084,#1050,#1086,.T.);
#1084 = VERTEX_POINT('',#1085);
#1085 = CARTESIAN_POINT('',(-31.5,-15.,92.101849737345));
#1086 = SURFACE_CURVE('',#1087,(#1102,#1120),.PCURVE_S1.);
#1087 = B_SPLINE_CURVE_WITH_KNOTS('',4,(#1088,#1089,#1090,#1091,#1092,
    #1093,#1094,#1095,#1096,#1097,#1098,#1099,#1100,#1101),
  .UNSPECIFIED.,.F.,.F.,(5,3,3,3,5),(0.,0.249545916586,0.501706512347,
    0.841574869018,1.),.UNSPECIFIED.);
#1088 = CARTESIAN_POINT('',(-31.5,-15.,92.101849737345));
#1089 = CARTESIAN_POINT('',(-31.5,-13.12841502541,92.106894820273));
#1090 = CARTESIAN_POINT('',(-31.5,-11.25682252317,92.108735420221));
#1091 = CARTESIAN_POINT('',(-31.5,-9.385228396527,92.10845635605));
#1092 = CARTESIAN_POINT('',(-31.5,-5.622427682236,92.105814781933));
#1093 = CARTESIAN_POINT('',(-31.5,-3.731221355354,92.103430289955));
#1094 = CARTESIAN_POINT('',(-31.5,-1.84001452213,92.101109002923));
#1095 = CARTESIAN_POINT('',(-31.5,2.600207997304,92.098432472002));
#1096 = CARTESIAN_POINT('',(-31.5,5.149223254534,92.099004373166));
#1097 = CARTESIAN_POINT('',(-31.5,7.69823665031,92.100555799189));
#1098 = CARTESIAN_POINT('',(-31.5,11.435437044121,92.102611379852));
#1099 = CARTESIAN_POINT('',(-31.5,12.623624988734,92.103232462315));
#1100 = CARTESIAN_POINT('',(-31.5,13.811812649653,92.103706744912));
#1101 = CARTESIAN_POINT('',(-31.5,15.,92.103919886465));
#1102 = PCURVE('',#32,#1103);
#1103 = DEFINITIONAL_REPRESENTATION('',(#1104),#1119);
#1104 = B_SPLINE_CURVE_WITH_KNOTS('',4,(#1105,#1106,#1107,#1108,#1109,
    #1110,#1111,#1112,#1113,#1114,#1115,#1116,#1117,#1118),
  .UNSPECIFIED.,.F.,.F.,(5,3,3,3,5),(0.,0.249545916586,0.501706512347,
    0.841574869018,1.),.UNSPECIFIED.);
#1105 = CARTESIAN_POINT('',(108.45990922918,-31.5));
#1106 = CARTESIAN_POINT('',(106.58831566844,-31.5));
#1107 = CARTESIAN_POINT('',(104.71672128041,-31.5));
#1108 = CARTESIAN_POINT('',(102.84513009254,-31.5));
#1109 = CARTESIAN_POINT('',(99.082340917348,-31.5));
#1110 = CARTESIAN_POINT('',(97.191143267995,-31.5));
#1111 = CARTESIAN_POINT('',(95.299945970305,-31.5));
#1112 = CARTESIAN_POINT('',(90.859743116111,-31.5));
#1113 = CARTESIAN_POINT('',(88.310737085981,-31.5));
#1114 = CARTESIAN_POINT('',(85.761730485026,-31.5));
#1115 = CARTESIAN_POINT('',(82.024535944718,-31.5));
#1116 = CARTESIAN_POINT('',(80.836349258316,-31.5));
#1117 = CARTESIAN_POINT('',(79.648162192193,-31.5));
#1118 = CARTESIAN_POINT('',(78.459974763716,-31.5));
#1119 = ( GEOMETRIC_REPRESENTATION_CONTEXT(2) 
PARAMETRIC_REPRESENTATION_CONTEXT() REPRESENTATION_CONTEXT('2D SPACE',''
  ) );
#1120 = PCURVE('',#1121,#1126);
#1121 = PLANE('',#1122);
#1122 = AXIS2_PLACEMENT_3D('',#1123,#1124,#1125);
#1123 = CARTESIAN_POINT('',(-31.5,-15.,52.75));
#1124 = DIRECTION('',(1.,0.,-0.));
#1125 = DIRECTION('',(0.,0.,1.));
#1126 = DEFINITIONAL_REPRESENTATION('',(#1127),#1142);
#1127 = B_SPLINE_CURVE_WITH_KNOTS('',4,(#1128,#1129,#1130,#1131,#1132,
    #1133,#1134,#1135,#1136,#1137,#1138,#1139,#1140,#1141),
  .UNSPECIFIED.,.F.,.F.,(5,3,3,3,5),(0.,0.249545916586,0.501706512347,
    0.841574869018,1.),.UNSPECIFIED.);
#1128 = CARTESIAN_POINT('',(39.351849737345,0.));
#1129 = CARTESIAN_POINT('',(39.356894820273,-1.871584974582));
#1130 = CARTESIAN_POINT('',(39.358735420221,-3.743177476829));
#1131 = CARTESIAN_POINT('',(39.35845635605,-5.614771603473));
#1132 = CARTESIAN_POINT('',(39.355814781933,-9.377572317764));
#1133 = CARTESIAN_POINT('',(39.353430289955,-11.26877864464));
#1134 = CARTESIAN_POINT('',(39.351109002923,-13.15998547787));
#1135 = CARTESIAN_POINT('',(39.348432472002,-17.6002079973));
#1136 = CARTESIAN_POINT('',(39.349004373166,-20.14922325453));
#1137 = CARTESIAN_POINT('',(39.350555799189,-22.69823665031));
#1138 = CARTESIAN_POINT('',(39.352611379852,-26.43543704412));
#1139 = CARTESIAN_POINT('',(39.353232462315,-27.62362498873));
#1140 = CARTESIAN_POINT('',(39.353706744912,-28.81181264965));
#1141 = CARTESIAN_POINT('',(39.353919886465,-30.));
#1142 = ( GEOMETRIC_REPRESENTATION_CONTEXT(2) 
PARAMETRIC_REPRESENTATION_CONTEXT() REPRESENTATION_CONTEXT('2D SPACE',''
  ) );
#1143 = ORIENTED_EDGE('',*,*,#1144,.F.);
#1144 = EDGE_CURVE('',#1145,#1084,#1147,.T.);
#1145 = VERTEX_POINT('',#1146);
#1146 = CARTESIAN_POINT('',(-62.,-15.,92.101849737345));
#1147 = SURFACE_CURVE('',#1148,(#1154,#1163),.PCURVE_S1.);
#1148 = B_SPLINE_CURVE_WITH_KNOTS('',4,(#1149,#1150,#1151,#1152,#1153),
  .UNSPECIFIED.,.F.,.F.,(5,5),(0.,1.),.PIECEWISE_BEZIER_KNOTS.);
#1149 = CARTESIAN_POINT('',(-62.0000006,-15.,92.101849737345));
#1150 = CARTESIAN_POINT('',(-54.37500045,-15.,92.101849737345));
#1151 = CARTESIAN_POINT('',(-46.7500003,-15.,92.101849737345));
#1152 = CARTESIAN_POINT('',(-39.12500015,-15.,92.101849737345));
#1153 = CARTESIAN_POINT('',(-31.5,-15.,92.101849737345));
#1154 = PCURVE('',#32,#1155);
#1155 = DEFINITIONAL_REPRESENTATION('',(#1156),#1162);
#1156 = B_SPLINE_CURVE_WITH_KNOTS('',4,(#1157,#1158,#1159,#1160,#1161),
  .UNSPECIFIED.,.F.,.F.,(5,5),(0.,1.),.PIECEWISE_BEZIER_KNOTS.);
#1157 = CARTESIAN_POINT('',(108.45990921509,-62.0000006));
#1158 = CARTESIAN_POINT('',(108.45990921509,-54.37500045));
#1159 = CARTESIAN_POINT('',(108.45990921509,-46.7500003));
#1160 = CARTESIAN_POINT('',(108.45990921509,-39.12500015));
#1161 = CARTESIAN_POINT('',(108.45990921509,-31.5));
#1162 = ( GEOMETRIC_REPRESENTATION_CONTEXT(2) 
PARAMETRIC_REPRESENTATION_CONTEXT() REPRESENTATION_CONTEXT('2D SPACE',''
  ) );
#1163 = PCURVE('',#1164,#1169);
#1164 = PLANE('',#1165);
#1165 = AXIS2_PLACEMENT_3D('',#1166,#1167,#1168);
#1166 = CARTESIAN_POINT('',(-75.5,-15.,52.75));
#1167 = DIRECTION('',(-0.,1.,0.));
#1168 = DIRECTION('',(0.,0.,1.));
#1169 = DEFINITIONAL_REPRESENTATION('',(#1170),#1176);
#1170 = B_SPLINE_CURVE_WITH_KNOTS('',4,(#1171,#1172,#1173,#1174,#1175),
  .UNSPECIFIED.,.F.,.F.,(5,5),(0.,1.),.PIECEWISE_BEZIER_KNOTS.);
#1171 = CARTESIAN_POINT('',(39.351849737345,13.4999994));
#1172 = CARTESIAN_POINT('',(39.351849737345,21.12499955));
#1173 = CARTESIAN_POINT('',(39.351849737345,28.7499997));
#1174 = CARTESIAN_POINT('',(39.351849737345,36.37499985));
#1175 = CARTESIAN_POINT('',(39.351849737345,44.));
#1176 = ( GEOMETRIC_REPRESENTATION_CONTEXT(2) 
PARAMETRIC_REPRESENTATION_CONTEXT() REPRESENTATION_CONTEXT('2D SPACE',''
  ) );
#1177 = ORIENTED_EDGE('',*,*,#1178,.T.);
#1178 = EDGE_CURVE('',#1145,#24,#1179,.T.);
#1179 = SURFACE_CURVE('',#1180,(#1280,#1287),.PCURVE_S1.);
#1180 = B_SPLINE_CURVE_WITH_KNOTS('',3,(#1181,#1182,#1183,#1184,#1185,
    #1186,#1187,#1188,#1189,#1190,#1191,#1192,#1193,#1194,#1195,#1196,
    #1197,#1198,#1199,#1200,#1201,#1202,#1203,#1204,#1205,#1206,#1207,
    #1208,#1209,#1210,#1211,#1212,#1213,#1214,#1215,#1216,#1217,#1218,
    #1219,#1220,#1221,#1222,#1223,#1224,#1225,#1226,#1227,#1228,#1229,
    #1230,#1231,#1232,#1233,#1234,#1235,#1236,#1237,#1238,#1239,#1240,
    #1241,#1242,#1243,#1244,#1245,#1246,#1247,#1248,#1249,#1250,#1251,
    #1252,#1253,#1254,#1255,#1256,#1257,#1258,#1259,#1260,#1261,#1262,
    #1263,#1264,#1265,#1266,#1267,#1268,#1269,#1270,#1271,#1272,#1273,
    #1274,#1275,#1276,#1277,#1278,#1279),.UNSPECIFIED.,.T.,.F.,(1,1,2,1,
    1,1,1,1,1,1,1,1,1,1,1,1,1,1,1,1,1,1,1,1,1,1,1,1,1,1,1,1,1,1,1,1,1,1,
    1,1,1,1,1,1,1,1,1,1,1,1,1,1,1,1,1,1,1,1,1,1,1,1,1,1,1,1,1,1,1,1,1,1,
    1,1,1,1,1,1,1,1,1,1,1,1,1,1,1,1,1,1,1,1,1,1,1,1,1,1,2,1,1),(
    -14.25833144748,-11.32166741588,0.,11.321667415889,14.258331447489,
    16.318214381607,17.969642458405,19.392211178835,20.683845910723,
    21.909504400643,23.117371498254,24.345365100043,25.624401262159,
    26.980600707799,28.437152382086,30.016055601105,31.739865912809,
    33.633623053919,35.727266051385,38.059077426378,40.681201847807,
    43.66948669647,47.143136811087,51.310003544623,56.595466481829,
    64.179864807086,93.459653158884,113.24977811474,118.37611801205,
    121.94923169082,124.76747189331,127.11912769627,129.14569226288,
    130.92901574698,132.52197544137,133.96183624236,135.27699211845,
    136.4907939178,137.62396668002,138.6962941885,139.72789679742,
    140.74027459888,141.75725489936,142.80607147451,143.91905141611,
    145.13690917169,146.5159093761,148.14509674893,150.1960031824,
    153.13041761015,164.4518808587,175.77362319313,178.70803762087,
    180.75894405435,182.38813142717,183.76713163158,184.98498938716,
    186.09796932877,187.14678590392,188.1637662044,189.17614400586,
    190.20774661478,191.28007412325,192.41324688547,193.62704868483,
    194.94220456091,196.38206536191,197.9750250563,199.7583485404,
    201.78491310701,204.13656890997,206.95480911246,210.52792279123,
    215.65426268853,235.44382198735,264.72417599635,272.30857432161,
    277.59403725882,281.76090399235,285.23455410697,288.22283895563,
    290.84496337706,293.17677475205,295.27041774952,297.16417489063,
    298.88798520234,300.46688842135,301.92344009564,303.27963954128,
    304.5586757034,305.78666930519,306.9945364028,308.22019489272,
    309.5118296246,310.93439834503,312.58582642183,314.64570935595,
    317.58237338755,328.90404080344,340.22570821933,343.16237225093),
  .UNSPECIFIED.);
#1181 = CARTESIAN_POINT('',(-62.,72.966486589325,60.267801856664));
#1182 = CARTESIAN_POINT('',(-62.,72.37934000594,67.732198143336));
#1183 = CARTESIAN_POINT('',(-62.,72.784349213326,72.532594322148));
#1184 = CARTESIAN_POINT('',(-62.,72.519044589439,77.964689360313));
#1185 = CARTESIAN_POINT('',(-62.,72.258000404488,80.168122642569));
#1186 = CARTESIAN_POINT('',(-62.,71.88790581029,81.84229783777));
#1187 = CARTESIAN_POINT('',(-62.,71.408474533118,83.220241255316));
#1188 = CARTESIAN_POINT('',(-62.,70.816219633928,84.396886333742));
#1189 = CARTESIAN_POINT('',(-62.,70.10882383311,85.422154985311));
#1190 = CARTESIAN_POINT('',(-62.,69.283725769019,86.326310262436));
#1191 = CARTESIAN_POINT('',(-62.,68.337550666004,87.129797535763));
#1192 = CARTESIAN_POINT('',(-62.,67.265336628246,87.847396477089));
#1193 = CARTESIAN_POINT('',(-62.,66.060134232525,88.490117230828));
#1194 = CARTESIAN_POINT('',(-62.,64.712730862205,89.066244908314));
#1195 = CARTESIAN_POINT('',(-62.,63.211246707908,89.582055701646));
#1196 = CARTESIAN_POINT('',(-62.,61.540396519282,90.042347850899));
#1197 = CARTESIAN_POINT('',(-62.,59.680243081407,90.450831486354));
#1198 = CARTESIAN_POINT('',(-62.,57.604159378631,90.810407673374));
#1199 = CARTESIAN_POINT('',(-62.,55.275428973916,91.123365183893));
#1200 = CARTESIAN_POINT('',(-62.,52.641254584553,91.391520829605));
#1201 = CARTESIAN_POINT('',(-62.,49.621281521718,91.616316674204));
#1202 = CARTESIAN_POINT('',(-62.,46.082806974982,91.798919822392));
#1203 = CARTESIAN_POINT('',(-62.,41.776267545562,91.94022768595));
#1204 = CARTESIAN_POINT('',(-62.,36.098104940249,92.04168243076));
#1205 = CARTESIAN_POINT('',(-62.,22.048333285228,92.130452247429));
#1206 = CARTESIAN_POINT('',(-62.,3.163544567022,92.074424142117));
#1207 = CARTESIAN_POINT('',(-62.,-14.90199587236,92.129276524922));
#1208 = CARTESIAN_POINT('',(-62.,-24.39835258759,92.041772928123));
#1209 = CARTESIAN_POINT('',(-62.,-28.23647913878,91.940187931096));
#1210 = CARTESIAN_POINT('',(-62.,-31.14767734216,91.798853670557));
#1211 = CARTESIAN_POINT('',(-62.,-33.53989867665,91.616153535173));
#1212 = CARTESIAN_POINT('',(-62.,-35.58184407303,91.391190150997));
#1213 = CARTESIAN_POINT('',(-62.,-37.36323633851,91.122748461856));
#1214 = CARTESIAN_POINT('',(-62.,-38.93841895326,90.80932656323));
#1215 = CARTESIAN_POINT('',(-62.,-40.34310331517,90.44902125825));
#1216 = CARTESIAN_POINT('',(-62.,-41.60210933442,90.039428905152));
#1217 = CARTESIAN_POINT('',(-62.,-42.73338698621,89.577509544685));
#1218 = CARTESIAN_POINT('',(-62.,-43.75027333156,89.059416764335));
#1219 = CARTESIAN_POINT('',(-62.,-44.66282628056,88.480285599614));
#1220 = CARTESIAN_POINT('',(-62.,-45.47865436122,87.833962499482));
#1221 = CARTESIAN_POINT('',(-62.,-46.20349352484,87.112617506641));
#1222 = CARTESIAN_POINT('',(-62.,-46.84169543283,86.306078889876));
#1223 = CARTESIAN_POINT('',(-62.,-47.39669117273,85.400571866356));
#1224 = CARTESIAN_POINT('',(-62.,-47.87138333284,84.376314959383));
#1225 = CARTESIAN_POINT('',(-62.,-48.26835979541,83.202894681819));
#1226 = CARTESIAN_POINT('',(-62.,-48.58999350129,81.829512949382));
#1227 = CARTESIAN_POINT('',(-62.,-48.83825314562,80.159980266064));
#1228 = CARTESIAN_POINT('',(-62.,-49.0162477832,77.961066996298));
#1229 = CARTESIAN_POINT('',(-62.,-49.17023829355,72.526372590576));
#1230 = CARTESIAN_POINT('',(-62.,-49.07688731594,64.000046512142));
#1231 = CARTESIAN_POINT('',(-62.,-49.17024068574,55.473720424217));
#1232 = CARTESIAN_POINT('',(-62.,-49.01624780283,50.038933003575));
#1233 = CARTESIAN_POINT('',(-62.,-48.83825314216,47.840019733958));
#1234 = CARTESIAN_POINT('',(-62.,-48.58999350199,46.170487050614));
#1235 = CARTESIAN_POINT('',(-62.,-48.26835979526,44.797105318182));
#1236 = CARTESIAN_POINT('',(-62.,-47.87138333287,43.623685040617));
#1237 = CARTESIAN_POINT('',(-62.,-47.39669117272,42.599428133644));
#1238 = CARTESIAN_POINT('',(-62.,-46.84169543283,41.693921110124));
#1239 = CARTESIAN_POINT('',(-62.,-46.20349352484,40.887382493359));
#1240 = CARTESIAN_POINT('',(-62.,-45.47865436122,40.166037500518));
#1241 = CARTESIAN_POINT('',(-62.,-44.66282628056,39.519714400386));
#1242 = CARTESIAN_POINT('',(-62.,-43.75027333156,38.940583235665));
#1243 = CARTESIAN_POINT('',(-62.,-42.73338698621,38.422490455315));
#1244 = CARTESIAN_POINT('',(-62.,-41.60210933442,37.960571094848));
#1245 = CARTESIAN_POINT('',(-62.,-40.34310331517,37.55097874175));
#1246 = CARTESIAN_POINT('',(-62.,-38.93841895326,37.190673436771));
#1247 = CARTESIAN_POINT('',(-62.,-37.36323633851,36.877251538139));
#1248 = CARTESIAN_POINT('',(-62.,-35.58184407303,36.608809849022));
#1249 = CARTESIAN_POINT('',(-62.,-33.53989867665,36.383846464737));
#1250 = CARTESIAN_POINT('',(-62.,-31.14767734216,36.201146329871));
#1251 = CARTESIAN_POINT('',(-62.,-28.23647913879,36.059812066739));
#1252 = CARTESIAN_POINT('',(-62.,-24.39835258756,35.958227084286));
#1253 = CARTESIAN_POINT('',(-62.,-14.90218442171,35.870725058177));
#1254 = CARTESIAN_POINT('',(-62.,3.163356015181,35.925575618576));
#1255 = CARTESIAN_POINT('',(-62.,22.048144734197,35.869546688497));
#1256 = CARTESIAN_POINT('',(-62.,36.098104940259,35.958317559009));
#1257 = CARTESIAN_POINT('',(-62.,41.77626754556,36.059772315833));
#1258 = CARTESIAN_POINT('',(-62.,46.082806974983,36.201080177256));
#1259 = CARTESIAN_POINT('',(-62.,49.621281521716,36.38368332587));
#1260 = CARTESIAN_POINT('',(-62.,52.641254584559,36.608479170379));
#1261 = CARTESIAN_POINT('',(-62.,55.275428973899,36.87663481611));
#1262 = CARTESIAN_POINT('',(-62.,57.604159378683,37.189592326625));
#1263 = CARTESIAN_POINT('',(-62.,59.680243081242,37.549168513646));
#1264 = CARTESIAN_POINT('',(-62.,61.540396519814,37.957652149101));
#1265 = CARTESIAN_POINT('',(-62.,63.211246706177,38.417944298354));
#1266 = CARTESIAN_POINT('',(-62.,64.712730867891,38.933755091686));
#1267 = CARTESIAN_POINT('',(-62.,66.060134213629,39.509882769172));
#1268 = CARTESIAN_POINT('',(-62.,67.265336692003,40.152603522911));
#1269 = CARTESIAN_POINT('',(-62.,68.337550446269,40.870202464237));
#1270 = CARTESIAN_POINT('',(-62.,69.283726548951,41.673689737564));
#1271 = CARTESIAN_POINT('',(-62.,70.108820953369,42.577845014689));
#1272 = CARTESIAN_POINT('',(-62.,70.816230813944,43.603113666258));
#1273 = CARTESIAN_POINT('',(-62.,71.408428416688,44.779758744685));
#1274 = CARTESIAN_POINT('',(-62.,71.888110222471,46.15770216223));
#1275 = CARTESIAN_POINT('',(-62.,72.257007774398,47.831877357431));
#1276 = CARTESIAN_POINT('',(-62.,72.524620459335,50.035310639687));
#1277 = CARTESIAN_POINT('',(-62.,72.715550247794,55.467405677852));
#1278 = CARTESIAN_POINT('',(-62.,72.966486589325,60.267801856664));
#1279 = CARTESIAN_POINT('',(-62.,72.37934000594,67.732198143336));
#1280 = PCURVE('',#32,#1281);
#1281 = DEFINITIONAL_REPRESENTATION('',(#1282),#1286);
#1282 = LINE('',#1283,#1284);
#1283 = CARTESIAN_POINT('',(0.,-62.));
#1284 = VECTOR('',#1285,1.);
#1285 = DIRECTION('',(1.,0.));
#1286 = ( GEOMETRIC_REPRESENTATION_CONTEXT(2) 
PARAMETRIC_REPRESENTATION_CONTEXT() REPRESENTATION_CONTEXT('2D SPACE',''
  ) );
#1287 = PCURVE('',#941,#1288);
#1288 = DEFINITIONAL_REPRESENTATION('',(#1289),#1389);
#1289 = B_SPLINE_CURVE_WITH_KNOTS('',3,(#1290,#1291,#1292,#1293,#1294,
    #1295,#1296,#1297,#1298,#1299,#1300,#1301,#1302,#1303,#1304,#1305,
    #1306,#1307,#1308,#1309,#1310,#1311,#1312,#1313,#1314,#1315,#1316,
    #1317,#1318,#1319,#1320,#1321,#1322,#1323,#1324,#1325,#1326,#1327,
    #1328,#1329,#1330,#1331,#1332,#1333,#1334,#1335,#1336,#1337,#1338,
    #1339,#1340,#1341,#1342,#1343,#1344,#1345,#1346,#1347,#1348,#1349,
    #1350,#1351,#1352,#1353,#1354,#1355,#1356,#1357,#1358,#1359,#1360,
    #1361,#1362,#1363,#1364,#1365,#1366,#1367,#1368,#1369,#1370,#1371,
    #1372,#1373,#1374,#1375,#1376,#1377,#1378,#1379,#1380,#1381,#1382,
    #1383,#1384,#1385,#1386,#1387,#1388),.UNSPECIFIED.,.T.,.F.,(1,1,2,1,
    1,1,1,1,1,1,1,1,1,1,1,1,1,1,1,1,1,1,1,1,1,1,1,1,1,1,1,1,1,1,1,1,1,1,
    1,1,1,1,1,1,1,1,1,1,1,1,1,1,1,1,1,1,1,1,1,1,1,1,1,1,1,1,1,1,1,1,1,1,
    1,1,1,1,1,1,1,1,1,1,1,1,1,1,1,1,1,1,1,1,1,1,1,1,1,1,2,1,1),(
    -14.25833144748,-11.32166741588,0.,11.321667415889,14.258331447489,
    16.318214381607,17.969642458405,19.392211178835,20.683845910723,
    21.909504400643,23.117371498254,24.345365100043,25.624401262159,
    26.980600707799,28.437152382086,30.016055601105,31.739865912809,
    33.633623053919,35.727266051385,38.059077426378,40.681201847807,
    43.66948669647,47.143136811087,51.310003544623,56.595466481829,
    64.179864807086,93.459653158884,113.24977811474,118.37611801205,
    121.94923169082,124.76747189331,127.11912769627,129.14569226288,
    130.92901574698,132.52197544137,133.96183624236,135.27699211845,
    136.4907939178,137.62396668002,138.6962941885,139.72789679742,
    140.74027459888,141.75725489936,142.80607147451,143.91905141611,
    145.13690917169,146.5159093761,148.14509674893,150.1960031824,
    153.13041761015,164.4518808587,175.77362319313,178.70803762087,
    180.75894405435,182.38813142717,183.76713163158,184.98498938716,
    186.09796932877,187.14678590392,188.1637662044,189.17614400586,
    190.20774661478,191.28007412325,192.41324688547,193.62704868483,
    194.94220456091,196.38206536191,197.9750250563,199.7583485404,
    201.78491310701,204.13656890997,206.95480911246,210.52792279123,
    215.65426268853,235.44382198735,264.72417599635,272.30857432161,
    277.59403725882,281.76090399235,285.23455410697,288.22283895563,
    290.84496337706,293.17677475205,295.27041774952,297.16417489063,
    298.88798520234,300.46688842135,301.92344009564,303.27963954128,
    304.5586757034,305.78666930519,306.9945364028,308.22019489272,
    309.5118296246,310.93439834503,312.58582642183,314.64570935595,
    317.58237338755,328.90404080344,340.22570821933,343.16237225093),
  .UNSPECIFIED.);
#1290 = CARTESIAN_POINT('',(61.599886541082,-3.732125580548));
#1291 = CARTESIAN_POINT('',(61.012739957698,3.732270706123));
#1292 = CARTESIAN_POINT('',(61.417749165084,8.532666884935));
#1293 = CARTESIAN_POINT('',(61.152444541197,13.964761923101));
#1294 = CARTESIAN_POINT('',(60.891400356245,16.168195205356));
#1295 = CARTESIAN_POINT('',(60.521305762048,17.842370400557));
#1296 = CARTESIAN_POINT('',(60.041874484875,19.220313818103));
#1297 = CARTESIAN_POINT('',(59.449619585685,20.39695889653));
#1298 = CARTESIAN_POINT('',(58.742223784868,21.422227548099));
#1299 = CARTESIAN_POINT('',(57.917125720777,22.326382825224));
#1300 = CARTESIAN_POINT('',(56.970950617762,23.129870098551));
#1301 = CARTESIAN_POINT('',(55.898736580003,23.847469039876));
#1302 = CARTESIAN_POINT('',(54.693534184283,24.490189793615));
#1303 = CARTESIAN_POINT('',(53.346130813962,25.066317471102));
#1304 = CARTESIAN_POINT('',(51.844646659665,25.582128264433));
#1305 = CARTESIAN_POINT('',(50.17379647104,26.042420413686));
#1306 = CARTESIAN_POINT('',(48.313643033165,26.450904049142));
#1307 = CARTESIAN_POINT('',(46.237559330389,26.810480236162));
#1308 = CARTESIAN_POINT('',(43.908828925673,27.123437746681));
#1309 = CARTESIAN_POINT('',(41.274654536311,27.391593392393));
#1310 = CARTESIAN_POINT('',(38.254681473475,27.616389236991));
#1311 = CARTESIAN_POINT('',(34.71620692674,27.79899238518));
#1312 = CARTESIAN_POINT('',(30.409667497319,27.940300248738));
#1313 = CARTESIAN_POINT('',(24.731504892007,28.041754993547));
#1314 = CARTESIAN_POINT('',(10.681733236985,28.130524810216));
#1315 = CARTESIAN_POINT('',(-8.20305548122,28.074496704905));
#1316 = CARTESIAN_POINT('',(-26.2685959206,28.12934908771));
#1317 = CARTESIAN_POINT('',(-35.76495263583,28.04184549091));
#1318 = CARTESIAN_POINT('',(-39.60307918702,27.940260493884));
#1319 = CARTESIAN_POINT('',(-42.5142773904,27.798926233345));
#1320 = CARTESIAN_POINT('',(-44.90649872489,27.616226097961));
#1321 = CARTESIAN_POINT('',(-46.94844412127,27.391262713785));
#1322 = CARTESIAN_POINT('',(-48.72983638675,27.122821024644));
#1323 = CARTESIAN_POINT('',(-50.3050190015,26.809399126018));
#1324 = CARTESIAN_POINT('',(-51.70970336341,26.449093821038));
#1325 = CARTESIAN_POINT('',(-52.96870938266,26.03950146794));
#1326 = CARTESIAN_POINT('',(-54.09998703445,25.577582107472));
#1327 = CARTESIAN_POINT('',(-55.1168733798,25.059489327123));
#1328 = CARTESIAN_POINT('',(-56.02942632881,24.480358162401));
#1329 = CARTESIAN_POINT('',(-56.84525440946,23.83403506227));
#1330 = CARTESIAN_POINT('',(-57.57009357308,23.112690069428));
#1331 = CARTESIAN_POINT('',(-58.20829548107,22.306151452664));
#1332 = CARTESIAN_POINT('',(-58.76329122097,21.400644429144));
#1333 = CARTESIAN_POINT('',(-59.23798338108,20.376387522171));
#1334 = CARTESIAN_POINT('',(-59.63495984366,19.202967244606));
#1335 = CARTESIAN_POINT('',(-59.95659354954,17.82958551217));
#1336 = CARTESIAN_POINT('',(-60.20485319386,16.160052828852));
#1337 = CARTESIAN_POINT('',(-60.38284783144,13.961139559086));
#1338 = CARTESIAN_POINT('',(-60.53683834179,8.526445153364));
#1339 = CARTESIAN_POINT('',(-60.44348736419,1.190749292729E-04));
#1340 = CARTESIAN_POINT('',(-60.53684073398,-8.526207012995));
#1341 = CARTESIAN_POINT('',(-60.38284785107,-13.96099443363));
#1342 = CARTESIAN_POINT('',(-60.2048531904,-16.15990770325));
#1343 = CARTESIAN_POINT('',(-59.95659355023,-17.82944038659));
#1344 = CARTESIAN_POINT('',(-59.6349598435,-19.20282211903));
#1345 = CARTESIAN_POINT('',(-59.23798338112,-20.37624239659));
#1346 = CARTESIAN_POINT('',(-58.76329122096,-21.40049930356));
#1347 = CARTESIAN_POINT('',(-58.20829548107,-22.30600632708));
#1348 = CARTESIAN_POINT('',(-57.57009357308,-23.11254494385));
#1349 = CARTESIAN_POINT('',(-56.84525440946,-23.83388993669));
#1350 = CARTESIAN_POINT('',(-56.02942632881,-24.48021303682));
#1351 = CARTESIAN_POINT('',(-55.1168733798,-25.05934420154));
#1352 = CARTESIAN_POINT('',(-54.09998703445,-25.57743698189));
#1353 = CARTESIAN_POINT('',(-52.96870938266,-26.03935634236));
#1354 = CARTESIAN_POINT('',(-51.70970336341,-26.44894869546));
#1355 = CARTESIAN_POINT('',(-50.3050190015,-26.80925400044));
#1356 = CARTESIAN_POINT('',(-48.72983638675,-27.12267589907));
#1357 = CARTESIAN_POINT('',(-46.94844412127,-27.39111758819));
#1358 = CARTESIAN_POINT('',(-44.90649872489,-27.61608097247));
#1359 = CARTESIAN_POINT('',(-42.5142773904,-27.79878110734));
#1360 = CARTESIAN_POINT('',(-39.60307918703,-27.94011537047));
#1361 = CARTESIAN_POINT('',(-35.7649526358,-28.04170035292));
#1362 = CARTESIAN_POINT('',(-26.26878446995,-28.12920237903));
#1363 = CARTESIAN_POINT('',(-8.203244033061,-28.07435181863));
#1364 = CARTESIAN_POINT('',(10.681544685954,-28.13038074871));
#1365 = CARTESIAN_POINT('',(24.731504892017,-28.0416098782));
#1366 = CARTESIAN_POINT('',(30.409667497317,-27.94015512137));
#1367 = CARTESIAN_POINT('',(34.71620692674,-27.79884725995));
#1368 = CARTESIAN_POINT('',(38.254681473474,-27.61624411134));
#1369 = CARTESIAN_POINT('',(41.274654536316,-27.39144826683));
#1370 = CARTESIAN_POINT('',(43.908828925657,-27.1232926211));
#1371 = CARTESIAN_POINT('',(46.237559330441,-26.81033511058));
#1372 = CARTESIAN_POINT('',(48.313643033,-26.45075892356));
#1373 = CARTESIAN_POINT('',(50.173796471571,-26.04227528811));
#1374 = CARTESIAN_POINT('',(51.844646657934,-25.58198313885));
#1375 = CARTESIAN_POINT('',(53.346130819649,-25.06617234552));
#1376 = CARTESIAN_POINT('',(54.693534165386,-24.49004466804));
#1377 = CARTESIAN_POINT('',(55.898736643761,-23.8473239143));
#1378 = CARTESIAN_POINT('',(56.970950398026,-23.12972497297));
#1379 = CARTESIAN_POINT('',(57.917126500708,-22.32623769964));
#1380 = CARTESIAN_POINT('',(58.742220905126,-21.42208242252));
#1381 = CARTESIAN_POINT('',(59.449630765702,-20.39681377095));
#1382 = CARTESIAN_POINT('',(60.041828368445,-19.22016869252));
#1383 = CARTESIAN_POINT('',(60.521510174228,-17.84222527498));
#1384 = CARTESIAN_POINT('',(60.890407726155,-16.16805007978));
#1385 = CARTESIAN_POINT('',(61.158020411092,-13.96461679752));
#1386 = CARTESIAN_POINT('',(61.348950199551,-8.53252175936));
#1387 = CARTESIAN_POINT('',(61.599886541082,-3.732125580548));
#1388 = CARTESIAN_POINT('',(61.012739957698,3.732270706123));
#1389 = ( GEOMETRIC_REPRESENTATION_CONTEXT(2) 
PARAMETRIC_REPRESENTATION_CONTEXT() REPRESENTATION_CONTEXT('2D SPACE',''
  ) );
#1390 = ADVANCED_FACE('',(#1391),#941,.F.);
#1391 = FACE_BOUND('',#1392,.F.);
#1392 = EDGE_LOOP('',(#1393,#1394,#1395,#1416,#1442));
#1393 = ORIENTED_EDGE('',*,*,#1178,.T.);
#1394 = ORIENTED_EDGE('',*,*,#829,.T.);
#1395 = ORIENTED_EDGE('',*,*,#1396,.F.);
#1396 = EDGE_CURVE('',#1397,#830,#1399,.T.);
#1397 = VERTEX_POINT('',#1398);
#1398 = CARTESIAN_POINT('',(-62.,15.,52.75));
#1399 = SURFACE_CURVE('',#1400,(#1404,#1410),.PCURVE_S1.);
#1400 = LINE('',#1401,#1402);
#1401 = CARTESIAN_POINT('',(-62.,15.,58.374963718606));
#1402 = VECTOR('',#1403,1.);
#1403 = DIRECTION('',(0.,-0.,1.));
#1404 = PCURVE('',#941,#1405);
#1405 = DEFINITIONAL_REPRESENTATION('',(#1406),#1409);
#1406 = B_SPLINE_CURVE_WITH_KNOTS('',1,(#1407,#1408),.UNSPECIFIED.,.F.,
  .F.,(2,2),(-5.624963718606,33.755488528822),.PIECEWISE_BEZIER_KNOTS.);
#1407 = CARTESIAN_POINT('',(3.633399951758,-11.24992743721));
#1408 = CARTESIAN_POINT('',(3.633399951758,28.130524810216));
#1409 = ( GEOMETRIC_REPRESENTATION_CONTEXT(2) 
PARAMETRIC_REPRESENTATION_CONTEXT() REPRESENTATION_CONTEXT('2D SPACE',''
  ) );
#1410 = PCURVE('',#1069,#1411);
#1411 = DEFINITIONAL_REPRESENTATION('',(#1412),#1415);
#1412 = B_SPLINE_CURVE_WITH_KNOTS('',1,(#1413,#1414),.UNSPECIFIED.,.F.,
  .F.,(2,2),(-5.624963718606,33.755488528822),.PIECEWISE_BEZIER_KNOTS.);
#1413 = CARTESIAN_POINT('',(0.,13.5));
#1414 = CARTESIAN_POINT('',(39.380452247429,13.5));
#1415 = ( GEOMETRIC_REPRESENTATION_CONTEXT(2) 
PARAMETRIC_REPRESENTATION_CONTEXT() REPRESENTATION_CONTEXT('2D SPACE',''
  ) );
#1416 = ORIENTED_EDGE('',*,*,#1417,.T.);
#1417 = EDGE_CURVE('',#1397,#1418,#1420,.T.);
#1418 = VERTEX_POINT('',#1419);
#1419 = CARTESIAN_POINT('',(-62.,-15.,52.75));
#1420 = SURFACE_CURVE('',#1421,(#1425,#1431),.PCURVE_S1.);
#1421 = LINE('',#1422,#1423);
#1422 = CARTESIAN_POINT('',(-62.,-1.816699975879,52.75));
#1423 = VECTOR('',#1424,1.);
#1424 = DIRECTION('',(0.,-1.,0.));
#1425 = PCURVE('',#941,#1426);
#1426 = DEFINITIONAL_REPRESENTATION('',(#1427),#1430);
#1427 = B_SPLINE_CURVE_WITH_KNOTS('',1,(#1428,#1429),.UNSPECIFIED.,.F.,
  .F.,(2,2),(-16.81669997587,13.183300024121),.PIECEWISE_BEZIER_KNOTS.);
#1428 = CARTESIAN_POINT('',(3.633399951758,-11.24992743721));
#1429 = CARTESIAN_POINT('',(-26.36660004824,-11.24992743721));
#1430 = ( GEOMETRIC_REPRESENTATION_CONTEXT(2) 
PARAMETRIC_REPRESENTATION_CONTEXT() REPRESENTATION_CONTEXT('2D SPACE',''
  ) );
#1431 = PCURVE('',#1432,#1437);
#1432 = PLANE('',#1433);
#1433 = AXIS2_PLACEMENT_3D('',#1434,#1435,#1436);
#1434 = CARTESIAN_POINT('',(-75.5,-15.,52.75));
#1435 = DIRECTION('',(0.,0.,1.));
#1436 = DIRECTION('',(1.,0.,-0.));
#1437 = DEFINITIONAL_REPRESENTATION('',(#1438),#1441);
#1438 = B_SPLINE_CURVE_WITH_KNOTS('',1,(#1439,#1440),.UNSPECIFIED.,.F.,
  .F.,(2,2),(-16.81669997587,13.183300024121),.PIECEWISE_BEZIER_KNOTS.);
#1439 = CARTESIAN_POINT('',(13.5,30.));
#1440 = CARTESIAN_POINT('',(13.5,0.));
#1441 = ( GEOMETRIC_REPRESENTATION_CONTEXT(2) 
PARAMETRIC_REPRESENTATION_CONTEXT() REPRESENTATION_CONTEXT('2D SPACE',''
  ) );
#1442 = ORIENTED_EDGE('',*,*,#1443,.T.);
#1443 = EDGE_CURVE('',#1418,#1145,#1444,.T.);
#1444 = SURFACE_CURVE('',#1445,(#1449,#1455),.PCURVE_S1.);
#1445 = LINE('',#1446,#1447);
#1446 = CARTESIAN_POINT('',(-62.,-15.,58.374963718606));
#1447 = VECTOR('',#1448,1.);
#1448 = DIRECTION('',(0.,-0.,1.));
#1449 = PCURVE('',#941,#1450);
#1450 = DEFINITIONAL_REPRESENTATION('',(#1451),#1454);
#1451 = B_SPLINE_CURVE_WITH_KNOTS('',1,(#1452,#1453),.UNSPECIFIED.,.F.,
  .F.,(2,2),(-5.624963718606,33.755488528822),.PIECEWISE_BEZIER_KNOTS.);
#1452 = CARTESIAN_POINT('',(-26.36660004824,-11.24992743721));
#1453 = CARTESIAN_POINT('',(-26.36660004824,28.130524810216));
#1454 = ( GEOMETRIC_REPRESENTATION_CONTEXT(2) 
PARAMETRIC_REPRESENTATION_CONTEXT() REPRESENTATION_CONTEXT('2D SPACE',''
  ) );
#1455 = PCURVE('',#1164,#1456);
#1456 = DEFINITIONAL_REPRESENTATION('',(#1457),#1460);
#1457 = B_SPLINE_CURVE_WITH_KNOTS('',1,(#1458,#1459),.UNSPECIFIED.,.F.,
  .F.,(2,2),(-5.624963718606,33.755488528822),.PIECEWISE_BEZIER_KNOTS.);
#1458 = CARTESIAN_POINT('',(0.,13.5));
#1459 = CARTESIAN_POINT('',(39.380452247429,13.5));
#1460 = ( GEOMETRIC_REPRESENTATION_CONTEXT(2) 
PARAMETRIC_REPRESENTATION_CONTEXT() REPRESENTATION_CONTEXT('2D SPACE',''
  ) );
#1461 = ADVANCED_FACE('',(#1462),#1164,.T.);
#1462 = FACE_BOUND('',#1463,.T.);
#1463 = EDGE_LOOP('',(#1464,#1487,#1488,#1489,#1512,#1644));
#1464 = ORIENTED_EDGE('',*,*,#1465,.F.);
#1465 = EDGE_CURVE('',#1418,#1466,#1468,.T.);
#1466 = VERTEX_POINT('',#1467);
#1467 = CARTESIAN_POINT('',(-59.,-15.,52.75));
#1468 = SURFACE_CURVE('',#1469,(#1473,#1480),.PCURVE_S1.);
#1469 = LINE('',#1470,#1471);
#1470 = CARTESIAN_POINT('',(-75.5,-15.,52.75));
#1471 = VECTOR('',#1472,1.);
#1472 = DIRECTION('',(1.,0.,-0.));
#1473 = PCURVE('',#1164,#1474);
#1474 = DEFINITIONAL_REPRESENTATION('',(#1475),#1479);
#1475 = LINE('',#1476,#1477);
#1476 = CARTESIAN_POINT('',(0.,0.));
#1477 = VECTOR('',#1478,1.);
#1478 = DIRECTION('',(0.,1.));
#1479 = ( GEOMETRIC_REPRESENTATION_CONTEXT(2) 
PARAMETRIC_REPRESENTATION_CONTEXT() REPRESENTATION_CONTEXT('2D SPACE',''
  ) );
#1480 = PCURVE('',#1432,#1481);
#1481 = DEFINITIONAL_REPRESENTATION('',(#1482),#1486);
#1482 = LINE('',#1483,#1484);
#1483 = CARTESIAN_POINT('',(0.,0.));
#1484 = VECTOR('',#1485,1.);
#1485 = DIRECTION('',(1.,0.));
#1486 = ( GEOMETRIC_REPRESENTATION_CONTEXT(2) 
PARAMETRIC_REPRESENTATION_CONTEXT() REPRESENTATION_CONTEXT('2D SPACE',''
  ) );
#1487 = ORIENTED_EDGE('',*,*,#1443,.T.);
#1488 = ORIENTED_EDGE('',*,*,#1144,.T.);
#1489 = ORIENTED_EDGE('',*,*,#1490,.F.);
#1490 = EDGE_CURVE('',#1491,#1084,#1493,.T.);
#1491 = VERTEX_POINT('',#1492);
#1492 = CARTESIAN_POINT('',(-31.5,-15.,89.099023090926));
#1493 = SURFACE_CURVE('',#1494,(#1498,#1505),.PCURVE_S1.);
#1494 = LINE('',#1495,#1496);
#1495 = CARTESIAN_POINT('',(-31.5,-15.,52.75));
#1496 = VECTOR('',#1497,1.);
#1497 = DIRECTION('',(0.,0.,1.));
#1498 = PCURVE('',#1164,#1499);
#1499 = DEFINITIONAL_REPRESENTATION('',(#1500),#1504);
#1500 = LINE('',#1501,#1502);
#1501 = CARTESIAN_POINT('',(0.,44.));
#1502 = VECTOR('',#1503,1.);
#1503 = DIRECTION('',(1.,0.));
#1504 = ( GEOMETRIC_REPRESENTATION_CONTEXT(2) 
PARAMETRIC_REPRESENTATION_CONTEXT() REPRESENTATION_CONTEXT('2D SPACE',''
  ) );
#1505 = PCURVE('',#1121,#1506);
#1506 = DEFINITIONAL_REPRESENTATION('',(#1507),#1511);
#1507 = LINE('',#1508,#1509);
#1508 = CARTESIAN_POINT('',(0.,0.));
#1509 = VECTOR('',#1510,1.);
#1510 = DIRECTION('',(1.,0.));
#1511 = ( GEOMETRIC_REPRESENTATION_CONTEXT(2) 
PARAMETRIC_REPRESENTATION_CONTEXT() REPRESENTATION_CONTEXT('2D SPACE',''
  ) );
#1512 = ORIENTED_EDGE('',*,*,#1513,.F.);
#1513 = EDGE_CURVE('',#1514,#1491,#1516,.T.);
#1514 = VERTEX_POINT('',#1515);
#1515 = CARTESIAN_POINT('',(-59.,-15.,89.099023090926));
#1516 = SURFACE_CURVE('',#1517,(#1523,#1532),.PCURVE_S1.);
#1517 = B_SPLINE_CURVE_WITH_KNOTS('',4,(#1518,#1519,#1520,#1521,#1522),
  .UNSPECIFIED.,.F.,.F.,(5,5),(0.,1.),.PIECEWISE_BEZIER_KNOTS.);
#1518 = CARTESIAN_POINT('',(-59.0000006,-15.,89.099023090926));
#1519 = CARTESIAN_POINT('',(-52.12500045,-15.,89.099023090926));
#1520 = CARTESIAN_POINT('',(-45.2500003,-15.,89.099023090926));
#1521 = CARTESIAN_POINT('',(-38.37500015,-15.,89.099023090926));
#1522 = CARTESIAN_POINT('',(-31.5,-15.,89.099023090926));
#1523 = PCURVE('',#1164,#1524);
#1524 = DEFINITIONAL_REPRESENTATION('',(#1525),#1531);
#1525 = B_SPLINE_CURVE_WITH_KNOTS('',4,(#1526,#1527,#1528,#1529,#1530),
  .UNSPECIFIED.,.F.,.F.,(5,5),(0.,1.),.PIECEWISE_BEZIER_KNOTS.);
#1526 = CARTESIAN_POINT('',(36.349023090926,16.4999994));
#1527 = CARTESIAN_POINT('',(36.349023090926,23.37499955));
#1528 = CARTESIAN_POINT('',(36.349023090926,30.2499997));
#1529 = CARTESIAN_POINT('',(36.349023090926,37.12499985));
#1530 = CARTESIAN_POINT('',(36.349023090926,44.));
#1531 = ( GEOMETRIC_REPRESENTATION_CONTEXT(2) 
PARAMETRIC_REPRESENTATION_CONTEXT() REPRESENTATION_CONTEXT('2D SPACE',''
  ) );
#1532 = PCURVE('',#1533,#1636);
#1533 = SURFACE_OF_LINEAR_EXTRUSION('',#1534,#1634);
#1534 = B_SPLINE_CURVE_WITH_KNOTS('',3,(#1535,#1536,#1537,#1538,#1539,
    #1540,#1541,#1542,#1543,#1544,#1545,#1546,#1547,#1548,#1549,#1550,
    #1551,#1552,#1553,#1554,#1555,#1556,#1557,#1558,#1559,#1560,#1561,
    #1562,#1563,#1564,#1565,#1566,#1567,#1568,#1569,#1570,#1571,#1572,
    #1573,#1574,#1575,#1576,#1577,#1578,#1579,#1580,#1581,#1582,#1583,
    #1584,#1585,#1586,#1587,#1588,#1589,#1590,#1591,#1592,#1593,#1594,
    #1595,#1596,#1597,#1598,#1599,#1600,#1601,#1602,#1603,#1604,#1605,
    #1606,#1607,#1608,#1609,#1610,#1611,#1612,#1613,#1614,#1615,#1616,
    #1617,#1618,#1619,#1620,#1621,#1622,#1623,#1624,#1625,#1626,#1627,
    #1628,#1629,#1630,#1631,#1632,#1633),.UNSPECIFIED.,.T.,.F.,(1,1,2,1,
    1,1,1,1,1,1,1,1,1,1,1,1,1,1,1,1,1,1,1,1,1,1,1,1,1,1,1,1,1,1,1,1,1,1,
    1,1,1,1,1,1,1,1,1,1,1,1,1,1,1,1,1,1,1,1,1,1,1,1,1,1,1,1,1,1,1,1,1,1,
    1,1,1,1,1,1,1,1,1,1,1,1,1,1,1,1,1,1,1,1,1,1,1,1,1,1,2,1,1),(
    -12.73666778934,-10.11296462659,0.,10.112964626598,12.736667789343,
    14.578871698217,16.059501754873,17.34087253809,18.512386283993,
    19.633737618649,20.749168125499,21.893252501555,23.093953567575,
    24.374793080826,25.756694105367,27.259667954987,28.904472277368,
    30.714428146398,32.717701126394,34.950572220252,37.46270307716,
    40.326550251725,43.656193374693,47.65074345976,52.717896433844,
    59.989173996988,88.060266779918,106.64167214322,111.4548782201,
    114.80962960979,117.45542209748,119.66280860007,121.56447523164,
    123.23706455914,124.72996391698,126.0778397072,127.30695642614,
    128.43876151795,129.4921509846,130.48505696623,131.43566760367,
    132.36343928437,133.2900175784,134.24024960608,135.24369187279,
    136.3375029567,137.57276169056,139.02977805141,140.86243531063,
    143.48374440221,153.59651559962,163.70953608713,166.33084517872,
    168.16350243794,169.62051879878,170.85577753265,171.94958861655,
    172.95303088327,173.90326291094,174.82984120498,175.75761288568,
    176.70822352312,177.70112950475,178.75451897139,179.88632406321,
    181.11544078215,182.46331657236,183.9562159302,185.62880525771,
    187.53047188928,189.73785839186,192.38365087956,195.73840226925,
    200.55160834613,219.13247693064,247.2041064925,254.47538405565,
    259.54253702973,263.5370871148,266.86673023777,269.73057741233,
    272.24270826924,274.4755793631,276.47885234309,278.28880821212,
    279.9336125345,281.43658638412,282.81848740867,284.09932692192,
    285.30002798794,286.44411236399,287.55954287084,288.6808942055,
    289.8524079514,291.13377873462,292.61440879127,294.45661270015,
    297.08031586289,307.19328048949,317.30624511609,319.92994827883),
  .UNSPECIFIED.);
#1535 = CARTESIAN_POINT('',(0.,69.953033588468,60.671766917521));
#1536 = CARTESIAN_POINT('',(0.,69.392793006797,67.328233082479));
#1537 = CARTESIAN_POINT('',(0.,69.779611788613,71.622627917108));
#1538 = CARTESIAN_POINT('',(0.,69.525345246935,76.474746528571));
#1539 = CARTESIAN_POINT('',(0.,69.274809615173,78.443983874105));
#1540 = CARTESIAN_POINT('',(0.,68.919438997123,79.940474701973));
#1541 = CARTESIAN_POINT('',(0.,68.458948134972,81.172163376922));
#1542 = CARTESIAN_POINT('',(0.,67.890183512569,82.223539694477));
#1543 = CARTESIAN_POINT('',(0.,67.211235231694,83.139108084263));
#1544 = CARTESIAN_POINT('',(0.,66.419867558924,83.946068991133));
#1545 = CARTESIAN_POINT('',(0.,65.51285145544,84.662964445833));
#1546 = CARTESIAN_POINT('',(0.,64.485287100256,85.303207851163));
#1547 = CARTESIAN_POINT('',(0.,63.330348309142,85.876724674412));
#1548 = CARTESIAN_POINT('',(0.,62.039087493138,86.390921740258));
#1549 = CARTESIAN_POINT('',(0.,60.600055695412,86.851375560863));
#1550 = CARTESIAN_POINT('',(0.,58.998577565966,87.262336117109));
#1551 = CARTESIAN_POINT('',(0.,57.215538377066,87.627086911073));
#1552 = CARTESIAN_POINT('',(0.,55.225418483925,87.94819672147));
#1553 = CARTESIAN_POINT('',(0.,52.993027726256,88.22769436649));
#1554 = CARTESIAN_POINT('',(0.,50.467758453393,88.467192249645));
#1555 = CARTESIAN_POINT('',(0.,47.572581646961,88.667971657404));
#1556 = CARTESIAN_POINT('',(0.,44.180279327846,88.831070392715));
#1557 = CARTESIAN_POINT('',(0.,40.051595284471,88.957288103642));
#1558 = CARTESIAN_POINT('',(0.,34.607889856211,89.047905644901));
#1559 = CARTESIAN_POINT('',(0.,21.138141418228,89.127241856303));
#1560 = CARTESIAN_POINT('',(0.,3.16353673222,89.076961943401));
#1561 = CARTESIAN_POINT('',(0.,-13.99180383689,89.12613250574));
#1562 = CARTESIAN_POINT('',(0.,-22.90811409099,89.047991474294));
#1563 = CARTESIAN_POINT('',(0.,-26.51175869571,88.957253088132));
#1564 = CARTESIAN_POINT('',(0.,-29.24506871847,88.83101539815));
#1565 = CARTESIAN_POINT('',(0.,-31.49107652079,88.667835014069));
#1566 = CARTESIAN_POINT('',(0.,-33.40817569948,88.466915117224));
#1567 = CARTESIAN_POINT('',(0.,-35.08060520375,88.227176496565));
#1568 = CARTESIAN_POINT('',(0.,-36.5593863179,87.947286241159));
#1569 = CARTESIAN_POINT('',(0.,-37.87804902335,87.625555713091));
#1570 = CARTESIAN_POINT('',(0.,-39.05990315007,87.259851436717));
#1571 = CARTESIAN_POINT('',(0.,-40.12181907475,86.847471086859));
#1572 = CARTESIAN_POINT('',(0.,-41.07635193082,86.384985130712));
#1573 = CARTESIAN_POINT('',(0.,-41.93299537108,85.868036327778));
#1574 = CARTESIAN_POINT('',(0.,-42.6989516967,85.291085936005));
#1575 = CARTESIAN_POINT('',(0.,-43.3796490723,84.647063990982));
#1576 = CARTESIAN_POINT('',(0.,-43.9791687018,83.926795364121));
#1577 = CARTESIAN_POINT('',(0.,-44.50066816155,83.117916234895));
#1578 = CARTESIAN_POINT('',(0.,-44.94677648782,82.202762820885));
#1579 = CARTESIAN_POINT('',(0.,-45.31984285207,81.154235624925));
#1580 = CARTESIAN_POINT('',(0.,-45.62206040736,79.927049483754));
#1581 = CARTESIAN_POINT('',(0.,-45.85528424761,78.435358721745));
#1582 = CARTESIAN_POINT('',(0.,-46.022462662,76.470879199217));
#1583 = CARTESIAN_POINT('',(0.,-46.16706346533,71.616188650941));
#1584 = CARTESIAN_POINT('',(0.,-46.07940924165,64.000041546208));
#1585 = CARTESIAN_POINT('',(0.,-46.16706571151,56.38389443211));
#1586 = CARTESIAN_POINT('',(0.,-46.02246268045,51.529120800657));
#1587 = CARTESIAN_POINT('',(0.,-45.85528424436,49.564641278277));
#1588 = CARTESIAN_POINT('',(0.,-45.62206040801,48.072950516241));
#1589 = CARTESIAN_POINT('',(0.,-45.31984285193,46.845764375076));
#1590 = CARTESIAN_POINT('',(0.,-44.94677648785,45.797237179114));
#1591 = CARTESIAN_POINT('',(0.,-44.50066816154,44.882083765105));
#1592 = CARTESIAN_POINT('',(0.,-43.9791687018,44.073204635879));
#1593 = CARTESIAN_POINT('',(0.,-43.3796490723,43.352936009018));
#1594 = CARTESIAN_POINT('',(0.,-42.6989516967,42.708914063995));
#1595 = CARTESIAN_POINT('',(0.,-41.93299537108,42.131963672222));
#1596 = CARTESIAN_POINT('',(0.,-41.07635193082,41.615014869288));
#1597 = CARTESIAN_POINT('',(0.,-40.12181907475,41.152528913141));
#1598 = CARTESIAN_POINT('',(0.,-39.05990315007,40.740148563283));
#1599 = CARTESIAN_POINT('',(0.,-37.87804902335,40.374444286908));
#1600 = CARTESIAN_POINT('',(0.,-36.5593863179,40.052713758842));
#1601 = CARTESIAN_POINT('',(0.,-35.08060520375,39.772823503431));
#1602 = CARTESIAN_POINT('',(0.,-33.40817569948,39.533084882793));
#1603 = CARTESIAN_POINT('',(0.,-31.49107652079,39.33216498585));
#1604 = CARTESIAN_POINT('',(0.,-29.24506871847,39.168984602236));
#1605 = CARTESIAN_POINT('',(0.,-26.51175869571,39.042746909916));
#1606 = CARTESIAN_POINT('',(0.,-22.90811409097,38.952008536901));
#1607 = CARTESIAN_POINT('',(0.,-13.99198276057,38.873868923129));
#1608 = CARTESIAN_POINT('',(0.,3.163357806372,38.92303782932));
#1609 = CARTESIAN_POINT('',(0.,21.137962493047,38.872757203787));
#1610 = CARTESIAN_POINT('',(0.,34.607889856219,38.952094345936));
#1611 = CARTESIAN_POINT('',(0.,40.05159528447,39.042711897956));
#1612 = CARTESIAN_POINT('',(0.,44.180279327847,39.16892960697));
#1613 = CARTESIAN_POINT('',(0.,47.572581646959,39.332028342662));
#1614 = CARTESIAN_POINT('',(0.,50.467758453399,39.53280775034));
#1615 = CARTESIAN_POINT('',(0.,52.993027726239,39.772305633513));
#1616 = CARTESIAN_POINT('',(0.,55.22541848398,40.05180327853));
#1617 = CARTESIAN_POINT('',(0.,57.215538376892,40.372913088927));
#1618 = CARTESIAN_POINT('',(0.,58.998577566528,40.737663882891));
#1619 = CARTESIAN_POINT('',(0.,60.60005569359,41.148624439137));
#1620 = CARTESIAN_POINT('',(0.,62.039087499101,41.609078259742));
#1621 = CARTESIAN_POINT('',(0.,63.330348289433,42.123275325588));
#1622 = CARTESIAN_POINT('',(0.,64.485287166264,42.696792148837));
#1623 = CARTESIAN_POINT('',(0.,65.512851230133,43.337035554167));
#1624 = CARTESIAN_POINT('',(0.,66.419868349168,44.053931008867));
#1625 = CARTESIAN_POINT('',(0.,67.21123235313,44.860891915737));
#1626 = CARTESIAN_POINT('',(0.,67.890194534161,45.776460305523));
#1627 = CARTESIAN_POINT('',(0.,68.458903234043,46.827836623078));
#1628 = CARTESIAN_POINT('',(0.,68.919636128024,48.059525298027));
#1629 = CARTESIAN_POINT('',(0.,69.273858200803,49.556016125895));
#1630 = CARTESIAN_POINT('',(0.,69.530672773692,51.525253471429));
#1631 = CARTESIAN_POINT('',(0.,69.713956400986,56.377372082892));
#1632 = CARTESIAN_POINT('',(0.,69.953033588468,60.671766917521));
#1633 = CARTESIAN_POINT('',(0.,69.392793006797,67.328233082479));
#1634 = VECTOR('',#1635,1.);
#1635 = DIRECTION('',(1.,0.,0.));
#1636 = DEFINITIONAL_REPRESENTATION('',(#1637),#1643);
#1637 = B_SPLINE_CURVE_WITH_KNOTS('',4,(#1638,#1639,#1640,#1641,#1642),
  .UNSPECIFIED.,.F.,.F.,(5,5),(0.,1.),.PIECEWISE_BEZIER_KNOTS.);
#1638 = CARTESIAN_POINT('',(103.06051999769,-59.0000006));
#1639 = CARTESIAN_POINT('',(103.06051999769,-52.12500045));
#1640 = CARTESIAN_POINT('',(103.06051999769,-45.2500003));
#1641 = CARTESIAN_POINT('',(103.06051999769,-38.37500015));
#1642 = CARTESIAN_POINT('',(103.06051999769,-31.5));
#1643 = ( GEOMETRIC_REPRESENTATION_CONTEXT(2) 
PARAMETRIC_REPRESENTATION_CONTEXT() REPRESENTATION_CONTEXT('2D SPACE',''
  ) );
#1644 = ORIENTED_EDGE('',*,*,#1645,.F.);
#1645 = EDGE_CURVE('',#1466,#1514,#1646,.T.);
#1646 = SURFACE_CURVE('',#1647,(#1651,#1657),.PCURVE_S1.);
#1647 = LINE('',#1648,#1649);
#1648 = CARTESIAN_POINT('',(-59.,-15.,58.374964483669));
#1649 = VECTOR('',#1650,1.);
#1650 = DIRECTION('',(0.,-0.,1.));
#1651 = PCURVE('',#1164,#1652);
#1652 = DEFINITIONAL_REPRESENTATION('',(#1653),#1656);
#1653 = B_SPLINE_CURVE_WITH_KNOTS('',1,(#1654,#1655),.UNSPECIFIED.,.F.,
  .F.,(2,2),(-5.624964483669,30.752277372634),.PIECEWISE_BEZIER_KNOTS.);
#1654 = CARTESIAN_POINT('',(0.,16.5));
#1655 = CARTESIAN_POINT('',(36.377241856303,16.5));
#1656 = ( GEOMETRIC_REPRESENTATION_CONTEXT(2) 
PARAMETRIC_REPRESENTATION_CONTEXT() REPRESENTATION_CONTEXT('2D SPACE',''
  ) );
#1657 = PCURVE('',#1658,#1663);
#1658 = PLANE('',#1659);
#1659 = AXIS2_PLACEMENT_3D('',#1660,#1661,#1662);
#1660 = CARTESIAN_POINT('',(-59.,11.381887873825,63.999928967339));
#1661 = DIRECTION('',(1.,0.,0.));
#1662 = DIRECTION('',(0.,1.,0.));
#1663 = DEFINITIONAL_REPRESENTATION('',(#1664),#1667);
#1664 = B_SPLINE_CURVE_WITH_KNOTS('',1,(#1665,#1666),.UNSPECIFIED.,.F.,
  .F.,(2,2),(-5.624964483669,30.752277372634),.PIECEWISE_BEZIER_KNOTS.);
#1665 = CARTESIAN_POINT('',(-26.38188787382,-11.24992896733));
#1666 = CARTESIAN_POINT('',(-26.38188787382,25.127312888964));
#1667 = ( GEOMETRIC_REPRESENTATION_CONTEXT(2) 
PARAMETRIC_REPRESENTATION_CONTEXT() REPRESENTATION_CONTEXT('2D SPACE',''
  ) );
#1668 = ADVANCED_FACE('',(#1669),#1121,.F.);
#1669 = FACE_BOUND('',#1670,.F.);
#1670 = EDGE_LOOP('',(#1671,#1672,#1797,#1818));
#1671 = ORIENTED_EDGE('',*,*,#1490,.F.);
#1672 = ORIENTED_EDGE('',*,*,#1673,.T.);
#1673 = EDGE_CURVE('',#1491,#1674,#1676,.T.);
#1674 = VERTEX_POINT('',#1675);
#1675 = CARTESIAN_POINT('',(-31.5,15.,89.103441042455));
#1676 = SURFACE_CURVE('',#1677,(#1715,#1756),.PCURVE_S1.);
#1677 = B_SPLINE_CURVE_WITH_KNOTS('',8,(#1678,#1679,#1680,#1681,#1682,
    #1683,#1684,#1685,#1686,#1687,#1688,#1689,#1690,#1691,#1692,#1693,
    #1694,#1695,#1696,#1697,#1698,#1699,#1700,#1701,#1702,#1703,#1704,
    #1705,#1706,#1707,#1708,#1709,#1710,#1711,#1712,#1713,#1714),
  .UNSPECIFIED.,.F.,.F.,(9,7,7,7,7,9),(0.,0.261020465217,0.373658303064,
    0.506775744895,0.81396957588,1.),.UNSPECIFIED.);
#1678 = CARTESIAN_POINT('',(-31.5,-15.,89.099023090926));
#1679 = CARTESIAN_POINT('',(-31.5,-14.0211796894,89.102191871711));
#1680 = CARTESIAN_POINT('',(-31.5,-13.04235726845,89.104533044121));
#1681 = CARTESIAN_POINT('',(-31.5,-12.06353331509,89.106141744423));
#1682 = CARTESIAN_POINT('',(-31.5,-11.08470829784,89.107113109223));
#1683 = CARTESIAN_POINT('',(-31.5,-10.10588257585,89.10754227547));
#1684 = CARTESIAN_POINT('',(-31.5,-9.127056398895,89.107524380454));
#1685 = CARTESIAN_POINT('',(-31.5,-8.148229907349,89.107154561808));
#1686 = CARTESIAN_POINT('',(-31.5,-6.747011227084,89.106257559725));
#1687 = CARTESIAN_POINT('',(-31.5,-6.324619201129,89.105939343903));
#1688 = CARTESIAN_POINT('',(-31.5,-5.90222706758,89.105580955018));
#1689 = CARTESIAN_POINT('',(-31.5,-5.479834839676,89.105190038052));
#1690 = CARTESIAN_POINT('',(-31.5,-5.057442530657,89.104774237988));
#1691 = CARTESIAN_POINT('',(-31.5,-4.635050153762,89.104341199805));
#1692 = CARTESIAN_POINT('',(-31.5,-4.212657722229,89.103898568486));
#1693 = CARTESIAN_POINT('',(-31.5,-3.291074155792,89.102928576918));
#1694 = CARTESIAN_POINT('',(-31.5,-2.791883033874,89.10239995326));
#1695 = CARTESIAN_POINT('',(-31.5,-2.292691894034,89.101884012678));
#1696 = CARTESIAN_POINT('',(-31.5,-1.793500724484,89.101383273978));
#1697 = CARTESIAN_POINT('',(-31.5,-1.294309552636,89.100929319211));
#1698 = CARTESIAN_POINT('',(-31.5,-0.795118364397,89.100510869234));
#1699 = CARTESIAN_POINT('',(-31.5,-0.295927185857,89.100161456842));
#1700 = CARTESIAN_POINT('',(-31.5,1.355242601177,89.099233942104));
#1701 = CARTESIAN_POINT('',(-31.5,2.507221128851,89.098947012532));
#1702 = CARTESIAN_POINT('',(-31.5,3.659199495023,89.09895931284));
#1703 = CARTESIAN_POINT('',(-31.5,4.811177650404,89.099209899255));
#1704 = CARTESIAN_POINT('',(-31.5,5.963155565469,89.099637827914));
#1705 = CARTESIAN_POINT('',(-31.5,7.115133230451,89.100182154864));
#1706 = CARTESIAN_POINT('',(-31.5,8.267110655345,89.100781936063));
#1707 = CARTESIAN_POINT('',(-31.5,10.11670217132,89.101736118284));
#1708 = CARTESIAN_POINT('',(-31.5,10.814316388938,89.102093995902));
#1709 = CARTESIAN_POINT('',(-31.5,11.511930525904,89.10243632561));
#1710 = CARTESIAN_POINT('',(-31.5,12.209544583775,89.102749572767));
#1711 = CARTESIAN_POINT('',(-31.5,12.907158562525,89.103020202714));
#1712 = CARTESIAN_POINT('',(-31.5,13.604772460543,89.103234680776));
#1713 = CARTESIAN_POINT('',(-31.5,14.302386274629,89.103379472259));
#1714 = CARTESIAN_POINT('',(-31.5,15.,89.103441042455));
#1715 = PCURVE('',#1121,#1716);
#1716 = DEFINITIONAL_REPRESENTATION('',(#1717),#1755);
#1717 = B_SPLINE_CURVE_WITH_KNOTS('',8,(#1718,#1719,#1720,#1721,#1722,
    #1723,#1724,#1725,#1726,#1727,#1728,#1729,#1730,#1731,#1732,#1733,
    #1734,#1735,#1736,#1737,#1738,#1739,#1740,#1741,#1742,#1743,#1744,
    #1745,#1746,#1747,#1748,#1749,#1750,#1751,#1752,#1753,#1754),
  .UNSPECIFIED.,.F.,.F.,(9,7,7,7,7,9),(0.,0.261020465217,0.373658303064,
    0.506775744895,0.81396957588,1.),.UNSPECIFIED.);
#1718 = CARTESIAN_POINT('',(36.349023090926,0.));
#1719 = CARTESIAN_POINT('',(36.352191871711,-0.978820310598));
#1720 = CARTESIAN_POINT('',(36.354533044121,-1.957642731542));
#1721 = CARTESIAN_POINT('',(36.356141744423,-2.936466684908));
#1722 = CARTESIAN_POINT('',(36.357113109223,-3.91529170216));
#1723 = CARTESIAN_POINT('',(36.35754227547,-4.894117424148));
#1724 = CARTESIAN_POINT('',(36.357524380454,-5.872943601105));
#1725 = CARTESIAN_POINT('',(36.357154561808,-6.851770092651));
#1726 = CARTESIAN_POINT('',(36.356257559725,-8.252988772916));
#1727 = CARTESIAN_POINT('',(36.355939343903,-8.675380798871));
#1728 = CARTESIAN_POINT('',(36.355580955018,-9.09777293242));
#1729 = CARTESIAN_POINT('',(36.355190038052,-9.520165160324));
#1730 = CARTESIAN_POINT('',(36.354774237988,-9.942557469343));
#1731 = CARTESIAN_POINT('',(36.354341199805,-10.36494984623));
#1732 = CARTESIAN_POINT('',(36.353898568486,-10.78734227777));
#1733 = CARTESIAN_POINT('',(36.352928576918,-11.7089258442));
#1734 = CARTESIAN_POINT('',(36.35239995326,-12.20811696612));
#1735 = CARTESIAN_POINT('',(36.351884012678,-12.70730810596));
#1736 = CARTESIAN_POINT('',(36.351383273978,-13.20649927551));
#1737 = CARTESIAN_POINT('',(36.350929319211,-13.70569044736));
#1738 = CARTESIAN_POINT('',(36.350510869234,-14.2048816356));
#1739 = CARTESIAN_POINT('',(36.350161456842,-14.70407281414));
#1740 = CARTESIAN_POINT('',(36.349233942104,-16.35524260117));
#1741 = CARTESIAN_POINT('',(36.348947012532,-17.50722112885));
#1742 = CARTESIAN_POINT('',(36.34895931284,-18.65919949502));
#1743 = CARTESIAN_POINT('',(36.349209899255,-19.8111776504));
#1744 = CARTESIAN_POINT('',(36.349637827914,-20.96315556546));
#1745 = CARTESIAN_POINT('',(36.350182154864,-22.11513323045));
#1746 = CARTESIAN_POINT('',(36.350781936063,-23.26711065534));
#1747 = CARTESIAN_POINT('',(36.351736118284,-25.11670217132));
#1748 = CARTESIAN_POINT('',(36.352093995902,-25.81431638893));
#1749 = CARTESIAN_POINT('',(36.35243632561,-26.5119305259));
#1750 = CARTESIAN_POINT('',(36.352749572767,-27.20954458377));
#1751 = CARTESIAN_POINT('',(36.353020202714,-27.90715856252));
#1752 = CARTESIAN_POINT('',(36.353234680776,-28.60477246054));
#1753 = CARTESIAN_POINT('',(36.353379472259,-29.30238627462));
#1754 = CARTESIAN_POINT('',(36.353441042455,-30.));
#1755 = ( GEOMETRIC_REPRESENTATION_CONTEXT(2) 
PARAMETRIC_REPRESENTATION_CONTEXT() REPRESENTATION_CONTEXT('2D SPACE',''
  ) );
#1756 = PCURVE('',#1533,#1757);
#1757 = DEFINITIONAL_REPRESENTATION('',(#1758),#1796);
#1758 = B_SPLINE_CURVE_WITH_KNOTS('',8,(#1759,#1760,#1761,#1762,#1763,
    #1764,#1765,#1766,#1767,#1768,#1769,#1770,#1771,#1772,#1773,#1774,
    #1775,#1776,#1777,#1778,#1779,#1780,#1781,#1782,#1783,#1784,#1785,
    #1786,#1787,#1788,#1789,#1790,#1791,#1792,#1793,#1794,#1795),
  .UNSPECIFIED.,.F.,.F.,(9,7,7,7,7,9),(0.,0.261020465217,0.373658303064,
    0.506775744895,0.81396957588,1.),.UNSPECIFIED.);
#1759 = CARTESIAN_POINT('',(103.06052001533,-31.5));
#1760 = CARTESIAN_POINT('',(102.08169435484,-31.5));
#1761 = CARTESIAN_POINT('',(101.1028682129,-31.5));
#1762 = CARTESIAN_POINT('',(100.12404200992,-31.5));
#1763 = CARTESIAN_POINT('',(99.145216054288,-31.5));
#1764 = CARTESIAN_POINT('',(98.166390542349,-31.5));
#1765 = CARTESIAN_POINT('',(97.187565558426,-31.5));
#1766 = CARTESIAN_POINT('',(96.208741074806,-31.5));
#1767 = CARTESIAN_POINT('',(94.807526191071,-31.5));
#1768 = CARTESIAN_POINT('',(94.385135430398,-31.5));
#1769 = CARTESIAN_POINT('',(93.962744669725,-31.5));
#1770 = CARTESIAN_POINT('',(93.540353909052,-31.5));
#1771 = CARTESIAN_POINT('',(93.117963148379,-31.5));
#1772 = CARTESIAN_POINT('',(92.695572387706,-31.5));
#1773 = CARTESIAN_POINT('',(92.273181627033,-31.5));
#1774 = CARTESIAN_POINT('',(91.351601796431,-31.5));
#1775 = CARTESIAN_POINT('',(90.852412756484,-31.5));
#1776 = CARTESIAN_POINT('',(90.353223731331,-31.5));
#1777 = CARTESIAN_POINT('',(89.854034699124,-31.5));
#1778 = CARTESIAN_POINT('',(89.35484564328,-31.5));
#1779 = CARTESIAN_POINT('',(88.85565655576,-31.5));
#1780 = CARTESIAN_POINT('',(88.356467416377,-31.5));
#1781 = CARTESIAN_POINT('',(86.705304147228,-31.5));
#1782 = CARTESIAN_POINT('',(85.553329809923,-31.5));
#1783 = CARTESIAN_POINT('',(84.401355260898,-31.5));
#1784 = CARTESIAN_POINT('',(83.249380533209,-31.5));
#1785 = CARTESIAN_POINT('',(82.097405640151,-31.5));
#1786 = CARTESIAN_POINT('',(80.945430575259,-31.5));
#1787 = CARTESIAN_POINT('',(79.793455312308,-31.5));
#1788 = CARTESIAN_POINT('',(77.943866537962,-31.5));
#1789 = CARTESIAN_POINT('',(77.246253188374,-31.5));
#1790 = CARTESIAN_POINT('',(76.548639749041,-31.5));
#1791 = CARTESIAN_POINT('',(75.851026214379,-31.5));
#1792 = CARTESIAN_POINT('',(75.153412580721,-31.5));
#1793 = CARTESIAN_POINT('',(74.455798846322,-31.5));
#1794 = CARTESIAN_POINT('',(73.758185011356,-31.5));
#1795 = CARTESIAN_POINT('',(73.060571077919,-31.5));
#1796 = ( GEOMETRIC_REPRESENTATION_CONTEXT(2) 
PARAMETRIC_REPRESENTATION_CONTEXT() REPRESENTATION_CONTEXT('2D SPACE',''
  ) );
#1797 = ORIENTED_EDGE('',*,*,#1798,.T.);
#1798 = EDGE_CURVE('',#1674,#1050,#1799,.T.);
#1799 = SURFACE_CURVE('',#1800,(#1804,#1811),.PCURVE_S1.);
#1800 = LINE('',#1801,#1802);
#1801 = CARTESIAN_POINT('',(-31.5,15.,52.75));
#1802 = VECTOR('',#1803,1.);
#1803 = DIRECTION('',(0.,0.,1.));
#1804 = PCURVE('',#1121,#1805);
#1805 = DEFINITIONAL_REPRESENTATION('',(#1806),#1810);
#1806 = LINE('',#1807,#1808);
#1807 = CARTESIAN_POINT('',(0.,-30.));
#1808 = VECTOR('',#1809,1.);
#1809 = DIRECTION('',(1.,0.));
#1810 = ( GEOMETRIC_REPRESENTATION_CONTEXT(2) 
PARAMETRIC_REPRESENTATION_CONTEXT() REPRESENTATION_CONTEXT('2D SPACE',''
  ) );
#1811 = PCURVE('',#1069,#1812);
#1812 = DEFINITIONAL_REPRESENTATION('',(#1813),#1817);
#1813 = LINE('',#1814,#1815);
#1814 = CARTESIAN_POINT('',(0.,44.));
#1815 = VECTOR('',#1816,1.);
#1816 = DIRECTION('',(1.,0.));
#1817 = ( GEOMETRIC_REPRESENTATION_CONTEXT(2) 
PARAMETRIC_REPRESENTATION_CONTEXT() REPRESENTATION_CONTEXT('2D SPACE',''
  ) );
#1818 = ORIENTED_EDGE('',*,*,#1083,.F.);
#1819 = ADVANCED_FACE('',(#1820),#1069,.F.);
#1820 = FACE_BOUND('',#1821,.F.);
#1821 = EDGE_LOOP('',(#1822,#1845,#1846,#1847,#1848,#1877));
#1822 = ORIENTED_EDGE('',*,*,#1823,.F.);
#1823 = EDGE_CURVE('',#1397,#1824,#1826,.T.);
#1824 = VERTEX_POINT('',#1825);
#1825 = CARTESIAN_POINT('',(-59.,15.,52.75));
#1826 = SURFACE_CURVE('',#1827,(#1831,#1838),.PCURVE_S1.);
#1827 = LINE('',#1828,#1829);
#1828 = CARTESIAN_POINT('',(-75.5,15.,52.75));
#1829 = VECTOR('',#1830,1.);
#1830 = DIRECTION('',(1.,0.,-0.));
#1831 = PCURVE('',#1069,#1832);
#1832 = DEFINITIONAL_REPRESENTATION('',(#1833),#1837);
#1833 = LINE('',#1834,#1835);
#1834 = CARTESIAN_POINT('',(0.,0.));
#1835 = VECTOR('',#1836,1.);
#1836 = DIRECTION('',(0.,1.));
#1837 = ( GEOMETRIC_REPRESENTATION_CONTEXT(2) 
PARAMETRIC_REPRESENTATION_CONTEXT() REPRESENTATION_CONTEXT('2D SPACE',''
  ) );
#1838 = PCURVE('',#1432,#1839);
#1839 = DEFINITIONAL_REPRESENTATION('',(#1840),#1844);
#1840 = LINE('',#1841,#1842);
#1841 = CARTESIAN_POINT('',(0.,30.));
#1842 = VECTOR('',#1843,1.);
#1843 = DIRECTION('',(1.,0.));
#1844 = ( GEOMETRIC_REPRESENTATION_CONTEXT(2) 
PARAMETRIC_REPRESENTATION_CONTEXT() REPRESENTATION_CONTEXT('2D SPACE',''
  ) );
#1845 = ORIENTED_EDGE('',*,*,#1396,.T.);
#1846 = ORIENTED_EDGE('',*,*,#1049,.T.);
#1847 = ORIENTED_EDGE('',*,*,#1798,.F.);
#1848 = ORIENTED_EDGE('',*,*,#1849,.F.);
#1849 = EDGE_CURVE('',#1850,#1674,#1852,.T.);
#1850 = VERTEX_POINT('',#1851);
#1851 = CARTESIAN_POINT('',(-59.,15.,89.103441042455));
#1852 = SURFACE_CURVE('',#1853,(#1859,#1868),.PCURVE_S1.);
#1853 = B_SPLINE_CURVE_WITH_KNOTS('',4,(#1854,#1855,#1856,#1857,#1858),
  .UNSPECIFIED.,.F.,.F.,(5,5),(0.,1.),.PIECEWISE_BEZIER_KNOTS.);
#1854 = CARTESIAN_POINT('',(-59.0000006,15.,89.103441042455));
#1855 = CARTESIAN_POINT('',(-52.12500045,15.,89.103441042455));
#1856 = CARTESIAN_POINT('',(-45.2500003,15.,89.103441042455));
#1857 = CARTESIAN_POINT('',(-38.37500015,15.,89.103441042455));
#1858 = CARTESIAN_POINT('',(-31.5,15.,89.103441042455));
#1859 = PCURVE('',#1069,#1860);
#1860 = DEFINITIONAL_REPRESENTATION('',(#1861),#1867);
#1861 = B_SPLINE_CURVE_WITH_KNOTS('',4,(#1862,#1863,#1864,#1865,#1866),
  .UNSPECIFIED.,.F.,.F.,(5,5),(0.,1.),.PIECEWISE_BEZIER_KNOTS.);
#1862 = CARTESIAN_POINT('',(36.353441042455,16.4999994));
#1863 = CARTESIAN_POINT('',(36.353441042455,23.37499955));
#1864 = CARTESIAN_POINT('',(36.353441042455,30.2499997));
#1865 = CARTESIAN_POINT('',(36.353441042455,37.12499985));
#1866 = CARTESIAN_POINT('',(36.353441042455,44.));
#1867 = ( GEOMETRIC_REPRESENTATION_CONTEXT(2) 
PARAMETRIC_REPRESENTATION_CONTEXT() REPRESENTATION_CONTEXT('2D SPACE',''
  ) );
#1868 = PCURVE('',#1533,#1869);
#1869 = DEFINITIONAL_REPRESENTATION('',(#1870),#1876);
#1870 = B_SPLINE_CURVE_WITH_KNOTS('',4,(#1871,#1872,#1873,#1874,#1875),
  .UNSPECIFIED.,.F.,.F.,(5,5),(0.,1.),.PIECEWISE_BEZIER_KNOTS.);
#1871 = CARTESIAN_POINT('',(73.060571080148,-59.0000006));
#1872 = CARTESIAN_POINT('',(73.060571080148,-52.12500045));
#1873 = CARTESIAN_POINT('',(73.060571080148,-45.2500003));
#1874 = CARTESIAN_POINT('',(73.060571080148,-38.37500015));
#1875 = CARTESIAN_POINT('',(73.060571080148,-31.5));
#1876 = ( GEOMETRIC_REPRESENTATION_CONTEXT(2) 
PARAMETRIC_REPRESENTATION_CONTEXT() REPRESENTATION_CONTEXT('2D SPACE',''
  ) );
#1877 = ORIENTED_EDGE('',*,*,#1878,.F.);
#1878 = EDGE_CURVE('',#1824,#1850,#1879,.T.);
#1879 = SURFACE_CURVE('',#1880,(#1884,#1890),.PCURVE_S1.);
#1880 = LINE('',#1881,#1882);
#1881 = CARTESIAN_POINT('',(-59.,15.,58.374964483669));
#1882 = VECTOR('',#1883,1.);
#1883 = DIRECTION('',(0.,-0.,1.));
#1884 = PCURVE('',#1069,#1885);
#1885 = DEFINITIONAL_REPRESENTATION('',(#1886),#1889);
#1886 = B_SPLINE_CURVE_WITH_KNOTS('',1,(#1887,#1888),.UNSPECIFIED.,.F.,
  .F.,(2,2),(-5.624964483669,30.752277372634),.PIECEWISE_BEZIER_KNOTS.);
#1887 = CARTESIAN_POINT('',(0.,16.5));
#1888 = CARTESIAN_POINT('',(36.377241856303,16.5));
#1889 = ( GEOMETRIC_REPRESENTATION_CONTEXT(2) 
PARAMETRIC_REPRESENTATION_CONTEXT() REPRESENTATION_CONTEXT('2D SPACE',''
  ) );
#1890 = PCURVE('',#1658,#1891);
#1891 = DEFINITIONAL_REPRESENTATION('',(#1892),#1895);
#1892 = B_SPLINE_CURVE_WITH_KNOTS('',1,(#1893,#1894),.UNSPECIFIED.,.F.,
  .F.,(2,2),(-5.624964483669,30.752277372634),.PIECEWISE_BEZIER_KNOTS.);
#1893 = CARTESIAN_POINT('',(3.618112126175,-11.24992896733));
#1894 = CARTESIAN_POINT('',(3.618112126175,25.127312888964));
#1895 = ( GEOMETRIC_REPRESENTATION_CONTEXT(2) 
PARAMETRIC_REPRESENTATION_CONTEXT() REPRESENTATION_CONTEXT('2D SPACE',''
  ) );
#1896 = ADVANCED_FACE('',(#1897),#261,.F.);
#1897 = FACE_BOUND('',#1898,.F.);
#1898 = EDGE_LOOP('',(#1899,#1922,#1923,#2048,#2255,#2256,#2257,#2477,
    #2511,#2572,#2606));
#1899 = ORIENTED_EDGE('',*,*,#1900,.F.);
#1900 = EDGE_CURVE('',#22,#1901,#1903,.T.);
#1901 = VERTEX_POINT('',#1902);
#1902 = CARTESIAN_POINT('',(62.,72.672913297632,64.));
#1903 = SEAM_CURVE('',#1904,(#1908,#1915),.PCURVE_S1.);
#1904 = LINE('',#1905,#1906);
#1905 = CARTESIAN_POINT('',(0.,72.672913297632,64.));
#1906 = VECTOR('',#1907,1.);
#1907 = DIRECTION('',(1.,0.,0.));
#1908 = PCURVE('',#261,#1909);
#1909 = DEFINITIONAL_REPRESENTATION('',(#1910),#1914);
#1910 = LINE('',#1911,#1912);
#1911 = CARTESIAN_POINT('',(328.90404080344,0.));
#1912 = VECTOR('',#1913,1.);
#1913 = DIRECTION('',(0.,-1.));
#1914 = ( GEOMETRIC_REPRESENTATION_CONTEXT(2) 
PARAMETRIC_REPRESENTATION_CONTEXT() REPRESENTATION_CONTEXT('2D SPACE',''
  ) );
#1915 = PCURVE('',#261,#1916);
#1916 = DEFINITIONAL_REPRESENTATION('',(#1917),#1921);
#1917 = LINE('',#1918,#1919);
#1918 = CARTESIAN_POINT('',(0.,0.));
#1919 = VECTOR('',#1920,1.);
#1920 = DIRECTION('',(0.,-1.));
#1921 = ( GEOMETRIC_REPRESENTATION_CONTEXT(2) 
PARAMETRIC_REPRESENTATION_CONTEXT() REPRESENTATION_CONTEXT('2D SPACE',''
  ) );
#1922 = ORIENTED_EDGE('',*,*,#149,.F.);
#1923 = ORIENTED_EDGE('',*,*,#1924,.T.);
#1924 = EDGE_CURVE('',#150,#1925,#1927,.T.);
#1925 = VERTEX_POINT('',#1926);
#1926 = CARTESIAN_POINT('',(31.,-7.592810154714E-15,35.900000171767));
#1927 = SURFACE_CURVE('',#1928,(#1966,#2007),.PCURVE_S1.);
#1928 = B_SPLINE_CURVE_WITH_KNOTS('',8,(#1929,#1930,#1931,#1932,#1933,
    #1934,#1935,#1936,#1937,#1938,#1939,#1940,#1941,#1942,#1943,#1944,
    #1945,#1946,#1947,#1948,#1949,#1950,#1951,#1952,#1953,#1954,#1955,
    #1956,#1957,#1958,#1959,#1960,#1961,#1962,#1963,#1964,#1965),
  .UNSPECIFIED.,.F.,.F.,(9,7,7,7,7,9),(0.,0.157753165122,0.239397186259,
    0.326877484415,0.865315585772,1.),.UNSPECIFIED.);
#1929 = CARTESIAN_POINT('',(-6.E-07,31.,35.928539834735));
#1930 = CARTESIAN_POINT('',(0.960081564208,31.000000018582,
    35.928539834838));
#1931 = CARTESIAN_POINT('',(1.920170134569,30.966018182662,
    35.92835205315));
#1932 = CARTESIAN_POINT('',(2.878852472841,30.89805370818,
    35.927976465084));
#1933 = CARTESIAN_POINT('',(3.834724689277,30.796177172109,
    35.927418642591));
#1934 = CARTESIAN_POINT('',(4.786391391634,30.660527891035,
    35.926689648594));
#1935 = CARTESIAN_POINT('',(5.732465649029,30.491313039502,
    35.925805039593));
#1936 = CARTESIAN_POINT('',(6.671569170648,30.288808508103,
    35.92478297645));
#1937 = CARTESIAN_POINT('',(8.084042699538,29.9315075887,35.923050651033
    ));
#1938 = CARTESIAN_POINT('',(8.56352072691,29.800829526823,
    35.922427708236));
#1939 = CARTESIAN_POINT('',(9.040577873134,29.661375114553,
    35.921775567651));
#1940 = CARTESIAN_POINT('',(9.515026754608,29.513196902583,
    35.921096477266));
#1941 = CARTESIAN_POINT('',(9.986681516057,29.356352192122,
    35.920392401935));
#1942 = CARTESIAN_POINT('',(10.455357834164,29.190903033581,
    35.919665444974));
#1943 = CARTESIAN_POINT('',(10.920872921201,29.016916225258,
    35.918918269755));
#1944 = CARTESIAN_POINT('',(11.878256285537,28.638967854702,
    35.91733617671));
#1945 = CARTESIAN_POINT('',(12.369630176506,28.433752414873,
    35.916498606027));
#1946 = CARTESIAN_POINT('',(12.856944184374,28.218905052407,
    35.915645715696));
#1947 = CARTESIAN_POINT('',(13.339978121264,27.994519764742,
    35.914781436052));
#1948 = CARTESIAN_POINT('',(13.818514628625,27.760696486875,
    35.913909721324));
#1949 = CARTESIAN_POINT('',(14.292339177229,27.517541091368,
    35.913034549632));
#1950 = CARTESIAN_POINT('',(14.761240067175,27.265165388341,
    35.912159922984));
#1951 = CARTESIAN_POINT('',(18.079486074591,25.394297784448,
    35.905934705602));
#1952 = CARTESIAN_POINT('',(20.74180148207,23.438787177778,
    35.900746750339));
#1953 = CARTESIAN_POINT('',(23.159141640668,21.165677665309,
    35.896651420331));
#1954 = CARTESIAN_POINT('',(25.288693692847,18.611907783756,
    35.894476310898));
#1955 = CARTESIAN_POINT('',(27.093958806424,15.819349947275,
    35.894542788091));
#1956 = CARTESIAN_POINT('',(28.545717309387,12.835301114549,
    35.896319843329));
#1957 = CARTESIAN_POINT('',(29.621256847471,9.711712696592,
    35.898599972866));
#1958 = CARTESIAN_POINT('',(30.481215731638,5.706772130566,
    35.900345639311));
#1959 = CARTESIAN_POINT('',(30.629071207955,4.900224738788,
    35.900639712638));
#1960 = CARTESIAN_POINT('',(30.752529706229,4.089332545223,
    35.900856865263));
#1961 = CARTESIAN_POINT('',(30.851443928938,3.274957472653,
    35.900974596778));
#1962 = CARTESIAN_POINT('',(30.925703391365,2.457965285873,
    35.900970088424));
#1963 = CARTESIAN_POINT('',(30.975234394843,1.639225528911,
    35.900820679781));
#1964 = CARTESIAN_POINT('',(31.,0.819611462239,35.900504345456));
#1965 = CARTESIAN_POINT('',(31.,-7.593877396596E-15,35.900000171767));
#1966 = PCURVE('',#261,#1967);
#1967 = DEFINITIONAL_REPRESENTATION('',(#1968),#2006);
#1968 = B_SPLINE_CURVE_WITH_KNOTS('',8,(#1969,#1970,#1971,#1972,#1973,
    #1974,#1975,#1976,#1977,#1978,#1979,#1980,#1981,#1982,#1983,#1984,
    #1985,#1986,#1987,#1988,#1989,#1990,#1991,#1992,#1993,#1994,#1995,
    #1996,#1997,#1998,#1999,#2000,#2001,#2002,#2003,#2004,#2005),
  .UNSPECIFIED.,.F.,.F.,(9,7,7,7,7,9),(0.,0.157753165122,0.239397186259,
    0.326877484415,0.865315585772,1.),.UNSPECIFIED.);
#1969 = CARTESIAN_POINT('',(266.44412139566,5.999999999062E-07));
#1970 = CARTESIAN_POINT('',(266.44412141424,-0.960081564208));
#1971 = CARTESIAN_POINT('',(266.41013921855,-1.920170134569));
#1972 = CARTESIAN_POINT('',(266.34217402423,-2.878852472841));
#1973 = CARTESIAN_POINT('',(266.24029644001,-3.834724689277));
#1974 = CARTESIAN_POINT('',(266.104645845,-4.786391391634));
#1975 = CARTESIAN_POINT('',(265.9354294937,-5.732465649029));
#1976 = CARTESIAN_POINT('',(265.7329233489,-6.671569170648));
#1977 = CARTESIAN_POINT('',(265.37561984997,-8.084042699538));
#1978 = CARTESIAN_POINT('',(265.24494088269,-8.56352072691));
#1979 = CARTESIAN_POINT('',(265.10548555098,-9.040577873134));
#1980 = CARTESIAN_POINT('',(264.95730640213,-9.515026754608));
#1981 = CARTESIAN_POINT('',(264.80046072652,-9.986681516057));
#1982 = CARTESIAN_POINT('',(264.63501056388,-10.45535783416));
#1983 = CARTESIAN_POINT('',(264.46102270961,-10.9208729212));
#1984 = CARTESIAN_POINT('',(264.08307211152,-11.87825628553));
#1985 = CARTESIAN_POINT('',(263.87785548311,-12.3696301765));
#1986 = CARTESIAN_POINT('',(263.6630068998,-12.85694418437));
#1987 = CARTESIAN_POINT('',(263.43862036329,-13.33997812126));
#1988 = CARTESIAN_POINT('',(263.20479581298,-13.81851462862));
#1989 = CARTESIAN_POINT('',(262.96163912599,-14.29233917722));
#1990 = CARTESIAN_POINT('',(262.70926211713,-14.76124006717));
#1991 = CARTESIAN_POINT('',(260.83838510194,-18.07948607459));
#1992 = CARTESIAN_POINT('',(258.88286603135,-20.74180148206));
#1993 = CARTESIAN_POINT('',(256.60974881091,-23.15914164067));
#1994 = CARTESIAN_POINT('',(254.05597322202,-25.28869369283));
#1995 = CARTESIAN_POINT('',(251.26341276638,-27.09395880643));
#1996 = CARTESIAN_POINT('',(248.2793650684,-28.54571730938));
#1997 = CARTESIAN_POINT('',(245.15578171096,-29.62125684747));
#1998 = CARTESIAN_POINT('',(241.15085202676,-30.48121573163));
#1999 = CARTESIAN_POINT('',(240.34430704085,-30.62907120795));
#2000 = CARTESIAN_POINT('',(239.53341747766,-30.75252970622));
#2001 = CARTESIAN_POINT('',(238.71904525434,-30.85144392893));
#2002 = CARTESIAN_POINT('',(237.9020561285,-30.92570339136));
#2003 = CARTESIAN_POINT('',(237.08331963563,-30.97523439484));
#2004 = CARTESIAN_POINT('',(236.26370902639,-31.));
#2005 = CARTESIAN_POINT('',(235.44410120398,-31.));
#2006 = ( GEOMETRIC_REPRESENTATION_CONTEXT(2) 
PARAMETRIC_REPRESENTATION_CONTEXT() REPRESENTATION_CONTEXT('2D SPACE',''
  ) );
#2007 = PCURVE('',#595,#2008);
#2008 = DEFINITIONAL_REPRESENTATION('',(#2009),#2047);
#2009 = B_SPLINE_CURVE_WITH_KNOTS('',8,(#2010,#2011,#2012,#2013,#2014,
    #2015,#2016,#2017,#2018,#2019,#2020,#2021,#2022,#2023,#2024,#2025,
    #2026,#2027,#2028,#2029,#2030,#2031,#2032,#2033,#2034,#2035,#2036,
    #2037,#2038,#2039,#2040,#2041,#2042,#2043,#2044,#2045,#2046),
  .UNSPECIFIED.,.F.,.F.,(9,7,7,7,7,9),(0.,0.157753165122,0.239397186259,
    0.326877484415,0.865315585772,1.),.UNSPECIFIED.);
#2010 = CARTESIAN_POINT('',(1.57079634615,5.028539834735));
#2011 = CARTESIAN_POINT('',(1.539825953756,5.028539834838));
#2012 = CARTESIAN_POINT('',(1.508855355501,5.02835205315));
#2013 = CARTESIAN_POINT('',(1.477884850962,5.027976465084));
#2014 = CARTESIAN_POINT('',(1.446914464519,5.027418642591));
#2015 = CARTESIAN_POINT('',(1.415944082789,5.026689648594));
#2016 = CARTESIAN_POINT('',(1.384973592089,5.025805039593));
#2017 = CARTESIAN_POINT('',(1.354003015918,5.02478297645));
#2018 = CARTESIAN_POINT('',(1.3070041626,5.023050651033));
#2019 = CARTESIAN_POINT('',(1.29097566666,5.022427708236));
#2020 = CARTESIAN_POINT('',(1.274947175594,5.021775567651));
#2021 = CARTESIAN_POINT('',(1.258918690249,5.021096477266));
#2022 = CARTESIAN_POINT('',(1.242890206409,5.020392401935));
#2023 = CARTESIAN_POINT('',(1.226861719837,5.019665444974));
#2024 = CARTESIAN_POINT('',(1.210833231318,5.018918269755));
#2025 = CARTESIAN_POINT('',(1.177630485216,5.01733617671));
#2026 = CARTESIAN_POINT('',(1.160456216592,5.016498606027));
#2027 = CARTESIAN_POINT('',(1.143281946828,5.015645715696));
#2028 = CARTESIAN_POINT('',(1.126107676918,5.014781436052));
#2029 = CARTESIAN_POINT('',(1.108933407852,5.013909721324));
#2030 = CARTESIAN_POINT('',(1.091759140617,5.013034549632));
#2031 = CARTESIAN_POINT('',(1.074584876194,5.012159922984));
#2032 = CARTESIAN_POINT('',(0.951703656604,5.005934705602));
#2033 = CARTESIAN_POINT('',(0.845912949758,5.000746750339));
#2034 = CARTESIAN_POINT('',(0.74017342315,4.996651420331));
#2035 = CARTESIAN_POINT('',(0.634465946454,4.994476310898));
#2036 = CARTESIAN_POINT('',(0.52875568258,4.994542788091));
#2037 = CARTESIAN_POINT('',(0.423009178447,4.996319843329));
#2038 = CARTESIAN_POINT('',(0.317210154317,4.998599972866));
#2039 = CARTESIAN_POINT('',(0.185073789302,5.000345639311));
#2040 = CARTESIAN_POINT('',(0.158634637695,5.000639712638));
#2041 = CARTESIAN_POINT('',(0.132195514527,5.000856865263));
#2042 = CARTESIAN_POINT('',(0.105756439161,5.000974596778));
#2043 = CARTESIAN_POINT('',(7.931736545744E-02,5.000970088424));
#2044 = CARTESIAN_POINT('',(5.287824318425E-02,5.000820679781));
#2045 = CARTESIAN_POINT('',(2.643907942706E-02,5.000504345456));
#2046 = CARTESIAN_POINT('',(0.,5.000000171767));
#2047 = ( GEOMETRIC_REPRESENTATION_CONTEXT(2) 
PARAMETRIC_REPRESENTATION_CONTEXT() REPRESENTATION_CONTEXT('2D SPACE',''
  ) );
#2048 = ORIENTED_EDGE('',*,*,#2049,.T.);
#2049 = EDGE_CURVE('',#1925,#372,#2050,.T.);
#2050 = SURFACE_CURVE('',#2051,(#2117,#2186),.PCURVE_S1.);
#2051 = B_SPLINE_CURVE_WITH_KNOTS('',8,(#2052,#2053,#2054,#2055,#2056,
    #2057,#2058,#2059,#2060,#2061,#2062,#2063,#2064,#2065,#2066,#2067,
    #2068,#2069,#2070,#2071,#2072,#2073,#2074,#2075,#2076,#2077,#2078,
    #2079,#2080,#2081,#2082,#2083,#2084,#2085,#2086,#2087,#2088,#2089,
    #2090,#2091,#2092,#2093,#2094,#2095,#2096,#2097,#2098,#2099,#2100,
    #2101,#2102,#2103,#2104,#2105,#2106,#2107,#2108,#2109,#2110,#2111,
    #2112,#2113,#2114,#2115,#2116),.UNSPECIFIED.,.F.,.F.,(9,7,7,7,7,7,7,
    7,7,9),(0.,0.132856353537,0.439316286876,0.516035930471,
    0.568563610465,0.64219224135,0.710773882013,0.792109629433,
    0.87003235539,1.),.UNSPECIFIED.);
#2052 = CARTESIAN_POINT('',(31.,-7.105427357601E-15,35.900000171767));
#2053 = CARTESIAN_POINT('',(31.,-0.808705322788,35.899502706852));
#2054 = CARTESIAN_POINT('',(30.975889103294,-1.617413838172,
    35.898822338728));
#2055 = CARTESIAN_POINT('',(30.927667422459,-2.425282762796,
    35.898009628857));
#2056 = CARTESIAN_POINT('',(30.855369973722,-3.231472935496,
    35.897116150524));
#2057 = CARTESIAN_POINT('',(30.759066651975,-4.035148867797,
    35.896193435947));
#2058 = CARTESIAN_POINT('',(30.638862205792,-4.83547879442,
    35.895291923384));
#2059 = CARTESIAN_POINT('',(30.494896212446,-5.631634723777,
    35.894459904247));
#2060 = CARTESIAN_POINT('',(29.940847949538,-8.247757191885,
    35.892087564135));
#2061 = CARTESIAN_POINT('',(29.428806608711,-10.0463271355,
    35.891042400203));
#2062 = CARTESIAN_POINT('',(28.793366257967,-11.8081543783,
    35.891160713881));
#2063 = CARTESIAN_POINT('',(28.037685755615,-13.52336953081,
    35.8929100722));
#2064 = CARTESIAN_POINT('',(27.16580778294,-15.18252651571,
    35.89660589467));
#2065 = CARTESIAN_POINT('',(26.18261254387,-16.77658762708,
    35.902375771816));
#2066 = CARTESIAN_POINT('',(25.093852972117,-18.29694888826,
    35.910154081362));
#2067 = CARTESIAN_POINT('',(23.608970488887,-20.09563620005,
    35.92209836963));
#2068 = CARTESIAN_POINT('',(23.305469674376,-20.45064795322,
    35.924597685694));
#2069 = CARTESIAN_POINT('',(22.995872313321,-20.80041586148,
    35.927237030936));
#2070 = CARTESIAN_POINT('',(22.68028460333,-21.14481755345,
    35.930045333947));
#2071 = CARTESIAN_POINT('',(22.358815583595,-21.4837333788,
    35.933046561254));
#2072 = CARTESIAN_POINT('',(22.031577115612,-21.81704640111,
    35.936259093915));
#2073 = CARTESIAN_POINT('',(21.698683889614,-22.14464239765,
    35.939696190658));
#2074 = CARTESIAN_POINT('',(21.128540108628,-22.68671457302,
    35.945881200633));
#2075 = CARTESIAN_POINT('',(20.89423097731,-22.90428709787,
    35.948504655747));
#2076 = CARTESIAN_POINT('',(20.657363756732,-23.11909168684,
    35.95124078628));
#2077 = CARTESIAN_POINT('',(20.417976693355,-23.33109324384,
    35.954091546962));
#2078 = CARTESIAN_POINT('',(20.176108586114,-23.54025733035,
    35.957057963875));
#2079 = CARTESIAN_POINT('',(19.931798786415,-23.74655016542,
    35.960140134453));
#2080 = CARTESIAN_POINT('',(19.685087198142,-23.94993862566,
    35.963337227483));
#2081 = CARTESIAN_POINT('',(19.086886006073,-24.43136550083,
    35.971287505073));
#2082 = CARTESIAN_POINT('',(18.733117978508,-24.70657064405,
    35.976148630856));
#2083 = CARTESIAN_POINT('',(18.374822126659,-24.97591585183,
    35.981235484281));
#2084 = CARTESIAN_POINT('',(18.012110550968,-25.23931536487,
    35.986512999429));
#2085 = CARTESIAN_POINT('',(17.645100072468,-25.49668387523,
    35.992006943988));
#2086 = CARTESIAN_POINT('',(17.273907513386,-25.74794043095,
    35.997695413429));
#2087 = CARTESIAN_POINT('',(16.898652031884,-25.99300627656,
    36.003569681445));
#2088 = CARTESIAN_POINT('',(16.166249801839,-26.45423588435,
    36.015245060775));
#2089 = CARTESIAN_POINT('',(15.80962473971,-26.67122943803,
    36.021023535572));
#2090 = CARTESIAN_POINT('',(15.449677047773,-26.88272487691,
    36.02693781815));
#2091 = CARTESIAN_POINT('',(15.086505508112,-27.08866310944,
    36.03297336583));
#2092 = CARTESIAN_POINT('',(14.720210026789,-27.28898723901,
    36.039113554719));
#2093 = CARTESIAN_POINT('',(14.350891635896,-27.48364255135,
    36.045339986373));
#2094 = CARTESIAN_POINT('',(13.978652495611,-27.67257650186,
    36.051632794461));
#2095 = CARTESIAN_POINT('',(13.158790135712,-28.07296352277,
    36.065487813488));
#2096 = CARTESIAN_POINT('',(12.710021231609,-28.28207039407,
    36.073067685172));
#2097 = CARTESIAN_POINT('',(12.257461828572,-28.48297511759,
    36.080680622339));
#2098 = CARTESIAN_POINT('',(11.8012855005,-28.67559837291,
    36.088276236299));
#2099 = CARTESIAN_POINT('',(11.341668730668,-28.85986483275,
    36.095826426027));
#2100 = CARTESIAN_POINT('',(10.878789999094,-29.03570356908,
    36.103304893348));
#2101 = CARTESIAN_POINT('',(10.412828713614,-29.20304853634,
    36.110663961886));
#2102 = CARTESIAN_POINT('',(9.494779178049,-29.513964156,36.124772131229
    ));
#2103 = CARTESIAN_POINT('',(9.042928885048,-29.65823788902,
    36.131533261932));
#2104 = CARTESIAN_POINT('',(8.588575568573,-29.79460483923,
    36.13811869533));
#2105 = CARTESIAN_POINT('',(8.131880115433,-29.92301462301,
    36.144493971666));
#2106 = CARTESIAN_POINT('',(7.67300459401,-30.04342076354,
    36.150624796616));
#2107 = CARTESIAN_POINT('',(7.212112275437,-30.15578070456,
    36.156477749123));
#2108 = CARTESIAN_POINT('',(6.749367654788,-30.26005582427,
    36.162020989243));
#2109 = CARTESIAN_POINT('',(5.510309736154,-30.51658982282,
    36.175904700817));
#2110 = CARTESIAN_POINT('',(4.730987563352,-30.65438129738,
    36.183640619821));
#2111 = CARTESIAN_POINT('',(3.947742253585,-30.76942403269,
    36.190295352991));
#2112 = CARTESIAN_POINT('',(3.16135037731,-30.86158871694,
    36.195748410773));
#2113 = CARTESIAN_POINT('',(2.372592782277,-30.93077793015,
    36.19990401059));
#2114 = CARTESIAN_POINT('',(1.582254633688,-30.97692609512,
    36.202696379606));
#2115 = CARTESIAN_POINT('',(0.791125487945,-31.00000001531,
    36.204092533718));
#2116 = CARTESIAN_POINT('',(-6.E-07,-31.,36.204092532792));
#2117 = PCURVE('',#261,#2118);
#2118 = DEFINITIONAL_REPRESENTATION('',(#2119),#2185);
#2119 = B_SPLINE_CURVE_WITH_KNOTS('',8,(#2120,#2121,#2122,#2123,#2124,
    #2125,#2126,#2127,#2128,#2129,#2130,#2131,#2132,#2133,#2134,#2135,
    #2136,#2137,#2138,#2139,#2140,#2141,#2142,#2143,#2144,#2145,#2146,
    #2147,#2148,#2149,#2150,#2151,#2152,#2153,#2154,#2155,#2156,#2157,
    #2158,#2159,#2160,#2161,#2162,#2163,#2164,#2165,#2166,#2167,#2168,
    #2169,#2170,#2171,#2172,#2173,#2174,#2175,#2176,#2177,#2178,#2179,
    #2180,#2181,#2182,#2183,#2184),.UNSPECIFIED.,.F.,.F.,(9,7,7,7,7,7,7,
    7,7,9),(0.,0.132856353537,0.439316286876,0.516035930471,
    0.568563610465,0.64219224135,0.710773882013,0.792109629433,
    0.87003235539,1.),.UNSPECIFIED.);
#2120 = CARTESIAN_POINT('',(235.44410120398,-31.));
#2121 = CARTESIAN_POINT('',(234.63539947259,-31.));
#2122 = CARTESIAN_POINT('',(233.82669472626,-30.97588910329));
#2123 = CARTESIAN_POINT('',(233.01882965433,-30.92766742245));
#2124 = CARTESIAN_POINT('',(232.21264332301,-30.85536997372));
#2125 = CARTESIAN_POINT('',(231.40897112681,-30.75906665197));
#2126 = CARTESIAN_POINT('',(230.60864473991,-30.63886220579));
#2127 = CARTESIAN_POINT('',(229.81249206749,-30.49489621244));
#2128 = CARTESIAN_POINT('',(227.19637917021,-29.94084794953));
#2129 = CARTESIAN_POINT('',(225.39781397423,-29.42880660871));
#2130 = CARTESIAN_POINT('',(223.63598856968,-28.79336625796));
#2131 = CARTESIAN_POINT('',(221.92077154576,-28.03768575561));
#2132 = CARTESIAN_POINT('',(220.26160847526,-27.16580778294));
#2133 = CARTESIAN_POINT('',(218.66753691569,-26.18261254386));
#2134 = CARTESIAN_POINT('',(217.14716105639,-25.09385297211));
#2135 = CARTESIAN_POINT('',(215.34845095762,-23.60897048888));
#2136 = CARTESIAN_POINT('',(214.99343449108,-23.30546967437));
#2137 = CARTESIAN_POINT('',(214.64366092648,-22.99587231332));
#2138 = CARTESIAN_POINT('',(214.29925190261,-22.68028460333));
#2139 = CARTESIAN_POINT('',(213.96032643539,-22.35881558359));
#2140 = CARTESIAN_POINT('',(213.62700093959,-22.03157711561));
#2141 = CARTESIAN_POINT('',(213.29938921955,-21.69868388961));
#2142 = CARTESIAN_POINT('',(212.75728449252,-21.12854010862));
#2143 = CARTESIAN_POINT('',(212.53969705183,-20.89423097731));
#2144 = CARTESIAN_POINT('',(212.32487575337,-20.65736375673));
#2145 = CARTESIAN_POINT('',(212.11285560482,-20.41797669335));
#2146 = CARTESIAN_POINT('',(211.90367097511,-20.17610858611));
#2147 = CARTESIAN_POINT('',(211.69735559444,-19.93179878641));
#2148 = CARTESIAN_POINT('',(211.49394255421,-19.68508719814));
#2149 = CARTESIAN_POINT('',(211.01245172744,-19.08688600607));
#2150 = CARTESIAN_POINT('',(210.73720545624,-18.73311797851));
#2151 = CARTESIAN_POINT('',(210.46781372957,-18.37482212664));
#2152 = CARTESIAN_POINT('',(210.2043668812,-18.01211055098));
#2153 = CARTESIAN_POINT('',(209.94694417439,-17.64510007245));
#2154 = CARTESIAN_POINT('',(209.69562809671,-17.27390751338));
#2155 = CARTESIAN_POINT('',(209.45049637844,-16.89865203188));
#2156 = CARTESIAN_POINT('',(208.98912679595,-16.16624980183));
#2157 = CARTESIAN_POINT('',(208.77206002252,-15.8096247397));
#2158 = CARTESIAN_POINT('',(208.56048542639,-15.44967704777));
#2159 = CARTESIAN_POINT('',(208.35446204598,-15.08650550811));
#2160 = CARTESIAN_POINT('',(208.15404687595,-14.72021002678));
#2161 = CARTESIAN_POINT('',(207.95929486296,-14.35089163589));
#2162 = CARTESIAN_POINT('',(207.77025890136,-13.97865249561));
#2163 = CARTESIAN_POINT('',(207.36963826313,-13.15879013571));
#2164 = CARTESIAN_POINT('',(207.16039794199,-12.7100212316));
#2165 = CARTESIAN_POINT('',(206.95935294668,-12.25746182857));
#2166 = CARTESIAN_POINT('',(206.76658575621,-11.8012855005));
#2167 = CARTESIAN_POINT('',(206.58217097335,-11.34166873066));
#2168 = CARTESIAN_POINT('',(206.40617847527,-10.87878999909));
#2169 = CARTESIAN_POINT('',(206.23867694033,-10.41282871361));
#2170 = CARTESIAN_POINT('',(205.92745027178,-9.494779178049));
#2171 = CARTESIAN_POINT('',(205.78302235073,-9.042928885048));
#2172 = CARTESIAN_POINT('',(205.6465002866,-8.588575568573));
#2173 = CARTESIAN_POINT('',(205.5179357452,-8.131880115433));
#2174 = CARTESIAN_POINT('',(205.39737663011,-7.67300459401));
#2175 = CARTESIAN_POINT('',(205.2848670019,-7.212112275437));
#2176 = CARTESIAN_POINT('',(205.18044699736,-6.749367654788));
#2177 = CARTESIAN_POINT('',(204.92354316367,-5.510309736154));
#2178 = CARTESIAN_POINT('',(204.78553789976,-4.730987563352));
#2179 = CARTESIAN_POINT('',(204.67030558509,-3.947742253585));
#2180 = CARTESIAN_POINT('',(204.57798196917,-3.16135037731));
#2181 = CARTESIAN_POINT('',(204.50866981335,-2.372592782277));
#2182 = CARTESIAN_POINT('',(204.46243843592,-1.582254633688));
#2183 = CARTESIAN_POINT('',(204.43932291183,-0.791125487945));
#2184 = CARTESIAN_POINT('',(204.43932292717,5.999999999062E-07));
#2185 = ( GEOMETRIC_REPRESENTATION_CONTEXT(2) 
PARAMETRIC_REPRESENTATION_CONTEXT() REPRESENTATION_CONTEXT('2D SPACE',''
  ) );
#2186 = PCURVE('',#595,#2187);
#2187 = DEFINITIONAL_REPRESENTATION('',(#2188),#2254);
#2188 = B_SPLINE_CURVE_WITH_KNOTS('',8,(#2189,#2190,#2191,#2192,#2193,
    #2194,#2195,#2196,#2197,#2198,#2199,#2200,#2201,#2202,#2203,#2204,
    #2205,#2206,#2207,#2208,#2209,#2210,#2211,#2212,#2213,#2214,#2215,
    #2216,#2217,#2218,#2219,#2220,#2221,#2222,#2223,#2224,#2225,#2226,
    #2227,#2228,#2229,#2230,#2231,#2232,#2233,#2234,#2235,#2236,#2237,
    #2238,#2239,#2240,#2241,#2242,#2243,#2244,#2245,#2246,#2247,#2248,
    #2249,#2250,#2251,#2252,#2253),.UNSPECIFIED.,.F.,.F.,(9,7,7,7,7,7,7,
    7,7,9),(0.,0.132856353537,0.439316286876,0.516035930471,
    0.568563610465,0.64219224135,0.710773882013,0.792109629433,
    0.87003235539,1.),.UNSPECIFIED.);
#2189 = CARTESIAN_POINT('',(6.28318530718,5.000000171767));
#2190 = CARTESIAN_POINT('',(6.257098038703,4.999502706852));
#2191 = CARTESIAN_POINT('',(6.231010667027,4.998822338728));
#2192 = CARTESIAN_POINT('',(6.204923326005,4.998009628857));
#2193 = CARTESIAN_POINT('',(6.178836032073,4.997116150524));
#2194 = CARTESIAN_POINT('',(6.152748741788,4.996193435947));
#2195 = CARTESIAN_POINT('',(6.126661409355,4.995291923384));
#2196 = CARTESIAN_POINT('',(6.100574044156,4.994459904247));
#2197 = CARTESIAN_POINT('',(6.014311213167,4.992087564135));
#2198 = CARTESIAN_POINT('',(5.954129631527,4.991042400203));
#2199 = CARTESIAN_POINT('',(5.893950511016,4.991160713881));
#2200 = CARTESIAN_POINT('',(5.833774730571,4.9929100722));
#2201 = CARTESIAN_POINT('',(5.773599322051,4.99660589467));
#2202 = CARTESIAN_POINT('',(5.7134211974,5.002375771816));
#2203 = CARTESIAN_POINT('',(5.653240841327,5.010154081362));
#2204 = CARTESIAN_POINT('',(5.578001701009,5.02209836963));
#2205 = CARTESIAN_POINT('',(5.56293744566,5.024597685694));
#2206 = CARTESIAN_POINT('',(5.54787322803,5.027237030936));
#2207 = CARTESIAN_POINT('',(5.532809064037,5.030045333947));
#2208 = CARTESIAN_POINT('',(5.517744964205,5.033046561254));
#2209 = CARTESIAN_POINT('',(5.502680937302,5.036259093915));
#2210 = CARTESIAN_POINT('',(5.487616994357,5.039696190658));
#2211 = CARTESIAN_POINT('',(5.462239384655,5.045881200633));
#2212 = CARTESIAN_POINT('',(5.451925660719,5.048504655747));
#2213 = CARTESIAN_POINT('',(5.441611984216,5.05124078628));
#2214 = CARTESIAN_POINT('',(5.431298357631,5.054091546962));
#2215 = CARTESIAN_POINT('',(5.420984782961,5.057057963875));
#2216 = CARTESIAN_POINT('',(5.410671261713,5.060140134453));
#2217 = CARTESIAN_POINT('',(5.400357794907,5.063337227483));
#2218 = CARTESIAN_POINT('',(5.375587959472,5.071287505073));
#2219 = CARTESIAN_POINT('',(5.361131635835,5.076148630856));
#2220 = CARTESIAN_POINT('',(5.346675437944,5.081235484281));
#2221 = CARTESIAN_POINT('',(5.332219313945,5.086512999429));
#2222 = CARTESIAN_POINT('',(5.317763324725,5.092006943988));
#2223 = CARTESIAN_POINT('',(5.303307449804,5.097695413429));
#2224 = CARTESIAN_POINT('',(5.288851692354,5.103569681445));
#2225 = CARTESIAN_POINT('',(5.260931302748,5.115245060775));
#2226 = CARTESIAN_POINT('',(5.247466646744,5.121023535572));
#2227 = CARTESIAN_POINT('',(5.234002086979,5.12693781815));
#2228 = CARTESIAN_POINT('',(5.220537616017,5.13297336583));
#2229 = CARTESIAN_POINT('',(5.207073221719,5.139113554719));
#2230 = CARTESIAN_POINT('',(5.193608889595,5.145339986373));
#2231 = CARTESIAN_POINT('',(5.18014460515,5.151632794461));
#2232 = CARTESIAN_POINT('',(5.150712165083,5.165487813488));
#2233 = CARTESIAN_POINT('',(5.134744012419,5.173067685172));
#2234 = CARTESIAN_POINT('',(5.118775890104,5.180680622339));
#2235 = CARTESIAN_POINT('',(5.102807747962,5.188276236299));
#2236 = CARTESIAN_POINT('',(5.086839568657,5.195826426027));
#2237 = CARTESIAN_POINT('',(5.070871340288,5.203304893348));
#2238 = CARTESIAN_POINT('',(5.054903023398,5.210663961886));
#2239 = CARTESIAN_POINT('',(5.023636263525,5.224772131229));
#2240 = CARTESIAN_POINT('',(5.008337815774,5.231533261932));
#2241 = CARTESIAN_POINT('',(4.993039251858,5.23811869533));
#2242 = CARTESIAN_POINT('',(4.977740552563,5.244493971666));
#2243 = CARTESIAN_POINT('',(4.962441697977,5.250624796616));
#2244 = CARTESIAN_POINT('',(4.947142672021,5.256477749123));
#2245 = CARTESIAN_POINT('',(4.931843466979,5.262020989243));
#2246 = CARTESIAN_POINT('',(4.891026189082,5.275904700817));
#2247 = CARTESIAN_POINT('',(4.865507688433,5.283640619821));
#2248 = CARTESIAN_POINT('',(4.839988718953,5.290295352991));
#2249 = CARTESIAN_POINT('',(4.814469333305,5.295748410773));
#2250 = CARTESIAN_POINT('',(4.788949558663,5.29990401059));
#2251 = CARTESIAN_POINT('',(4.763429452213,5.302696379606));
#2252 = CARTESIAN_POINT('',(4.737909157415,5.304092533718));
#2253 = CARTESIAN_POINT('',(4.71238896103,5.304092532792));
#2254 = ( GEOMETRIC_REPRESENTATION_CONTEXT(2) 
PARAMETRIC_REPRESENTATION_CONTEXT() REPRESENTATION_CONTEXT('2D SPACE',''
  ) );
#2255 = ORIENTED_EDGE('',*,*,#711,.F.);
#2256 = ORIENTED_EDGE('',*,*,#1900,.T.);
#2257 = ORIENTED_EDGE('',*,*,#2258,.T.);
#2258 = EDGE_CURVE('',#1901,#2259,#2261,.T.);
#2259 = VERTEX_POINT('',#2260);
#2260 = CARTESIAN_POINT('',(62.,15.,92.103919886465));
#2261 = SURFACE_CURVE('',#2262,(#2362,#2369),.PCURVE_S1.);
#2262 = B_SPLINE_CURVE_WITH_KNOTS('',3,(#2263,#2264,#2265,#2266,#2267,
    #2268,#2269,#2270,#2271,#2272,#2273,#2274,#2275,#2276,#2277,#2278,
    #2279,#2280,#2281,#2282,#2283,#2284,#2285,#2286,#2287,#2288,#2289,
    #2290,#2291,#2292,#2293,#2294,#2295,#2296,#2297,#2298,#2299,#2300,
    #2301,#2302,#2303,#2304,#2305,#2306,#2307,#2308,#2309,#2310,#2311,
    #2312,#2313,#2314,#2315,#2316,#2317,#2318,#2319,#2320,#2321,#2322,
    #2323,#2324,#2325,#2326,#2327,#2328,#2329,#2330,#2331,#2332,#2333,
    #2334,#2335,#2336,#2337,#2338,#2339,#2340,#2341,#2342,#2343,#2344,
    #2345,#2346,#2347,#2348,#2349,#2350,#2351,#2352,#2353,#2354,#2355,
    #2356,#2357,#2358,#2359,#2360,#2361),.UNSPECIFIED.,.T.,.F.,(1,1,2,1,
    1,1,1,1,1,1,1,1,1,1,1,1,1,1,1,1,1,1,1,1,1,1,1,1,1,1,1,1,1,1,1,1,1,1,
    1,1,1,1,1,1,1,1,1,1,1,1,1,1,1,1,1,1,1,1,1,1,1,1,1,1,1,1,1,1,1,1,1,1,
    1,1,1,1,1,1,1,1,1,1,1,1,1,1,1,1,1,1,1,1,1,1,1,1,1,1,2,1,1),(
    -14.25833144748,-11.32166741588,0.,11.321667415889,14.258331447489,
    16.318214381607,17.969642458405,19.392211178835,20.683845910723,
    21.909504400643,23.117371498254,24.345365100043,25.624401262159,
    26.980600707799,28.437152382086,30.016055601105,31.739865912809,
    33.633623053919,35.727266051385,38.059077426378,40.681201847807,
    43.66948669647,47.143136811087,51.310003544623,56.595466481829,
    64.179864807086,93.459653158884,113.24977811474,118.37611801205,
    121.94923169082,124.76747189331,127.11912769627,129.14569226288,
    130.92901574698,132.52197544137,133.96183624236,135.27699211845,
    136.4907939178,137.62396668002,138.6962941885,139.72789679742,
    140.74027459888,141.75725489936,142.80607147451,143.91905141611,
    145.13690917169,146.5159093761,148.14509674893,150.1960031824,
    153.13041761015,164.4518808587,175.77362319313,178.70803762087,
    180.75894405435,182.38813142717,183.76713163158,184.98498938716,
    186.09796932877,187.14678590392,188.1637662044,189.17614400586,
    190.20774661478,191.28007412325,192.41324688547,193.62704868483,
    194.94220456091,196.38206536191,197.9750250563,199.7583485404,
    201.78491310701,204.13656890997,206.95480911246,210.52792279123,
    215.65426268853,235.44382198735,264.72417599635,272.30857432161,
    277.59403725882,281.76090399235,285.23455410697,288.22283895563,
    290.84496337706,293.17677475205,295.27041774952,297.16417489063,
    298.88798520234,300.46688842135,301.92344009564,303.27963954128,
    304.5586757034,305.78666930519,306.9945364028,308.22019489272,
    309.5118296246,310.93439834503,312.58582642183,314.64570935595,
    317.58237338755,328.90404080344,340.22570821933,343.16237225093),
  .UNSPECIFIED.);
#2263 = CARTESIAN_POINT('',(62.,72.966486589325,60.267801856664));
#2264 = CARTESIAN_POINT('',(62.,72.37934000594,67.732198143336));
#2265 = CARTESIAN_POINT('',(62.,72.784349213326,72.532594322148));
#2266 = CARTESIAN_POINT('',(62.,72.519044589439,77.964689360313));
#2267 = CARTESIAN_POINT('',(62.,72.258000404488,80.168122642569));
#2268 = CARTESIAN_POINT('',(62.,71.88790581029,81.84229783777));
#2269 = CARTESIAN_POINT('',(62.,71.408474533118,83.220241255316));
#2270 = CARTESIAN_POINT('',(62.,70.816219633928,84.396886333742));
#2271 = CARTESIAN_POINT('',(62.,70.10882383311,85.422154985311));
#2272 = CARTESIAN_POINT('',(62.,69.283725769019,86.326310262436));
#2273 = CARTESIAN_POINT('',(62.,68.337550666004,87.129797535763));
#2274 = CARTESIAN_POINT('',(62.,67.265336628246,87.847396477089));
#2275 = CARTESIAN_POINT('',(62.,66.060134232525,88.490117230828));
#2276 = CARTESIAN_POINT('',(62.,64.712730862205,89.066244908314));
#2277 = CARTESIAN_POINT('',(62.,63.211246707908,89.582055701646));
#2278 = CARTESIAN_POINT('',(62.,61.540396519282,90.042347850899));
#2279 = CARTESIAN_POINT('',(62.,59.680243081407,90.450831486354));
#2280 = CARTESIAN_POINT('',(62.,57.604159378631,90.810407673374));
#2281 = CARTESIAN_POINT('',(62.,55.275428973916,91.123365183893));
#2282 = CARTESIAN_POINT('',(62.,52.641254584553,91.391520829605));
#2283 = CARTESIAN_POINT('',(62.,49.621281521718,91.616316674204));
#2284 = CARTESIAN_POINT('',(62.,46.082806974982,91.798919822392));
#2285 = CARTESIAN_POINT('',(62.,41.776267545562,91.94022768595));
#2286 = CARTESIAN_POINT('',(62.,36.098104940249,92.04168243076));
#2287 = CARTESIAN_POINT('',(62.,22.048333285228,92.130452247429));
#2288 = CARTESIAN_POINT('',(62.,3.163544567022,92.074424142117));
#2289 = CARTESIAN_POINT('',(62.,-14.90199587236,92.129276524922));
#2290 = CARTESIAN_POINT('',(62.,-24.39835258759,92.041772928123));
#2291 = CARTESIAN_POINT('',(62.,-28.23647913878,91.940187931096));
#2292 = CARTESIAN_POINT('',(62.,-31.14767734216,91.798853670557));
#2293 = CARTESIAN_POINT('',(62.,-33.53989867665,91.616153535173));
#2294 = CARTESIAN_POINT('',(62.,-35.58184407303,91.391190150997));
#2295 = CARTESIAN_POINT('',(62.,-37.36323633851,91.122748461856));
#2296 = CARTESIAN_POINT('',(62.,-38.93841895326,90.80932656323));
#2297 = CARTESIAN_POINT('',(62.,-40.34310331517,90.44902125825));
#2298 = CARTESIAN_POINT('',(62.,-41.60210933442,90.039428905152));
#2299 = CARTESIAN_POINT('',(62.,-42.73338698621,89.577509544685));
#2300 = CARTESIAN_POINT('',(62.,-43.75027333156,89.059416764335));
#2301 = CARTESIAN_POINT('',(62.,-44.66282628056,88.480285599614));
#2302 = CARTESIAN_POINT('',(62.,-45.47865436122,87.833962499482));
#2303 = CARTESIAN_POINT('',(62.,-46.20349352484,87.112617506641));
#2304 = CARTESIAN_POINT('',(62.,-46.84169543283,86.306078889876));
#2305 = CARTESIAN_POINT('',(62.,-47.39669117273,85.400571866356));
#2306 = CARTESIAN_POINT('',(62.,-47.87138333284,84.376314959383));
#2307 = CARTESIAN_POINT('',(62.,-48.26835979541,83.202894681819));
#2308 = CARTESIAN_POINT('',(62.,-48.58999350129,81.829512949382));
#2309 = CARTESIAN_POINT('',(62.,-48.83825314562,80.159980266064));
#2310 = CARTESIAN_POINT('',(62.,-49.0162477832,77.961066996298));
#2311 = CARTESIAN_POINT('',(62.,-49.17023829355,72.526372590576));
#2312 = CARTESIAN_POINT('',(62.,-49.07688731594,64.000046512142));
#2313 = CARTESIAN_POINT('',(62.,-49.17024068574,55.473720424217));
#2314 = CARTESIAN_POINT('',(62.,-49.01624780283,50.038933003575));
#2315 = CARTESIAN_POINT('',(62.,-48.83825314216,47.840019733958));
#2316 = CARTESIAN_POINT('',(62.,-48.58999350199,46.170487050614));
#2317 = CARTESIAN_POINT('',(62.,-48.26835979526,44.797105318182));
#2318 = CARTESIAN_POINT('',(62.,-47.87138333287,43.623685040617));
#2319 = CARTESIAN_POINT('',(62.,-47.39669117272,42.599428133644));
#2320 = CARTESIAN_POINT('',(62.,-46.84169543283,41.693921110124));
#2321 = CARTESIAN_POINT('',(62.,-46.20349352484,40.887382493359));
#2322 = CARTESIAN_POINT('',(62.,-45.47865436122,40.166037500518));
#2323 = CARTESIAN_POINT('',(62.,-44.66282628056,39.519714400386));
#2324 = CARTESIAN_POINT('',(62.,-43.75027333156,38.940583235665));
#2325 = CARTESIAN_POINT('',(62.,-42.73338698621,38.422490455315));
#2326 = CARTESIAN_POINT('',(62.,-41.60210933442,37.960571094848));
#2327 = CARTESIAN_POINT('',(62.,-40.34310331517,37.55097874175));
#2328 = CARTESIAN_POINT('',(62.,-38.93841895326,37.190673436771));
#2329 = CARTESIAN_POINT('',(62.,-37.36323633851,36.877251538139));
#2330 = CARTESIAN_POINT('',(62.,-35.58184407303,36.608809849022));
#2331 = CARTESIAN_POINT('',(62.,-33.53989867665,36.383846464737));
#2332 = CARTESIAN_POINT('',(62.,-31.14767734216,36.201146329871));
#2333 = CARTESIAN_POINT('',(62.,-28.23647913879,36.059812066739));
#2334 = CARTESIAN_POINT('',(62.,-24.39835258756,35.958227084286));
#2335 = CARTESIAN_POINT('',(62.,-14.90218442171,35.870725058177));
#2336 = CARTESIAN_POINT('',(62.,3.163356015181,35.925575618576));
#2337 = CARTESIAN_POINT('',(62.,22.048144734197,35.869546688497));
#2338 = CARTESIAN_POINT('',(62.,36.098104940259,35.958317559009));
#2339 = CARTESIAN_POINT('',(62.,41.77626754556,36.059772315833));
#2340 = CARTESIAN_POINT('',(62.,46.082806974983,36.201080177256));
#2341 = CARTESIAN_POINT('',(62.,49.621281521716,36.38368332587));
#2342 = CARTESIAN_POINT('',(62.,52.641254584559,36.608479170379));
#2343 = CARTESIAN_POINT('',(62.,55.275428973899,36.87663481611));
#2344 = CARTESIAN_POINT('',(62.,57.604159378683,37.189592326625));
#2345 = CARTESIAN_POINT('',(62.,59.680243081242,37.549168513646));
#2346 = CARTESIAN_POINT('',(62.,61.540396519814,37.957652149101));
#2347 = CARTESIAN_POINT('',(62.,63.211246706177,38.417944298354));
#2348 = CARTESIAN_POINT('',(62.,64.712730867891,38.933755091686));
#2349 = CARTESIAN_POINT('',(62.,66.060134213629,39.509882769172));
#2350 = CARTESIAN_POINT('',(62.,67.265336692003,40.152603522911));
#2351 = CARTESIAN_POINT('',(62.,68.337550446269,40.870202464237));
#2352 = CARTESIAN_POINT('',(62.,69.283726548951,41.673689737564));
#2353 = CARTESIAN_POINT('',(62.,70.108820953369,42.577845014689));
#2354 = CARTESIAN_POINT('',(62.,70.816230813944,43.603113666258));
#2355 = CARTESIAN_POINT('',(62.,71.408428416688,44.779758744685));
#2356 = CARTESIAN_POINT('',(62.,71.888110222471,46.15770216223));
#2357 = CARTESIAN_POINT('',(62.,72.257007774398,47.831877357431));
#2358 = CARTESIAN_POINT('',(62.,72.524620459335,50.035310639687));
#2359 = CARTESIAN_POINT('',(62.,72.715550247794,55.467405677852));
#2360 = CARTESIAN_POINT('',(62.,72.966486589325,60.267801856664));
#2361 = CARTESIAN_POINT('',(62.,72.37934000594,67.732198143336));
#2362 = PCURVE('',#261,#2363);
#2363 = DEFINITIONAL_REPRESENTATION('',(#2364),#2368);
#2364 = LINE('',#2365,#2366);
#2365 = CARTESIAN_POINT('',(0.,-62.));
#2366 = VECTOR('',#2367,1.);
#2367 = DIRECTION('',(1.,0.));
#2368 = ( GEOMETRIC_REPRESENTATION_CONTEXT(2) 
PARAMETRIC_REPRESENTATION_CONTEXT() REPRESENTATION_CONTEXT('2D SPACE',''
  ) );
#2369 = PCURVE('',#2370,#2375);
#2370 = PLANE('',#2371);
#2371 = AXIS2_PLACEMENT_3D('',#2372,#2373,#2374);
#2372 = CARTESIAN_POINT('',(62.,11.366600048242,63.999927437212));
#2373 = DIRECTION('',(1.,0.,0.));
#2374 = DIRECTION('',(0.,1.,0.));
#2375 = DEFINITIONAL_REPRESENTATION('',(#2376),#2476);
#2376 = B_SPLINE_CURVE_WITH_KNOTS('',3,(#2377,#2378,#2379,#2380,#2381,
    #2382,#2383,#2384,#2385,#2386,#2387,#2388,#2389,#2390,#2391,#2392,
    #2393,#2394,#2395,#2396,#2397,#2398,#2399,#2400,#2401,#2402,#2403,
    #2404,#2405,#2406,#2407,#2408,#2409,#2410,#2411,#2412,#2413,#2414,
    #2415,#2416,#2417,#2418,#2419,#2420,#2421,#2422,#2423,#2424,#2425,
    #2426,#2427,#2428,#2429,#2430,#2431,#2432,#2433,#2434,#2435,#2436,
    #2437,#2438,#2439,#2440,#2441,#2442,#2443,#2444,#2445,#2446,#2447,
    #2448,#2449,#2450,#2451,#2452,#2453,#2454,#2455,#2456,#2457,#2458,
    #2459,#2460,#2461,#2462,#2463,#2464,#2465,#2466,#2467,#2468,#2469,
    #2470,#2471,#2472,#2473,#2474,#2475),.UNSPECIFIED.,.T.,.F.,(1,1,2,1,
    1,1,1,1,1,1,1,1,1,1,1,1,1,1,1,1,1,1,1,1,1,1,1,1,1,1,1,1,1,1,1,1,1,1,
    1,1,1,1,1,1,1,1,1,1,1,1,1,1,1,1,1,1,1,1,1,1,1,1,1,1,1,1,1,1,1,1,1,1,
    1,1,1,1,1,1,1,1,1,1,1,1,1,1,1,1,1,1,1,1,1,1,1,1,1,1,2,1,1),(
    -14.25833144748,-11.32166741588,0.,11.321667415889,14.258331447489,
    16.318214381607,17.969642458405,19.392211178835,20.683845910723,
    21.909504400643,23.117371498254,24.345365100043,25.624401262159,
    26.980600707799,28.437152382086,30.016055601105,31.739865912809,
    33.633623053919,35.727266051385,38.059077426378,40.681201847807,
    43.66948669647,47.143136811087,51.310003544623,56.595466481829,
    64.179864807086,93.459653158884,113.24977811474,118.37611801205,
    121.94923169082,124.76747189331,127.11912769627,129.14569226288,
    130.92901574698,132.52197544137,133.96183624236,135.27699211845,
    136.4907939178,137.62396668002,138.6962941885,139.72789679742,
    140.74027459888,141.75725489936,142.80607147451,143.91905141611,
    145.13690917169,146.5159093761,148.14509674893,150.1960031824,
    153.13041761015,164.4518808587,175.77362319313,178.70803762087,
    180.75894405435,182.38813142717,183.76713163158,184.98498938716,
    186.09796932877,187.14678590392,188.1637662044,189.17614400586,
    190.20774661478,191.28007412325,192.41324688547,193.62704868483,
    194.94220456091,196.38206536191,197.9750250563,199.7583485404,
    201.78491310701,204.13656890997,206.95480911246,210.52792279123,
    215.65426268853,235.44382198735,264.72417599635,272.30857432161,
    277.59403725882,281.76090399235,285.23455410697,288.22283895563,
    290.84496337706,293.17677475205,295.27041774952,297.16417489063,
    298.88798520234,300.46688842135,301.92344009564,303.27963954128,
    304.5586757034,305.78666930519,306.9945364028,308.22019489272,
    309.5118296246,310.93439834503,312.58582642183,314.64570935595,
    317.58237338755,328.90404080344,340.22570821933,343.16237225093),
  .UNSPECIFIED.);
#2377 = CARTESIAN_POINT('',(61.599886541082,-3.732125580548));
#2378 = CARTESIAN_POINT('',(61.012739957698,3.732270706123));
#2379 = CARTESIAN_POINT('',(61.417749165084,8.532666884935));
#2380 = CARTESIAN_POINT('',(61.152444541197,13.964761923101));
#2381 = CARTESIAN_POINT('',(60.891400356245,16.168195205356));
#2382 = CARTESIAN_POINT('',(60.521305762048,17.842370400557));
#2383 = CARTESIAN_POINT('',(60.041874484875,19.220313818103));
#2384 = CARTESIAN_POINT('',(59.449619585685,20.39695889653));
#2385 = CARTESIAN_POINT('',(58.742223784868,21.422227548099));
#2386 = CARTESIAN_POINT('',(57.917125720777,22.326382825224));
#2387 = CARTESIAN_POINT('',(56.970950617762,23.129870098551));
#2388 = CARTESIAN_POINT('',(55.898736580003,23.847469039876));
#2389 = CARTESIAN_POINT('',(54.693534184283,24.490189793615));
#2390 = CARTESIAN_POINT('',(53.346130813962,25.066317471102));
#2391 = CARTESIAN_POINT('',(51.844646659665,25.582128264433));
#2392 = CARTESIAN_POINT('',(50.17379647104,26.042420413686));
#2393 = CARTESIAN_POINT('',(48.313643033165,26.450904049142));
#2394 = CARTESIAN_POINT('',(46.237559330389,26.810480236162));
#2395 = CARTESIAN_POINT('',(43.908828925673,27.123437746681));
#2396 = CARTESIAN_POINT('',(41.274654536311,27.391593392393));
#2397 = CARTESIAN_POINT('',(38.254681473475,27.616389236991));
#2398 = CARTESIAN_POINT('',(34.71620692674,27.79899238518));
#2399 = CARTESIAN_POINT('',(30.409667497319,27.940300248738));
#2400 = CARTESIAN_POINT('',(24.731504892007,28.041754993547));
#2401 = CARTESIAN_POINT('',(10.681733236985,28.130524810216));
#2402 = CARTESIAN_POINT('',(-8.20305548122,28.074496704905));
#2403 = CARTESIAN_POINT('',(-26.2685959206,28.12934908771));
#2404 = CARTESIAN_POINT('',(-35.76495263583,28.04184549091));
#2405 = CARTESIAN_POINT('',(-39.60307918702,27.940260493884));
#2406 = CARTESIAN_POINT('',(-42.5142773904,27.798926233345));
#2407 = CARTESIAN_POINT('',(-44.90649872489,27.616226097961));
#2408 = CARTESIAN_POINT('',(-46.94844412127,27.391262713785));
#2409 = CARTESIAN_POINT('',(-48.72983638675,27.122821024644));
#2410 = CARTESIAN_POINT('',(-50.3050190015,26.809399126018));
#2411 = CARTESIAN_POINT('',(-51.70970336341,26.449093821038));
#2412 = CARTESIAN_POINT('',(-52.96870938266,26.03950146794));
#2413 = CARTESIAN_POINT('',(-54.09998703445,25.577582107472));
#2414 = CARTESIAN_POINT('',(-55.1168733798,25.059489327123));
#2415 = CARTESIAN_POINT('',(-56.02942632881,24.480358162401));
#2416 = CARTESIAN_POINT('',(-56.84525440946,23.83403506227));
#2417 = CARTESIAN_POINT('',(-57.57009357308,23.112690069428));
#2418 = CARTESIAN_POINT('',(-58.20829548107,22.306151452664));
#2419 = CARTESIAN_POINT('',(-58.76329122097,21.400644429144));
#2420 = CARTESIAN_POINT('',(-59.23798338108,20.376387522171));
#2421 = CARTESIAN_POINT('',(-59.63495984366,19.202967244606));
#2422 = CARTESIAN_POINT('',(-59.95659354954,17.82958551217));
#2423 = CARTESIAN_POINT('',(-60.20485319386,16.160052828852));
#2424 = CARTESIAN_POINT('',(-60.38284783144,13.961139559086));
#2425 = CARTESIAN_POINT('',(-60.53683834179,8.526445153364));
#2426 = CARTESIAN_POINT('',(-60.44348736419,1.190749292729E-04));
#2427 = CARTESIAN_POINT('',(-60.53684073398,-8.526207012995));
#2428 = CARTESIAN_POINT('',(-60.38284785107,-13.96099443363));
#2429 = CARTESIAN_POINT('',(-60.2048531904,-16.15990770325));
#2430 = CARTESIAN_POINT('',(-59.95659355023,-17.82944038659));
#2431 = CARTESIAN_POINT('',(-59.6349598435,-19.20282211903));
#2432 = CARTESIAN_POINT('',(-59.23798338112,-20.37624239659));
#2433 = CARTESIAN_POINT('',(-58.76329122096,-21.40049930356));
#2434 = CARTESIAN_POINT('',(-58.20829548107,-22.30600632708));
#2435 = CARTESIAN_POINT('',(-57.57009357308,-23.11254494385));
#2436 = CARTESIAN_POINT('',(-56.84525440946,-23.83388993669));
#2437 = CARTESIAN_POINT('',(-56.02942632881,-24.48021303682));
#2438 = CARTESIAN_POINT('',(-55.1168733798,-25.05934420154));
#2439 = CARTESIAN_POINT('',(-54.09998703445,-25.57743698189));
#2440 = CARTESIAN_POINT('',(-52.96870938266,-26.03935634236));
#2441 = CARTESIAN_POINT('',(-51.70970336341,-26.44894869546));
#2442 = CARTESIAN_POINT('',(-50.3050190015,-26.80925400044));
#2443 = CARTESIAN_POINT('',(-48.72983638675,-27.12267589907));
#2444 = CARTESIAN_POINT('',(-46.94844412127,-27.39111758819));
#2445 = CARTESIAN_POINT('',(-44.90649872489,-27.61608097247));
#2446 = CARTESIAN_POINT('',(-42.5142773904,-27.79878110734));
#2447 = CARTESIAN_POINT('',(-39.60307918703,-27.94011537047));
#2448 = CARTESIAN_POINT('',(-35.7649526358,-28.04170035292));
#2449 = CARTESIAN_POINT('',(-26.26878446995,-28.12920237903));
#2450 = CARTESIAN_POINT('',(-8.203244033061,-28.07435181863));
#2451 = CARTESIAN_POINT('',(10.681544685954,-28.13038074871));
#2452 = CARTESIAN_POINT('',(24.731504892017,-28.0416098782));
#2453 = CARTESIAN_POINT('',(30.409667497317,-27.94015512137));
#2454 = CARTESIAN_POINT('',(34.71620692674,-27.79884725995));
#2455 = CARTESIAN_POINT('',(38.254681473474,-27.61624411134));
#2456 = CARTESIAN_POINT('',(41.274654536316,-27.39144826683));
#2457 = CARTESIAN_POINT('',(43.908828925657,-27.1232926211));
#2458 = CARTESIAN_POINT('',(46.237559330441,-26.81033511058));
#2459 = CARTESIAN_POINT('',(48.313643033,-26.45075892356));
#2460 = CARTESIAN_POINT('',(50.173796471571,-26.04227528811));
#2461 = CARTESIAN_POINT('',(51.844646657934,-25.58198313885));
#2462 = CARTESIAN_POINT('',(53.346130819649,-25.06617234552));
#2463 = CARTESIAN_POINT('',(54.693534165386,-24.49004466804));
#2464 = CARTESIAN_POINT('',(55.898736643761,-23.8473239143));
#2465 = CARTESIAN_POINT('',(56.970950398026,-23.12972497297));
#2466 = CARTESIAN_POINT('',(57.917126500708,-22.32623769964));
#2467 = CARTESIAN_POINT('',(58.742220905126,-21.42208242252));
#2468 = CARTESIAN_POINT('',(59.449630765702,-20.39681377095));
#2469 = CARTESIAN_POINT('',(60.041828368445,-19.22016869252));
#2470 = CARTESIAN_POINT('',(60.521510174228,-17.84222527498));
#2471 = CARTESIAN_POINT('',(60.890407726155,-16.16805007978));
#2472 = CARTESIAN_POINT('',(61.158020411092,-13.96461679752));
#2473 = CARTESIAN_POINT('',(61.348950199551,-8.53252175936));
#2474 = CARTESIAN_POINT('',(61.599886541082,-3.732125580548));
#2475 = CARTESIAN_POINT('',(61.012739957698,3.732270706123));
#2476 = ( GEOMETRIC_REPRESENTATION_CONTEXT(2) 
PARAMETRIC_REPRESENTATION_CONTEXT() REPRESENTATION_CONTEXT('2D SPACE',''
  ) );
#2477 = ORIENTED_EDGE('',*,*,#2478,.T.);
#2478 = EDGE_CURVE('',#2259,#2479,#2481,.T.);
#2479 = VERTEX_POINT('',#2480);
#2480 = CARTESIAN_POINT('',(31.5,15.,92.103919886465));
#2481 = SURFACE_CURVE('',#2482,(#2488,#2497),.PCURVE_S1.);
#2482 = B_SPLINE_CURVE_WITH_KNOTS('',4,(#2483,#2484,#2485,#2486,#2487),
  .UNSPECIFIED.,.F.,.F.,(5,5),(0.,1.),.PIECEWISE_BEZIER_KNOTS.);
#2483 = CARTESIAN_POINT('',(62.0000006,15.,92.103919886465));
#2484 = CARTESIAN_POINT('',(54.37500045,15.,92.103919886465));
#2485 = CARTESIAN_POINT('',(46.7500003,15.,92.103919886465));
#2486 = CARTESIAN_POINT('',(39.12500015,15.,92.103919886465));
#2487 = CARTESIAN_POINT('',(31.5,15.,92.103919886465));
#2488 = PCURVE('',#261,#2489);
#2489 = DEFINITIONAL_REPRESENTATION('',(#2490),#2496);
#2490 = B_SPLINE_CURVE_WITH_KNOTS('',4,(#2491,#2492,#2493,#2494,#2495),
  .UNSPECIFIED.,.F.,.F.,(5,5),(0.,1.),.PIECEWISE_BEZIER_KNOTS.);
#2491 = CARTESIAN_POINT('',(78.459974768581,-62.0000006));
#2492 = CARTESIAN_POINT('',(78.459974768581,-54.37500045));
#2493 = CARTESIAN_POINT('',(78.459974768581,-46.7500003));
#2494 = CARTESIAN_POINT('',(78.459974768581,-39.12500015));
#2495 = CARTESIAN_POINT('',(78.459974768581,-31.5));
#2496 = ( GEOMETRIC_REPRESENTATION_CONTEXT(2) 
PARAMETRIC_REPRESENTATION_CONTEXT() REPRESENTATION_CONTEXT('2D SPACE',''
  ) );
#2497 = PCURVE('',#2498,#2503);
#2498 = PLANE('',#2499);
#2499 = AXIS2_PLACEMENT_3D('',#2500,#2501,#2502);
#2500 = CARTESIAN_POINT('',(31.5,15.,52.75));
#2501 = DIRECTION('',(-0.,1.,0.));
#2502 = DIRECTION('',(0.,0.,1.));
#2503 = DEFINITIONAL_REPRESENTATION('',(#2504),#2510);
#2504 = B_SPLINE_CURVE_WITH_KNOTS('',4,(#2505,#2506,#2507,#2508,#2509),
  .UNSPECIFIED.,.F.,.F.,(5,5),(0.,1.),.PIECEWISE_BEZIER_KNOTS.);
#2505 = CARTESIAN_POINT('',(39.353919886465,30.5000006));
#2506 = CARTESIAN_POINT('',(39.353919886465,22.87500045));
#2507 = CARTESIAN_POINT('',(39.353919886465,15.2500003));
#2508 = CARTESIAN_POINT('',(39.353919886465,7.62500015));
#2509 = CARTESIAN_POINT('',(39.353919886465,0.));
#2510 = ( GEOMETRIC_REPRESENTATION_CONTEXT(2) 
PARAMETRIC_REPRESENTATION_CONTEXT() REPRESENTATION_CONTEXT('2D SPACE',''
  ) );
#2511 = ORIENTED_EDGE('',*,*,#2512,.F.);
#2512 = EDGE_CURVE('',#2513,#2479,#2515,.T.);
#2513 = VERTEX_POINT('',#2514);
#2514 = CARTESIAN_POINT('',(31.5,-15.,92.101849737345));
#2515 = SURFACE_CURVE('',#2516,(#2531,#2549),.PCURVE_S1.);
#2516 = B_SPLINE_CURVE_WITH_KNOTS('',4,(#2517,#2518,#2519,#2520,#2521,
    #2522,#2523,#2524,#2525,#2526,#2527,#2528,#2529,#2530),
  .UNSPECIFIED.,.F.,.F.,(5,3,3,3,5),(0.,0.249545916586,0.501706512347,
    0.841574869018,1.),.UNSPECIFIED.);
#2517 = CARTESIAN_POINT('',(31.5,-15.,92.101849737345));
#2518 = CARTESIAN_POINT('',(31.5,-13.12841502541,92.106894820273));
#2519 = CARTESIAN_POINT('',(31.5,-11.25682252317,92.108735420221));
#2520 = CARTESIAN_POINT('',(31.5,-9.385228396527,92.10845635605));
#2521 = CARTESIAN_POINT('',(31.5,-5.622427682236,92.105814781933));
#2522 = CARTESIAN_POINT('',(31.5,-3.731221355354,92.103430289955));
#2523 = CARTESIAN_POINT('',(31.5,-1.84001452213,92.101109002923));
#2524 = CARTESIAN_POINT('',(31.5,2.600207997304,92.098432472002));
#2525 = CARTESIAN_POINT('',(31.5,5.149223254534,92.099004373166));
#2526 = CARTESIAN_POINT('',(31.5,7.69823665031,92.100555799189));
#2527 = CARTESIAN_POINT('',(31.5,11.435437044121,92.102611379852));
#2528 = CARTESIAN_POINT('',(31.5,12.623624988734,92.103232462315));
#2529 = CARTESIAN_POINT('',(31.5,13.811812649653,92.103706744912));
#2530 = CARTESIAN_POINT('',(31.5,15.,92.103919886465));
#2531 = PCURVE('',#261,#2532);
#2532 = DEFINITIONAL_REPRESENTATION('',(#2533),#2548);
#2533 = B_SPLINE_CURVE_WITH_KNOTS('',4,(#2534,#2535,#2536,#2537,#2538,
    #2539,#2540,#2541,#2542,#2543,#2544,#2545,#2546,#2547),
  .UNSPECIFIED.,.F.,.F.,(5,3,3,3,5),(0.,0.249545916586,0.501706512347,
    0.841574869018,1.),.UNSPECIFIED.);
#2534 = CARTESIAN_POINT('',(108.45990922918,-31.5));
#2535 = CARTESIAN_POINT('',(106.58831566844,-31.5));
#2536 = CARTESIAN_POINT('',(104.71672128041,-31.5));
#2537 = CARTESIAN_POINT('',(102.84513009254,-31.5));
#2538 = CARTESIAN_POINT('',(99.082340917348,-31.5));
#2539 = CARTESIAN_POINT('',(97.191143267995,-31.5));
#2540 = CARTESIAN_POINT('',(95.299945970305,-31.5));
#2541 = CARTESIAN_POINT('',(90.859743116111,-31.5));
#2542 = CARTESIAN_POINT('',(88.310737085981,-31.5));
#2543 = CARTESIAN_POINT('',(85.761730485026,-31.5));
#2544 = CARTESIAN_POINT('',(82.024535944718,-31.5));
#2545 = CARTESIAN_POINT('',(80.836349258316,-31.5));
#2546 = CARTESIAN_POINT('',(79.648162192193,-31.5));
#2547 = CARTESIAN_POINT('',(78.459974763716,-31.5));
#2548 = ( GEOMETRIC_REPRESENTATION_CONTEXT(2) 
PARAMETRIC_REPRESENTATION_CONTEXT() REPRESENTATION_CONTEXT('2D SPACE',''
  ) );
#2549 = PCURVE('',#2550,#2555);
#2550 = PLANE('',#2551);
#2551 = AXIS2_PLACEMENT_3D('',#2552,#2553,#2554);
#2552 = CARTESIAN_POINT('',(31.5,-15.,52.75));
#2553 = DIRECTION('',(1.,0.,-0.));
#2554 = DIRECTION('',(0.,0.,1.));
#2555 = DEFINITIONAL_REPRESENTATION('',(#2556),#2571);
#2556 = B_SPLINE_CURVE_WITH_KNOTS('',4,(#2557,#2558,#2559,#2560,#2561,
    #2562,#2563,#2564,#2565,#2566,#2567,#2568,#2569,#2570),
  .UNSPECIFIED.,.F.,.F.,(5,3,3,3,5),(0.,0.249545916586,0.501706512347,
    0.841574869018,1.),.UNSPECIFIED.);
#2557 = CARTESIAN_POINT('',(39.351849737345,0.));
#2558 = CARTESIAN_POINT('',(39.356894820273,-1.871584974582));
#2559 = CARTESIAN_POINT('',(39.358735420221,-3.743177476829));
#2560 = CARTESIAN_POINT('',(39.35845635605,-5.614771603473));
#2561 = CARTESIAN_POINT('',(39.355814781933,-9.377572317764));
#2562 = CARTESIAN_POINT('',(39.353430289955,-11.26877864464));
#2563 = CARTESIAN_POINT('',(39.351109002923,-13.15998547787));
#2564 = CARTESIAN_POINT('',(39.348432472002,-17.6002079973));
#2565 = CARTESIAN_POINT('',(39.349004373166,-20.14922325453));
#2566 = CARTESIAN_POINT('',(39.350555799189,-22.69823665031));
#2567 = CARTESIAN_POINT('',(39.352611379852,-26.43543704412));
#2568 = CARTESIAN_POINT('',(39.353232462315,-27.62362498873));
#2569 = CARTESIAN_POINT('',(39.353706744912,-28.81181264965));
#2570 = CARTESIAN_POINT('',(39.353919886465,-30.));
#2571 = ( GEOMETRIC_REPRESENTATION_CONTEXT(2) 
PARAMETRIC_REPRESENTATION_CONTEXT() REPRESENTATION_CONTEXT('2D SPACE',''
  ) );
#2572 = ORIENTED_EDGE('',*,*,#2573,.F.);
#2573 = EDGE_CURVE('',#2574,#2513,#2576,.T.);
#2574 = VERTEX_POINT('',#2575);
#2575 = CARTESIAN_POINT('',(62.,-15.,92.101849737345));
#2576 = SURFACE_CURVE('',#2577,(#2583,#2592),.PCURVE_S1.);
#2577 = B_SPLINE_CURVE_WITH_KNOTS('',4,(#2578,#2579,#2580,#2581,#2582),
  .UNSPECIFIED.,.F.,.F.,(5,5),(0.,1.),.PIECEWISE_BEZIER_KNOTS.);
#2578 = CARTESIAN_POINT('',(62.0000006,-15.,92.101849737345));
#2579 = CARTESIAN_POINT('',(54.37500045,-15.,92.101849737345));
#2580 = CARTESIAN_POINT('',(46.7500003,-15.,92.101849737345));
#2581 = CARTESIAN_POINT('',(39.12500015,-15.,92.101849737345));
#2582 = CARTESIAN_POINT('',(31.5,-15.,92.101849737345));
#2583 = PCURVE('',#261,#2584);
#2584 = DEFINITIONAL_REPRESENTATION('',(#2585),#2591);
#2585 = B_SPLINE_CURVE_WITH_KNOTS('',4,(#2586,#2587,#2588,#2589,#2590),
  .UNSPECIFIED.,.F.,.F.,(5,5),(0.,1.),.PIECEWISE_BEZIER_KNOTS.);
#2586 = CARTESIAN_POINT('',(108.45990921509,-62.0000006));
#2587 = CARTESIAN_POINT('',(108.45990921509,-54.37500045));
#2588 = CARTESIAN_POINT('',(108.45990921509,-46.7500003));
#2589 = CARTESIAN_POINT('',(108.45990921509,-39.12500015));
#2590 = CARTESIAN_POINT('',(108.45990921509,-31.5));
#2591 = ( GEOMETRIC_REPRESENTATION_CONTEXT(2) 
PARAMETRIC_REPRESENTATION_CONTEXT() REPRESENTATION_CONTEXT('2D SPACE',''
  ) );
#2592 = PCURVE('',#2593,#2598);
#2593 = PLANE('',#2594);
#2594 = AXIS2_PLACEMENT_3D('',#2595,#2596,#2597);
#2595 = CARTESIAN_POINT('',(31.5,-15.,52.75));
#2596 = DIRECTION('',(-0.,1.,0.));
#2597 = DIRECTION('',(0.,0.,1.));
#2598 = DEFINITIONAL_REPRESENTATION('',(#2599),#2605);
#2599 = B_SPLINE_CURVE_WITH_KNOTS('',4,(#2600,#2601,#2602,#2603,#2604),
  .UNSPECIFIED.,.F.,.F.,(5,5),(0.,1.),.PIECEWISE_BEZIER_KNOTS.);
#2600 = CARTESIAN_POINT('',(39.351849737345,30.5000006));
#2601 = CARTESIAN_POINT('',(39.351849737345,22.87500045));
#2602 = CARTESIAN_POINT('',(39.351849737345,15.2500003));
#2603 = CARTESIAN_POINT('',(39.351849737345,7.62500015));
#2604 = CARTESIAN_POINT('',(39.351849737345,0.));
#2605 = ( GEOMETRIC_REPRESENTATION_CONTEXT(2) 
PARAMETRIC_REPRESENTATION_CONTEXT() REPRESENTATION_CONTEXT('2D SPACE',''
  ) );
#2606 = ORIENTED_EDGE('',*,*,#2607,.T.);
#2607 = EDGE_CURVE('',#2574,#1901,#2608,.T.);
#2608 = SURFACE_CURVE('',#2609,(#2709,#2716),.PCURVE_S1.);
#2609 = B_SPLINE_CURVE_WITH_KNOTS('',3,(#2610,#2611,#2612,#2613,#2614,
    #2615,#2616,#2617,#2618,#2619,#2620,#2621,#2622,#2623,#2624,#2625,
    #2626,#2627,#2628,#2629,#2630,#2631,#2632,#2633,#2634,#2635,#2636,
    #2637,#2638,#2639,#2640,#2641,#2642,#2643,#2644,#2645,#2646,#2647,
    #2648,#2649,#2650,#2651,#2652,#2653,#2654,#2655,#2656,#2657,#2658,
    #2659,#2660,#2661,#2662,#2663,#2664,#2665,#2666,#2667,#2668,#2669,
    #2670,#2671,#2672,#2673,#2674,#2675,#2676,#2677,#2678,#2679,#2680,
    #2681,#2682,#2683,#2684,#2685,#2686,#2687,#2688,#2689,#2690,#2691,
    #2692,#2693,#2694,#2695,#2696,#2697,#2698,#2699,#2700,#2701,#2702,
    #2703,#2704,#2705,#2706,#2707,#2708),.UNSPECIFIED.,.T.,.F.,(1,1,2,1,
    1,1,1,1,1,1,1,1,1,1,1,1,1,1,1,1,1,1,1,1,1,1,1,1,1,1,1,1,1,1,1,1,1,1,
    1,1,1,1,1,1,1,1,1,1,1,1,1,1,1,1,1,1,1,1,1,1,1,1,1,1,1,1,1,1,1,1,1,1,
    1,1,1,1,1,1,1,1,1,1,1,1,1,1,1,1,1,1,1,1,1,1,1,1,1,1,2,1,1),(
    -14.25833144748,-11.32166741588,0.,11.321667415889,14.258331447489,
    16.318214381607,17.969642458405,19.392211178835,20.683845910723,
    21.909504400643,23.117371498254,24.345365100043,25.624401262159,
    26.980600707799,28.437152382086,30.016055601105,31.739865912809,
    33.633623053919,35.727266051385,38.059077426378,40.681201847807,
    43.66948669647,47.143136811087,51.310003544623,56.595466481829,
    64.179864807086,93.459653158884,113.24977811474,118.37611801205,
    121.94923169082,124.76747189331,127.11912769627,129.14569226288,
    130.92901574698,132.52197544137,133.96183624236,135.27699211845,
    136.4907939178,137.62396668002,138.6962941885,139.72789679742,
    140.74027459888,141.75725489936,142.80607147451,143.91905141611,
    145.13690917169,146.5159093761,148.14509674893,150.1960031824,
    153.13041761015,164.4518808587,175.77362319313,178.70803762087,
    180.75894405435,182.38813142717,183.76713163158,184.98498938716,
    186.09796932877,187.14678590392,188.1637662044,189.17614400586,
    190.20774661478,191.28007412325,192.41324688547,193.62704868483,
    194.94220456091,196.38206536191,197.9750250563,199.7583485404,
    201.78491310701,204.13656890997,206.95480911246,210.52792279123,
    215.65426268853,235.44382198735,264.72417599635,272.30857432161,
    277.59403725882,281.76090399235,285.23455410697,288.22283895563,
    290.84496337706,293.17677475205,295.27041774952,297.16417489063,
    298.88798520234,300.46688842135,301.92344009564,303.27963954128,
    304.5586757034,305.78666930519,306.9945364028,308.22019489272,
    309.5118296246,310.93439834503,312.58582642183,314.64570935595,
    317.58237338755,328.90404080344,340.22570821933,343.16237225093),
  .UNSPECIFIED.);
#2610 = CARTESIAN_POINT('',(62.,72.966486589325,60.267801856664));
#2611 = CARTESIAN_POINT('',(62.,72.37934000594,67.732198143336));
#2612 = CARTESIAN_POINT('',(62.,72.784349213326,72.532594322148));
#2613 = CARTESIAN_POINT('',(62.,72.519044589439,77.964689360313));
#2614 = CARTESIAN_POINT('',(62.,72.258000404488,80.168122642569));
#2615 = CARTESIAN_POINT('',(62.,71.88790581029,81.84229783777));
#2616 = CARTESIAN_POINT('',(62.,71.408474533118,83.220241255316));
#2617 = CARTESIAN_POINT('',(62.,70.816219633928,84.396886333742));
#2618 = CARTESIAN_POINT('',(62.,70.10882383311,85.422154985311));
#2619 = CARTESIAN_POINT('',(62.,69.283725769019,86.326310262436));
#2620 = CARTESIAN_POINT('',(62.,68.337550666004,87.129797535763));
#2621 = CARTESIAN_POINT('',(62.,67.265336628246,87.847396477089));
#2622 = CARTESIAN_POINT('',(62.,66.060134232525,88.490117230828));
#2623 = CARTESIAN_POINT('',(62.,64.712730862205,89.066244908314));
#2624 = CARTESIAN_POINT('',(62.,63.211246707908,89.582055701646));
#2625 = CARTESIAN_POINT('',(62.,61.540396519282,90.042347850899));
#2626 = CARTESIAN_POINT('',(62.,59.680243081407,90.450831486354));
#2627 = CARTESIAN_POINT('',(62.,57.604159378631,90.810407673374));
#2628 = CARTESIAN_POINT('',(62.,55.275428973916,91.123365183893));
#2629 = CARTESIAN_POINT('',(62.,52.641254584553,91.391520829605));
#2630 = CARTESIAN_POINT('',(62.,49.621281521718,91.616316674204));
#2631 = CARTESIAN_POINT('',(62.,46.082806974982,91.798919822392));
#2632 = CARTESIAN_POINT('',(62.,41.776267545562,91.94022768595));
#2633 = CARTESIAN_POINT('',(62.,36.098104940249,92.04168243076));
#2634 = CARTESIAN_POINT('',(62.,22.048333285228,92.130452247429));
#2635 = CARTESIAN_POINT('',(62.,3.163544567022,92.074424142117));
#2636 = CARTESIAN_POINT('',(62.,-14.90199587236,92.129276524922));
#2637 = CARTESIAN_POINT('',(62.,-24.39835258759,92.041772928123));
#2638 = CARTESIAN_POINT('',(62.,-28.23647913878,91.940187931096));
#2639 = CARTESIAN_POINT('',(62.,-31.14767734216,91.798853670557));
#2640 = CARTESIAN_POINT('',(62.,-33.53989867665,91.616153535173));
#2641 = CARTESIAN_POINT('',(62.,-35.58184407303,91.391190150997));
#2642 = CARTESIAN_POINT('',(62.,-37.36323633851,91.122748461856));
#2643 = CARTESIAN_POINT('',(62.,-38.93841895326,90.80932656323));
#2644 = CARTESIAN_POINT('',(62.,-40.34310331517,90.44902125825));
#2645 = CARTESIAN_POINT('',(62.,-41.60210933442,90.039428905152));
#2646 = CARTESIAN_POINT('',(62.,-42.73338698621,89.577509544685));
#2647 = CARTESIAN_POINT('',(62.,-43.75027333156,89.059416764335));
#2648 = CARTESIAN_POINT('',(62.,-44.66282628056,88.480285599614));
#2649 = CARTESIAN_POINT('',(62.,-45.47865436122,87.833962499482));
#2650 = CARTESIAN_POINT('',(62.,-46.20349352484,87.112617506641));
#2651 = CARTESIAN_POINT('',(62.,-46.84169543283,86.306078889876));
#2652 = CARTESIAN_POINT('',(62.,-47.39669117273,85.400571866356));
#2653 = CARTESIAN_POINT('',(62.,-47.87138333284,84.376314959383));
#2654 = CARTESIAN_POINT('',(62.,-48.26835979541,83.202894681819));
#2655 = CARTESIAN_POINT('',(62.,-48.58999350129,81.829512949382));
#2656 = CARTESIAN_POINT('',(62.,-48.83825314562,80.159980266064));
#2657 = CARTESIAN_POINT('',(62.,-49.0162477832,77.961066996298));
#2658 = CARTESIAN_POINT('',(62.,-49.17023829355,72.526372590576));
#2659 = CARTESIAN_POINT('',(62.,-49.07688731594,64.000046512142));
#2660 = CARTESIAN_POINT('',(62.,-49.17024068574,55.473720424217));
#2661 = CARTESIAN_POINT('',(62.,-49.01624780283,50.038933003575));
#2662 = CARTESIAN_POINT('',(62.,-48.83825314216,47.840019733958));
#2663 = CARTESIAN_POINT('',(62.,-48.58999350199,46.170487050614));
#2664 = CARTESIAN_POINT('',(62.,-48.26835979526,44.797105318182));
#2665 = CARTESIAN_POINT('',(62.,-47.87138333287,43.623685040617));
#2666 = CARTESIAN_POINT('',(62.,-47.39669117272,42.599428133644));
#2667 = CARTESIAN_POINT('',(62.,-46.84169543283,41.693921110124));
#2668 = CARTESIAN_POINT('',(62.,-46.20349352484,40.887382493359));
#2669 = CARTESIAN_POINT('',(62.,-45.47865436122,40.166037500518));
#2670 = CARTESIAN_POINT('',(62.,-44.66282628056,39.519714400386));
#2671 = CARTESIAN_POINT('',(62.,-43.75027333156,38.940583235665));
#2672 = CARTESIAN_POINT('',(62.,-42.73338698621,38.422490455315));
#2673 = CARTESIAN_POINT('',(62.,-41.60210933442,37.960571094848));
#2674 = CARTESIAN_POINT('',(62.,-40.34310331517,37.55097874175));
#2675 = CARTESIAN_POINT('',(62.,-38.93841895326,37.190673436771));
#2676 = CARTESIAN_POINT('',(62.,-37.36323633851,36.877251538139));
#2677 = CARTESIAN_POINT('',(62.,-35.58184407303,36.608809849022));
#2678 = CARTESIAN_POINT('',(62.,-33.53989867665,36.383846464737));
#2679 = CARTESIAN_POINT('',(62.,-31.14767734216,36.201146329871));
#2680 = CARTESIAN_POINT('',(62.,-28.23647913879,36.059812066739));
#2681 = CARTESIAN_POINT('',(62.,-24.39835258756,35.958227084286));
#2682 = CARTESIAN_POINT('',(62.,-14.90218442171,35.870725058177));
#2683 = CARTESIAN_POINT('',(62.,3.163356015181,35.925575618576));
#2684 = CARTESIAN_POINT('',(62.,22.048144734197,35.869546688497));
#2685 = CARTESIAN_POINT('',(62.,36.098104940259,35.958317559009));
#2686 = CARTESIAN_POINT('',(62.,41.77626754556,36.059772315833));
#2687 = CARTESIAN_POINT('',(62.,46.082806974983,36.201080177256));
#2688 = CARTESIAN_POINT('',(62.,49.621281521716,36.38368332587));
#2689 = CARTESIAN_POINT('',(62.,52.641254584559,36.608479170379));
#2690 = CARTESIAN_POINT('',(62.,55.275428973899,36.87663481611));
#2691 = CARTESIAN_POINT('',(62.,57.604159378683,37.189592326625));
#2692 = CARTESIAN_POINT('',(62.,59.680243081242,37.549168513646));
#2693 = CARTESIAN_POINT('',(62.,61.540396519814,37.957652149101));
#2694 = CARTESIAN_POINT('',(62.,63.211246706177,38.417944298354));
#2695 = CARTESIAN_POINT('',(62.,64.712730867891,38.933755091686));
#2696 = CARTESIAN_POINT('',(62.,66.060134213629,39.509882769172));
#2697 = CARTESIAN_POINT('',(62.,67.265336692003,40.152603522911));
#2698 = CARTESIAN_POINT('',(62.,68.337550446269,40.870202464237));
#2699 = CARTESIAN_POINT('',(62.,69.283726548951,41.673689737564));
#2700 = CARTESIAN_POINT('',(62.,70.108820953369,42.577845014689));
#2701 = CARTESIAN_POINT('',(62.,70.816230813944,43.603113666258));
#2702 = CARTESIAN_POINT('',(62.,71.408428416688,44.779758744685));
#2703 = CARTESIAN_POINT('',(62.,71.888110222471,46.15770216223));
#2704 = CARTESIAN_POINT('',(62.,72.257007774398,47.831877357431));
#2705 = CARTESIAN_POINT('',(62.,72.524620459335,50.035310639687));
#2706 = CARTESIAN_POINT('',(62.,72.715550247794,55.467405677852));
#2707 = CARTESIAN_POINT('',(62.,72.966486589325,60.267801856664));
#2708 = CARTESIAN_POINT('',(62.,72.37934000594,67.732198143336));
#2709 = PCURVE('',#261,#2710);
#2710 = DEFINITIONAL_REPRESENTATION('',(#2711),#2715);
#2711 = LINE('',#2712,#2713);
#2712 = CARTESIAN_POINT('',(0.,-62.));
#2713 = VECTOR('',#2714,1.);
#2714 = DIRECTION('',(1.,0.));
#2715 = ( GEOMETRIC_REPRESENTATION_CONTEXT(2) 
PARAMETRIC_REPRESENTATION_CONTEXT() REPRESENTATION_CONTEXT('2D SPACE',''
  ) );
#2716 = PCURVE('',#2370,#2717);
#2717 = DEFINITIONAL_REPRESENTATION('',(#2718),#2818);
#2718 = B_SPLINE_CURVE_WITH_KNOTS('',3,(#2719,#2720,#2721,#2722,#2723,
    #2724,#2725,#2726,#2727,#2728,#2729,#2730,#2731,#2732,#2733,#2734,
    #2735,#2736,#2737,#2738,#2739,#2740,#2741,#2742,#2743,#2744,#2745,
    #2746,#2747,#2748,#2749,#2750,#2751,#2752,#2753,#2754,#2755,#2756,
    #2757,#2758,#2759,#2760,#2761,#2762,#2763,#2764,#2765,#2766,#2767,
    #2768,#2769,#2770,#2771,#2772,#2773,#2774,#2775,#2776,#2777,#2778,
    #2779,#2780,#2781,#2782,#2783,#2784,#2785,#2786,#2787,#2788,#2789,
    #2790,#2791,#2792,#2793,#2794,#2795,#2796,#2797,#2798,#2799,#2800,
    #2801,#2802,#2803,#2804,#2805,#2806,#2807,#2808,#2809,#2810,#2811,
    #2812,#2813,#2814,#2815,#2816,#2817),.UNSPECIFIED.,.T.,.F.,(1,1,2,1,
    1,1,1,1,1,1,1,1,1,1,1,1,1,1,1,1,1,1,1,1,1,1,1,1,1,1,1,1,1,1,1,1,1,1,
    1,1,1,1,1,1,1,1,1,1,1,1,1,1,1,1,1,1,1,1,1,1,1,1,1,1,1,1,1,1,1,1,1,1,
    1,1,1,1,1,1,1,1,1,1,1,1,1,1,1,1,1,1,1,1,1,1,1,1,1,1,2,1,1),(
    -14.25833144748,-11.32166741588,0.,11.321667415889,14.258331447489,
    16.318214381607,17.969642458405,19.392211178835,20.683845910723,
    21.909504400643,23.117371498254,24.345365100043,25.624401262159,
    26.980600707799,28.437152382086,30.016055601105,31.739865912809,
    33.633623053919,35.727266051385,38.059077426378,40.681201847807,
    43.66948669647,47.143136811087,51.310003544623,56.595466481829,
    64.179864807086,93.459653158884,113.24977811474,118.37611801205,
    121.94923169082,124.76747189331,127.11912769627,129.14569226288,
    130.92901574698,132.52197544137,133.96183624236,135.27699211845,
    136.4907939178,137.62396668002,138.6962941885,139.72789679742,
    140.74027459888,141.75725489936,142.80607147451,143.91905141611,
    145.13690917169,146.5159093761,148.14509674893,150.1960031824,
    153.13041761015,164.4518808587,175.77362319313,178.70803762087,
    180.75894405435,182.38813142717,183.76713163158,184.98498938716,
    186.09796932877,187.14678590392,188.1637662044,189.17614400586,
    190.20774661478,191.28007412325,192.41324688547,193.62704868483,
    194.94220456091,196.38206536191,197.9750250563,199.7583485404,
    201.78491310701,204.13656890997,206.95480911246,210.52792279123,
    215.65426268853,235.44382198735,264.72417599635,272.30857432161,
    277.59403725882,281.76090399235,285.23455410697,288.22283895563,
    290.84496337706,293.17677475205,295.27041774952,297.16417489063,
    298.88798520234,300.46688842135,301.92344009564,303.27963954128,
    304.5586757034,305.78666930519,306.9945364028,308.22019489272,
    309.5118296246,310.93439834503,312.58582642183,314.64570935595,
    317.58237338755,328.90404080344,340.22570821933,343.16237225093),
  .UNSPECIFIED.);
#2719 = CARTESIAN_POINT('',(61.599886541082,-3.732125580548));
#2720 = CARTESIAN_POINT('',(61.012739957698,3.732270706123));
#2721 = CARTESIAN_POINT('',(61.417749165084,8.532666884935));
#2722 = CARTESIAN_POINT('',(61.152444541197,13.964761923101));
#2723 = CARTESIAN_POINT('',(60.891400356245,16.168195205356));
#2724 = CARTESIAN_POINT('',(60.521305762048,17.842370400557));
#2725 = CARTESIAN_POINT('',(60.041874484875,19.220313818103));
#2726 = CARTESIAN_POINT('',(59.449619585685,20.39695889653));
#2727 = CARTESIAN_POINT('',(58.742223784868,21.422227548099));
#2728 = CARTESIAN_POINT('',(57.917125720777,22.326382825224));
#2729 = CARTESIAN_POINT('',(56.970950617762,23.129870098551));
#2730 = CARTESIAN_POINT('',(55.898736580003,23.847469039876));
#2731 = CARTESIAN_POINT('',(54.693534184283,24.490189793615));
#2732 = CARTESIAN_POINT('',(53.346130813962,25.066317471102));
#2733 = CARTESIAN_POINT('',(51.844646659665,25.582128264433));
#2734 = CARTESIAN_POINT('',(50.17379647104,26.042420413686));
#2735 = CARTESIAN_POINT('',(48.313643033165,26.450904049142));
#2736 = CARTESIAN_POINT('',(46.237559330389,26.810480236162));
#2737 = CARTESIAN_POINT('',(43.908828925673,27.123437746681));
#2738 = CARTESIAN_POINT('',(41.274654536311,27.391593392393));
#2739 = CARTESIAN_POINT('',(38.254681473475,27.616389236991));
#2740 = CARTESIAN_POINT('',(34.71620692674,27.79899238518));
#2741 = CARTESIAN_POINT('',(30.409667497319,27.940300248738));
#2742 = CARTESIAN_POINT('',(24.731504892007,28.041754993547));
#2743 = CARTESIAN_POINT('',(10.681733236985,28.130524810216));
#2744 = CARTESIAN_POINT('',(-8.20305548122,28.074496704905));
#2745 = CARTESIAN_POINT('',(-26.2685959206,28.12934908771));
#2746 = CARTESIAN_POINT('',(-35.76495263583,28.04184549091));
#2747 = CARTESIAN_POINT('',(-39.60307918702,27.940260493884));
#2748 = CARTESIAN_POINT('',(-42.5142773904,27.798926233345));
#2749 = CARTESIAN_POINT('',(-44.90649872489,27.616226097961));
#2750 = CARTESIAN_POINT('',(-46.94844412127,27.391262713785));
#2751 = CARTESIAN_POINT('',(-48.72983638675,27.122821024644));
#2752 = CARTESIAN_POINT('',(-50.3050190015,26.809399126018));
#2753 = CARTESIAN_POINT('',(-51.70970336341,26.449093821038));
#2754 = CARTESIAN_POINT('',(-52.96870938266,26.03950146794));
#2755 = CARTESIAN_POINT('',(-54.09998703445,25.577582107472));
#2756 = CARTESIAN_POINT('',(-55.1168733798,25.059489327123));
#2757 = CARTESIAN_POINT('',(-56.02942632881,24.480358162401));
#2758 = CARTESIAN_POINT('',(-56.84525440946,23.83403506227));
#2759 = CARTESIAN_POINT('',(-57.57009357308,23.112690069428));
#2760 = CARTESIAN_POINT('',(-58.20829548107,22.306151452664));
#2761 = CARTESIAN_POINT('',(-58.76329122097,21.400644429144));
#2762 = CARTESIAN_POINT('',(-59.23798338108,20.376387522171));
#2763 = CARTESIAN_POINT('',(-59.63495984366,19.202967244606));
#2764 = CARTESIAN_POINT('',(-59.95659354954,17.82958551217));
#2765 = CARTESIAN_POINT('',(-60.20485319386,16.160052828852));
#2766 = CARTESIAN_POINT('',(-60.38284783144,13.961139559086));
#2767 = CARTESIAN_POINT('',(-60.53683834179,8.526445153364));
#2768 = CARTESIAN_POINT('',(-60.44348736419,1.190749292729E-04));
#2769 = CARTESIAN_POINT('',(-60.53684073398,-8.526207012995));
#2770 = CARTESIAN_POINT('',(-60.38284785107,-13.96099443363));
#2771 = CARTESIAN_POINT('',(-60.2048531904,-16.15990770325));
#2772 = CARTESIAN_POINT('',(-59.95659355023,-17.82944038659));
#2773 = CARTESIAN_POINT('',(-59.6349598435,-19.20282211903));
#2774 = CARTESIAN_POINT('',(-59.23798338112,-20.37624239659));
#2775 = CARTESIAN_POINT('',(-58.76329122096,-21.40049930356));
#2776 = CARTESIAN_POINT('',(-58.20829548107,-22.30600632708));
#2777 = CARTESIAN_POINT('',(-57.57009357308,-23.11254494385));
#2778 = CARTESIAN_POINT('',(-56.84525440946,-23.83388993669));
#2779 = CARTESIAN_POINT('',(-56.02942632881,-24.48021303682));
#2780 = CARTESIAN_POINT('',(-55.1168733798,-25.05934420154));
#2781 = CARTESIAN_POINT('',(-54.09998703445,-25.57743698189));
#2782 = CARTESIAN_POINT('',(-52.96870938266,-26.03935634236));
#2783 = CARTESIAN_POINT('',(-51.70970336341,-26.44894869546));
#2784 = CARTESIAN_POINT('',(-50.3050190015,-26.80925400044));
#2785 = CARTESIAN_POINT('',(-48.72983638675,-27.12267589907));
#2786 = CARTESIAN_POINT('',(-46.94844412127,-27.39111758819));
#2787 = CARTESIAN_POINT('',(-44.90649872489,-27.61608097247));
#2788 = CARTESIAN_POINT('',(-42.5142773904,-27.79878110734));
#2789 = CARTESIAN_POINT('',(-39.60307918703,-27.94011537047));
#2790 = CARTESIAN_POINT('',(-35.7649526358,-28.04170035292));
#2791 = CARTESIAN_POINT('',(-26.26878446995,-28.12920237903));
#2792 = CARTESIAN_POINT('',(-8.203244033061,-28.07435181863));
#2793 = CARTESIAN_POINT('',(10.681544685954,-28.13038074871));
#2794 = CARTESIAN_POINT('',(24.731504892017,-28.0416098782));
#2795 = CARTESIAN_POINT('',(30.409667497317,-27.94015512137));
#2796 = CARTESIAN_POINT('',(34.71620692674,-27.79884725995));
#2797 = CARTESIAN_POINT('',(38.254681473474,-27.61624411134));
#2798 = CARTESIAN_POINT('',(41.274654536316,-27.39144826683));
#2799 = CARTESIAN_POINT('',(43.908828925657,-27.1232926211));
#2800 = CARTESIAN_POINT('',(46.237559330441,-26.81033511058));
#2801 = CARTESIAN_POINT('',(48.313643033,-26.45075892356));
#2802 = CARTESIAN_POINT('',(50.173796471571,-26.04227528811));
#2803 = CARTESIAN_POINT('',(51.844646657934,-25.58198313885));
#2804 = CARTESIAN_POINT('',(53.346130819649,-25.06617234552));
#2805 = CARTESIAN_POINT('',(54.693534165386,-24.49004466804));
#2806 = CARTESIAN_POINT('',(55.898736643761,-23.8473239143));
#2807 = CARTESIAN_POINT('',(56.970950398026,-23.12972497297));
#2808 = CARTESIAN_POINT('',(57.917126500708,-22.32623769964));
#2809 = CARTESIAN_POINT('',(58.742220905126,-21.42208242252));
#2810 = CARTESIAN_POINT('',(59.449630765702,-20.39681377095));
#2811 = CARTESIAN_POINT('',(60.041828368445,-19.22016869252));
#2812 = CARTESIAN_POINT('',(60.521510174228,-17.84222527498));
#2813 = CARTESIAN_POINT('',(60.890407726155,-16.16805007978));
#2814 = CARTESIAN_POINT('',(61.158020411092,-13.96461679752));
#2815 = CARTESIAN_POINT('',(61.348950199551,-8.53252175936));
#2816 = CARTESIAN_POINT('',(61.599886541082,-3.732125580548));
#2817 = CARTESIAN_POINT('',(61.012739957698,3.732270706123));
#2818 = ( GEOMETRIC_REPRESENTATION_CONTEXT(2) 
PARAMETRIC_REPRESENTATION_CONTEXT() REPRESENTATION_CONTEXT('2D SPACE',''
  ) );
#2819 = ADVANCED_FACE('',(#2820),#595,.F.);
#2820 = FACE_BOUND('',#2821,.F.);
#2821 = EDGE_LOOP('',(#2822,#3052,#3073,#3074,#3075,#3076,#3077,#3295));
#2822 = ORIENTED_EDGE('',*,*,#2823,.T.);
#2823 = EDGE_CURVE('',#2824,#2826,#2828,.T.);
#2824 = VERTEX_POINT('',#2825);
#2825 = CARTESIAN_POINT('',(0.,31.,38.932770625389));
#2826 = VERTEX_POINT('',#2827);
#2827 = CARTESIAN_POINT('',(31.,-7.592810154714E-15,38.900000160035));
#2828 = SURFACE_CURVE('',#2829,(#2867,#2908),.PCURVE_S1.);
#2829 = B_SPLINE_CURVE_WITH_KNOTS('',8,(#2830,#2831,#2832,#2833,#2834,
    #2835,#2836,#2837,#2838,#2839,#2840,#2841,#2842,#2843,#2844,#2845,
    #2846,#2847,#2848,#2849,#2850,#2851,#2852,#2853,#2854,#2855,#2856,
    #2857,#2858,#2859,#2860,#2861,#2862,#2863,#2864,#2865,#2866),
  .UNSPECIFIED.,.F.,.F.,(9,7,7,7,7,9),(0.,0.158713149075,0.241571836075,
    0.32899135458,0.884356947942,1.),.UNSPECIFIED.);
#2830 = CARTESIAN_POINT('',(-6.E-07,31.,38.932770625389));
#2831 = CARTESIAN_POINT('',(0.965902201478,31.000000018695,
    38.932770625506));
#2832 = CARTESIAN_POINT('',(1.931811609385,30.965604893959,
    38.93255460558));
#2833 = CARTESIAN_POINT('',(2.896288990585,30.896813812475,
    38.932122538933));
#2834 = CARTESIAN_POINT('',(3.857904740586,30.793699096377,
    38.931481510451));
#2835 = CARTESIAN_POINT('',(4.815238021279,30.656403482688,
    38.930645602267));
#2836 = CARTESIAN_POINT('',(5.766876722709,30.485139206462,
    38.92963481466));
#2837 = CARTESIAN_POINT('',(6.711417648888,30.280188887625,
    38.928473022189));
#2838 = CARTESIAN_POINT('',(8.136146124397,29.917510065196,
    38.926512514619));
#2839 = CARTESIAN_POINT('',(8.6225129015,29.784027119667,38.925805523836
    ));
#2840 = CARTESIAN_POINT('',(9.106369870935,29.641509646606,
    38.92506776329));
#2841 = CARTESIAN_POINT('',(9.587521280788,29.490012941453,
    38.924302829911));
#2842 = CARTESIAN_POINT('',(10.06577301524,29.329597333431,
    38.923514146961));
#2843 = CARTESIAN_POINT('',(10.540932594572,29.16032818554,
    38.922704964036));
#2844 = CARTESIAN_POINT('',(11.012809175158,28.982275894559,
    38.921878357059));
#2845 = CARTESIAN_POINT('',(11.975400536382,28.598475964705,
    38.920149800855));
#2846 = CARTESIAN_POINT('',(12.46572313561,28.39174311535,
    38.919245963172));
#2847 = CARTESIAN_POINT('',(12.951959094876,28.175405935007,
    38.918329670395));
#2848 = CARTESIAN_POINT('',(13.433889017514,27.949558994693,
    38.917401407167));
#2849 = CARTESIAN_POINT('',(13.911296348862,27.714302764907,
    38.916463166379));
#2850 = CARTESIAN_POINT('',(14.383967371656,27.469743588833,
    38.91552001639));
#2851 = CARTESIAN_POINT('',(14.851691210458,27.215993708243,
    38.914578256707));
#2852 = CARTESIAN_POINT('',(18.252902251746,25.283492741541,
    38.907680561142));
#2853 = CARTESIAN_POINT('',(20.9861154577,23.246161784523,
    38.901881766944));
#2854 = CARTESIAN_POINT('',(23.455752391987,20.872716479368,
    38.897306159405));
#2855 = CARTESIAN_POINT('',(25.615285151832,18.204249037908,
    38.894900559815));
#2856 = CARTESIAN_POINT('',(27.425288073331,15.287233340317,
    38.895002955979));
#2857 = CARTESIAN_POINT('',(28.854726480057,12.174186853026,
    38.896933414189));
#2858 = CARTESIAN_POINT('',(29.879874466813,8.922668715052,
    38.899251372347));
#2859 = CARTESIAN_POINT('',(30.617319346199,4.906623856615,
    38.900612251604));
#2860 = CARTESIAN_POINT('',(30.726456255402,4.211191761802,
    38.900795173379));
#2861 = CARTESIAN_POINT('',(30.817537227921,3.513006475193,
    38.900912204015));
#2862 = CARTESIAN_POINT('',(30.890482186964,2.812615163096,
    38.900948753081));
#2863 = CARTESIAN_POINT('',(30.94523103282,2.110566918107,
    38.900890145039));
#2864 = CARTESIAN_POINT('',(30.981743664272,1.407412739771,
    38.900721848473));
#2865 = CARTESIAN_POINT('',(31.,0.703705515253,38.900429705307));
#2866 = CARTESIAN_POINT('',(31.,-2.585025990039E-15,38.900000160035));
#2867 = PCURVE('',#595,#2868);
#2868 = DEFINITIONAL_REPRESENTATION('',(#2869),#2907);
#2869 = B_SPLINE_CURVE_WITH_KNOTS('',8,(#2870,#2871,#2872,#2873,#2874,
    #2875,#2876,#2877,#2878,#2879,#2880,#2881,#2882,#2883,#2884,#2885,
    #2886,#2887,#2888,#2889,#2890,#2891,#2892,#2893,#2894,#2895,#2896,
    #2897,#2898,#2899,#2900,#2901,#2902,#2903,#2904,#2905,#2906),
  .UNSPECIFIED.,.F.,.F.,(9,7,7,7,7,9),(0.,0.158713149075,0.241571836075,
    0.32899135458,0.884356947942,1.),.UNSPECIFIED.);
#2870 = CARTESIAN_POINT('',(1.57079634615,8.032770625389));
#2871 = CARTESIAN_POINT('',(1.539638191263,8.032770625506));
#2872 = CARTESIAN_POINT('',(1.508479824089,8.03255460558));
#2873 = CARTESIAN_POINT('',(1.477321554302,8.032122538933));
#2874 = CARTESIAN_POINT('',(1.446163407644,8.031481510451));
#2875 = CARTESIAN_POINT('',(1.415005267601,8.030645602267));
#2876 = CARTESIAN_POINT('',(1.383847017082,8.02963481466));
#2877 = CARTESIAN_POINT('',(1.352688680114,8.028473022189));
#2878 = CARTESIAN_POINT('',(1.305263980424,8.026512514619));
#2879 = CARTESIAN_POINT('',(1.288997396485,8.025805523836));
#2880 = CARTESIAN_POINT('',(1.272730812427,8.02506776329));
#2881 = CARTESIAN_POINT('',(1.256464228978,8.024302829911));
#2882 = CARTESIAN_POINT('',(1.240197646881,8.023514146961));
#2883 = CARTESIAN_POINT('',(1.223931066892,8.022704964036));
#2884 = CARTESIAN_POINT('',(1.207664489779,8.021878357059));
#2885 = CARTESIAN_POINT('',(1.174235973865,8.020149800855));
#2886 = CARTESIAN_POINT('',(1.157074021548,8.019245963172));
#2887 = CARTESIAN_POINT('',(1.139912074864,8.018329670395));
#2888 = CARTESIAN_POINT('',(1.122750135286,8.017401407167));
#2889 = CARTESIAN_POINT('',(1.105588196831,8.016463166379));
#2890 = CARTESIAN_POINT('',(1.088426253091,8.01552001639));
#2891 = CARTESIAN_POINT('',(1.071264304743,8.014578256707));
#2892 = CARTESIAN_POINT('',(0.945074662785,8.007680561142));
#2893 = CARTESIAN_POINT('',(0.83594998714,8.001881766944));
#2894 = CARTESIAN_POINT('',(0.726885465186,7.997306159405));
#2895 = CARTESIAN_POINT('',(0.617857088087,7.994900559815));
#2896 = CARTESIAN_POINT('',(0.508825322485,7.995002955979));
#2897 = CARTESIAN_POINT('',(0.399752357271,7.996933414189));
#2898 = CARTESIAN_POINT('',(0.290617242388,7.999251372347));
#2899 = CARTESIAN_POINT('',(0.158901433254,8.000612251604));
#2900 = CARTESIAN_POINT('',(0.136201211282,8.000795173379));
#2901 = CARTESIAN_POINT('',(0.113501006069,8.000912204015));
#2902 = CARTESIAN_POINT('',(9.080081976505E-02,8.000948753081));
#2903 = CARTESIAN_POINT('',(6.810062846353E-02,8.000890145039));
#2904 = CARTESIAN_POINT('',(4.540041102622E-02,8.000721848473));
#2905 = CARTESIAN_POINT('',(2.270017791139E-02,8.000429705307));
#2906 = CARTESIAN_POINT('',(0.,8.000000160035));
#2907 = ( GEOMETRIC_REPRESENTATION_CONTEXT(2) 
PARAMETRIC_REPRESENTATION_CONTEXT() REPRESENTATION_CONTEXT('2D SPACE',''
  ) );
#2908 = PCURVE('',#2909,#3012);
#2909 = SURFACE_OF_LINEAR_EXTRUSION('',#2910,#3010);
#2910 = B_SPLINE_CURVE_WITH_KNOTS('',3,(#2911,#2912,#2913,#2914,#2915,
    #2916,#2917,#2918,#2919,#2920,#2921,#2922,#2923,#2924,#2925,#2926,
    #2927,#2928,#2929,#2930,#2931,#2932,#2933,#2934,#2935,#2936,#2937,
    #2938,#2939,#2940,#2941,#2942,#2943,#2944,#2945,#2946,#2947,#2948,
    #2949,#2950,#2951,#2952,#2953,#2954,#2955,#2956,#2957,#2958,#2959,
    #2960,#2961,#2962,#2963,#2964,#2965,#2966,#2967,#2968,#2969,#2970,
    #2971,#2972,#2973,#2974,#2975,#2976,#2977,#2978,#2979,#2980,#2981,
    #2982,#2983,#2984,#2985,#2986,#2987,#2988,#2989,#2990,#2991,#2992,
    #2993,#2994,#2995,#2996,#2997,#2998,#2999,#3000,#3001,#3002,#3003,
    #3004,#3005,#3006,#3007,#3008,#3009),.UNSPECIFIED.,.T.,.F.,(1,1,2,1,
    1,1,1,1,1,1,1,1,1,1,1,1,1,1,1,1,1,1,1,1,1,1,1,1,1,1,1,1,1,1,1,1,1,1,
    1,1,1,1,1,1,1,1,1,1,1,1,1,1,1,1,1,1,1,1,1,1,1,1,1,1,1,1,1,1,1,1,1,1,
    1,1,1,1,1,1,1,1,1,1,1,1,1,1,1,1,1,1,1,1,1,1,1,1,1,1,2,1,1),(
    -12.73666778934,-10.11296462659,0.,10.112964626598,12.736667789343,
    14.578871698217,16.059501754873,17.34087253809,18.512386283993,
    19.633737618649,20.749168125499,21.893252501555,23.093953567575,
    24.374793080826,25.756694105367,27.259667954987,28.904472277368,
    30.714428146398,32.717701126394,34.950572220252,37.46270307716,
    40.326550251725,43.656193374693,47.65074345976,52.717896433844,
    59.989173996988,88.060266779918,106.64167214322,111.4548782201,
    114.80962960979,117.45542209748,119.66280860007,121.56447523164,
    123.23706455914,124.72996391698,126.0778397072,127.30695642614,
    128.43876151795,129.4921509846,130.48505696623,131.43566760367,
    132.36343928437,133.2900175784,134.24024960608,135.24369187279,
    136.3375029567,137.57276169056,139.02977805141,140.86243531063,
    143.48374440221,153.59651559962,163.70953608713,166.33084517872,
    168.16350243794,169.62051879878,170.85577753265,171.94958861655,
    172.95303088327,173.90326291094,174.82984120498,175.75761288568,
    176.70822352312,177.70112950475,178.75451897139,179.88632406321,
    181.11544078215,182.46331657236,183.9562159302,185.62880525771,
    187.53047188928,189.73785839186,192.38365087956,195.73840226925,
    200.55160834613,219.13247693064,247.2041064925,254.47538405565,
    259.54253702973,263.5370871148,266.86673023777,269.73057741233,
    272.24270826924,274.4755793631,276.47885234309,278.28880821212,
    279.9336125345,281.43658638412,282.81848740867,284.09932692192,
    285.30002798794,286.44411236399,287.55954287084,288.6808942055,
    289.8524079514,291.13377873462,292.61440879127,294.45661270015,
    297.08031586289,307.19328048949,317.30624511609,319.92994827883),
  .UNSPECIFIED.);
#2911 = CARTESIAN_POINT('',(0.,69.953033588468,60.671766917521));
#2912 = CARTESIAN_POINT('',(0.,69.392793006797,67.328233082479));
#2913 = CARTESIAN_POINT('',(0.,69.779611788613,71.622627917108));
#2914 = CARTESIAN_POINT('',(0.,69.525345246935,76.474746528571));
#2915 = CARTESIAN_POINT('',(0.,69.274809615173,78.443983874105));
#2916 = CARTESIAN_POINT('',(0.,68.919438997123,79.940474701973));
#2917 = CARTESIAN_POINT('',(0.,68.458948134972,81.172163376922));
#2918 = CARTESIAN_POINT('',(0.,67.890183512569,82.223539694477));
#2919 = CARTESIAN_POINT('',(0.,67.211235231694,83.139108084263));
#2920 = CARTESIAN_POINT('',(0.,66.419867558924,83.946068991133));
#2921 = CARTESIAN_POINT('',(0.,65.51285145544,84.662964445833));
#2922 = CARTESIAN_POINT('',(0.,64.485287100256,85.303207851163));
#2923 = CARTESIAN_POINT('',(0.,63.330348309142,85.876724674412));
#2924 = CARTESIAN_POINT('',(0.,62.039087493138,86.390921740258));
#2925 = CARTESIAN_POINT('',(0.,60.600055695412,86.851375560863));
#2926 = CARTESIAN_POINT('',(0.,58.998577565966,87.262336117109));
#2927 = CARTESIAN_POINT('',(0.,57.215538377066,87.627086911073));
#2928 = CARTESIAN_POINT('',(0.,55.225418483925,87.94819672147));
#2929 = CARTESIAN_POINT('',(0.,52.993027726256,88.22769436649));
#2930 = CARTESIAN_POINT('',(0.,50.467758453393,88.467192249645));
#2931 = CARTESIAN_POINT('',(0.,47.572581646961,88.667971657404));
#2932 = CARTESIAN_POINT('',(0.,44.180279327846,88.831070392715));
#2933 = CARTESIAN_POINT('',(0.,40.051595284471,88.957288103642));
#2934 = CARTESIAN_POINT('',(0.,34.607889856211,89.047905644901));
#2935 = CARTESIAN_POINT('',(0.,21.138141418228,89.127241856303));
#2936 = CARTESIAN_POINT('',(0.,3.16353673222,89.076961943401));
#2937 = CARTESIAN_POINT('',(0.,-13.99180383689,89.12613250574));
#2938 = CARTESIAN_POINT('',(0.,-22.90811409099,89.047991474294));
#2939 = CARTESIAN_POINT('',(0.,-26.51175869571,88.957253088132));
#2940 = CARTESIAN_POINT('',(0.,-29.24506871847,88.83101539815));
#2941 = CARTESIAN_POINT('',(0.,-31.49107652079,88.667835014069));
#2942 = CARTESIAN_POINT('',(0.,-33.40817569948,88.466915117224));
#2943 = CARTESIAN_POINT('',(0.,-35.08060520375,88.227176496565));
#2944 = CARTESIAN_POINT('',(0.,-36.5593863179,87.947286241159));
#2945 = CARTESIAN_POINT('',(0.,-37.87804902335,87.625555713091));
#2946 = CARTESIAN_POINT('',(0.,-39.05990315007,87.259851436717));
#2947 = CARTESIAN_POINT('',(0.,-40.12181907475,86.847471086859));
#2948 = CARTESIAN_POINT('',(0.,-41.07635193082,86.384985130712));
#2949 = CARTESIAN_POINT('',(0.,-41.93299537108,85.868036327778));
#2950 = CARTESIAN_POINT('',(0.,-42.6989516967,85.291085936005));
#2951 = CARTESIAN_POINT('',(0.,-43.3796490723,84.647063990982));
#2952 = CARTESIAN_POINT('',(0.,-43.9791687018,83.926795364121));
#2953 = CARTESIAN_POINT('',(0.,-44.50066816155,83.117916234895));
#2954 = CARTESIAN_POINT('',(0.,-44.94677648782,82.202762820885));
#2955 = CARTESIAN_POINT('',(0.,-45.31984285207,81.154235624925));
#2956 = CARTESIAN_POINT('',(0.,-45.62206040736,79.927049483754));
#2957 = CARTESIAN_POINT('',(0.,-45.85528424761,78.435358721745));
#2958 = CARTESIAN_POINT('',(0.,-46.022462662,76.470879199217));
#2959 = CARTESIAN_POINT('',(0.,-46.16706346533,71.616188650941));
#2960 = CARTESIAN_POINT('',(0.,-46.07940924165,64.000041546208));
#2961 = CARTESIAN_POINT('',(0.,-46.16706571151,56.38389443211));
#2962 = CARTESIAN_POINT('',(0.,-46.02246268045,51.529120800657));
#2963 = CARTESIAN_POINT('',(0.,-45.85528424436,49.564641278277));
#2964 = CARTESIAN_POINT('',(0.,-45.62206040801,48.072950516241));
#2965 = CARTESIAN_POINT('',(0.,-45.31984285193,46.845764375076));
#2966 = CARTESIAN_POINT('',(0.,-44.94677648785,45.797237179114));
#2967 = CARTESIAN_POINT('',(0.,-44.50066816154,44.882083765105));
#2968 = CARTESIAN_POINT('',(0.,-43.9791687018,44.073204635879));
#2969 = CARTESIAN_POINT('',(0.,-43.3796490723,43.352936009018));
#2970 = CARTESIAN_POINT('',(0.,-42.6989516967,42.708914063995));
#2971 = CARTESIAN_POINT('',(0.,-41.93299537108,42.131963672222));
#2972 = CARTESIAN_POINT('',(0.,-41.07635193082,41.615014869288));
#2973 = CARTESIAN_POINT('',(0.,-40.12181907475,41.152528913141));
#2974 = CARTESIAN_POINT('',(0.,-39.05990315007,40.740148563283));
#2975 = CARTESIAN_POINT('',(0.,-37.87804902335,40.374444286908));
#2976 = CARTESIAN_POINT('',(0.,-36.5593863179,40.052713758842));
#2977 = CARTESIAN_POINT('',(0.,-35.08060520375,39.772823503431));
#2978 = CARTESIAN_POINT('',(0.,-33.40817569948,39.533084882793));
#2979 = CARTESIAN_POINT('',(0.,-31.49107652079,39.33216498585));
#2980 = CARTESIAN_POINT('',(0.,-29.24506871847,39.168984602236));
#2981 = CARTESIAN_POINT('',(0.,-26.51175869571,39.042746909916));
#2982 = CARTESIAN_POINT('',(0.,-22.90811409097,38.952008536901));
#2983 = CARTESIAN_POINT('',(0.,-13.99198276057,38.873868923129));
#2984 = CARTESIAN_POINT('',(0.,3.163357806372,38.92303782932));
#2985 = CARTESIAN_POINT('',(0.,21.137962493047,38.872757203787));
#2986 = CARTESIAN_POINT('',(0.,34.607889856219,38.952094345936));
#2987 = CARTESIAN_POINT('',(0.,40.05159528447,39.042711897956));
#2988 = CARTESIAN_POINT('',(0.,44.180279327847,39.16892960697));
#2989 = CARTESIAN_POINT('',(0.,47.572581646959,39.332028342662));
#2990 = CARTESIAN_POINT('',(0.,50.467758453399,39.53280775034));
#2991 = CARTESIAN_POINT('',(0.,52.993027726239,39.772305633513));
#2992 = CARTESIAN_POINT('',(0.,55.22541848398,40.05180327853));
#2993 = CARTESIAN_POINT('',(0.,57.215538376892,40.372913088927));
#2994 = CARTESIAN_POINT('',(0.,58.998577566528,40.737663882891));
#2995 = CARTESIAN_POINT('',(0.,60.60005569359,41.148624439137));
#2996 = CARTESIAN_POINT('',(0.,62.039087499101,41.609078259742));
#2997 = CARTESIAN_POINT('',(0.,63.330348289433,42.123275325588));
#2998 = CARTESIAN_POINT('',(0.,64.485287166264,42.696792148837));
#2999 = CARTESIAN_POINT('',(0.,65.512851230133,43.337035554167));
#3000 = CARTESIAN_POINT('',(0.,66.419868349168,44.053931008867));
#3001 = CARTESIAN_POINT('',(0.,67.21123235313,44.860891915737));
#3002 = CARTESIAN_POINT('',(0.,67.890194534161,45.776460305523));
#3003 = CARTESIAN_POINT('',(0.,68.458903234043,46.827836623078));
#3004 = CARTESIAN_POINT('',(0.,68.919636128024,48.059525298027));
#3005 = CARTESIAN_POINT('',(0.,69.273858200803,49.556016125895));
#3006 = CARTESIAN_POINT('',(0.,69.530672773692,51.525253471429));
#3007 = CARTESIAN_POINT('',(0.,69.713956400986,56.377372082892));
#3008 = CARTESIAN_POINT('',(0.,69.953033588468,60.671766917521));
#3009 = CARTESIAN_POINT('',(0.,69.392793006797,67.328233082479));
#3010 = VECTOR('',#3011,1.);
#3011 = DIRECTION('',(-1.,-0.,-0.));
#3012 = DEFINITIONAL_REPRESENTATION('',(#3013),#3051);
#3013 = B_SPLINE_CURVE_WITH_KNOTS('',8,(#3014,#3015,#3016,#3017,#3018,
    #3019,#3020,#3021,#3022,#3023,#3024,#3025,#3026,#3027,#3028,#3029,
    #3030,#3031,#3032,#3033,#3034,#3035,#3036,#3037,#3038,#3039,#3040,
    #3041,#3042,#3043,#3044,#3045,#3046,#3047,#3048,#3049,#3050),
  .UNSPECIFIED.,.F.,.F.,(9,7,7,7,7,9),(0.,0.158713149075,0.241571836075,
    0.32899135458,0.884356947942,1.),.UNSPECIFIED.);
#3014 = CARTESIAN_POINT('',(250.1327719991,5.999999999062E-07));
#3015 = CARTESIAN_POINT('',(250.13277201779,-0.965902201478));
#3016 = CARTESIAN_POINT('',(250.09837632293,-1.931811609385));
#3017 = CARTESIAN_POINT('',(250.02958410088,-2.896288990585));
#3018 = CARTESIAN_POINT('',(249.92646772352,-3.857904740587));
#3019 = CARTESIAN_POINT('',(249.78917002633,-4.815238021279));
#3020 = CARTESIAN_POINT('',(249.61790337802,-5.766876722709));
#3021 = CARTESIAN_POINT('',(249.41295054172,-6.711417648888));
#3022 = CARTESIAN_POINT('',(249.05026784132,-8.136146124397));
#3023 = CARTESIAN_POINT('',(248.91678355584,-8.6225129015));
#3024 = CARTESIAN_POINT('',(248.77426475249,-9.106369870935));
#3025 = CARTESIAN_POINT('',(248.6227667412,-9.587521280788));
#3026 = CARTESIAN_POINT('',(248.46234986061,-10.06577301524));
#3027 = CARTESIAN_POINT('',(248.29307947814,-10.54093259457));
#3028 = CARTESIAN_POINT('',(248.11502598995,-11.01280917515));
#3029 = CARTESIAN_POINT('',(247.73122366495,-11.97540053638));
#3030 = CARTESIAN_POINT('',(247.52448961787,-12.46572313561));
#3031 = CARTESIAN_POINT('',(247.30815127488,-12.95195909487));
#3032 = CARTESIAN_POINT('',(247.08230315329,-13.43388901751));
#3033 = CARTESIAN_POINT('',(246.84704569296,-13.91129634886));
#3034 = CARTESIAN_POINT('',(246.60248525515,-14.38396737165));
#3035 = CARTESIAN_POINT('',(246.34873411979,-14.85169121045));
#3036 = CARTESIAN_POINT('',(244.41622379583,-18.25290225174));
#3037 = CARTESIAN_POINT('',(242.37888431776,-20.98611545769));
#3038 = CARTESIAN_POINT('',(240.00543119419,-23.455752392));
#3039 = CARTESIAN_POINT('',(237.33695790739,-25.61528515181));
#3040 = CARTESIAN_POINT('',(234.41993944846,-27.42528807334));
#3041 = CARTESIAN_POINT('',(231.30689395949,-28.85472648005));
#3042 = CARTESIAN_POINT('',(228.05538075028,-29.87987446681));
#3043 = CARTESIAN_POINT('',(224.03934623676,-30.61731934619));
#3044 = CARTESIAN_POINT('',(223.34391608275,-30.7264562554));
#3045 = CARTESIAN_POINT('',(222.64573289247,-30.81753722792));
#3046 = CARTESIAN_POINT('',(221.94534382899,-30.89048218696));
#3047 = CARTESIAN_POINT('',(221.24329798094,-30.94523103282));
#3048 = CARTESIAN_POINT('',(220.54014634319,-30.98174366427));
#3049 = CARTESIAN_POINT('',(219.83644179758,-31.));
#3050 = CARTESIAN_POINT('',(219.13273909364,-31.));
#3051 = ( GEOMETRIC_REPRESENTATION_CONTEXT(2) 
PARAMETRIC_REPRESENTATION_CONTEXT() REPRESENTATION_CONTEXT('2D SPACE',''
  ) );
#3052 = ORIENTED_EDGE('',*,*,#3053,.F.);
#3053 = EDGE_CURVE('',#1925,#2826,#3054,.T.);
#3054 = SEAM_CURVE('',#3055,(#3059,#3066),.PCURVE_S1.);
#3055 = LINE('',#3056,#3057);
#3056 = CARTESIAN_POINT('',(31.,-7.592810154714E-15,30.9));
#3057 = VECTOR('',#3058,1.);
#3058 = DIRECTION('',(0.,0.,1.));
#3059 = PCURVE('',#595,#3060);
#3060 = DEFINITIONAL_REPRESENTATION('',(#3061),#3065);
#3061 = LINE('',#3062,#3063);
#3062 = CARTESIAN_POINT('',(6.28318530718,-0.));
#3063 = VECTOR('',#3064,1.);
#3064 = DIRECTION('',(0.,1.));
#3065 = ( GEOMETRIC_REPRESENTATION_CONTEXT(2) 
PARAMETRIC_REPRESENTATION_CONTEXT() REPRESENTATION_CONTEXT('2D SPACE',''
  ) );
#3066 = PCURVE('',#595,#3067);
#3067 = DEFINITIONAL_REPRESENTATION('',(#3068),#3072);
#3068 = LINE('',#3069,#3070);
#3069 = CARTESIAN_POINT('',(0.,-0.));
#3070 = VECTOR('',#3071,1.);
#3071 = DIRECTION('',(0.,1.));
#3072 = ( GEOMETRIC_REPRESENTATION_CONTEXT(2) 
PARAMETRIC_REPRESENTATION_CONTEXT() REPRESENTATION_CONTEXT('2D SPACE',''
  ) );
#3073 = ORIENTED_EDGE('',*,*,#1924,.F.);
#3074 = ORIENTED_EDGE('',*,*,#371,.T.);
#3075 = ORIENTED_EDGE('',*,*,#2049,.F.);
#3076 = ORIENTED_EDGE('',*,*,#3053,.T.);
#3077 = ORIENTED_EDGE('',*,*,#3078,.T.);
#3078 = EDGE_CURVE('',#2826,#3079,#3081,.T.);
#3079 = VERTEX_POINT('',#3080);
#3080 = CARTESIAN_POINT('',(0.,-31.,39.301596905285));
#3081 = SURFACE_CURVE('',#3082,(#3151,#3223),.PCURVE_S1.);
#3082 = B_SPLINE_CURVE_WITH_KNOTS('',7,(#3083,#3084,#3085,#3086,#3087,
    #3088,#3089,#3090,#3091,#3092,#3093,#3094,#3095,#3096,#3097,#3098,
    #3099,#3100,#3101,#3102,#3103,#3104,#3105,#3106,#3107,#3108,#3109,
    #3110,#3111,#3112,#3113,#3114,#3115,#3116,#3117,#3118,#3119,#3120,
    #3121,#3122,#3123,#3124,#3125,#3126,#3127,#3128,#3129,#3130,#3131,
    #3132,#3133,#3134,#3135,#3136,#3137,#3138,#3139,#3140,#3141,#3142,
    #3143,#3144,#3145,#3146,#3147,#3148,#3149,#3150),.UNSPECIFIED.,.F.,
  .F.,(8,6,6,6,6,6,6,6,6,6,6,8),(0.,0.182160042427,0.408940923237,
    0.498127011109,0.538180311552,0.577646164382,0.604904869761,
    0.635688553347,0.679468154647,0.721642989445,0.79350687729,1.),
  .UNSPECIFIED.);
#3083 = CARTESIAN_POINT('',(31.,-3.552713678801E-15,38.900000160035));
#3084 = CARTESIAN_POINT('',(31.,-1.267286936955,38.899226601919));
#3085 = CARTESIAN_POINT('',(30.9395585245,-2.534593546876,
    38.897998105134));
#3086 = CARTESIAN_POINT('',(30.818672243389,-3.798428498794,
    38.896537990022));
#3087 = CARTESIAN_POINT('',(30.637594267161,-5.055336889699,
    38.895077450364));
#3088 = CARTESIAN_POINT('',(30.396817497862,-6.301898394462,
    38.893839269498));
#3089 = CARTESIAN_POINT('',(30.097074437169,-7.534727737858,
    38.893023833589));
#3090 = CARTESIAN_POINT('',(29.294007265329,-10.26403005303,
    38.892515595007));
#3091 = CARTESIAN_POINT('',(28.758776609116,-11.75119178502,
    38.893146746258));
#3092 = CARTESIAN_POINT('',(28.135562059435,-13.20546333229,
    38.895012030409));
#3093 = CARTESIAN_POINT('',(27.42683486817,-14.62062898571,
    38.898351885847));
#3094 = CARTESIAN_POINT('',(26.635580595189,-15.99073087276,
    38.903293252691));
#3095 = CARTESIAN_POINT('',(25.765297240172,-17.31007075745,
    38.909838529121));
#3096 = CARTESIAN_POINT('',(24.44830977679,-19.07000563493,
    38.921037293759));
#3097 = CARTESIAN_POINT('',(24.064972395807,-19.55809091339,
    38.924427867449));
#3098 = CARTESIAN_POINT('',(23.67028055403,-20.03716834297,
    38.928153986824));
#3099 = CARTESIAN_POINT('',(23.264489910895,-20.50692055975,
    38.932300845018));
#3100 = CARTESIAN_POINT('',(22.847866934343,-20.96703975491,
    38.93693335361));
#3101 = CARTESIAN_POINT('',(22.420688873134,-21.4172276547,
    38.942096647584));
#3102 = CARTESIAN_POINT('',(21.786787956771,-22.05478421333,
    38.950385405553));
#3103 = CARTESIAN_POINT('',(21.588261342774,-22.25031174043,
    38.953066515302));
#3104 = CARTESIAN_POINT('',(21.387689928198,-22.44375197779,
    38.95586225136));
#3105 = CARTESIAN_POINT('',(21.185100143805,-22.63507925457,
    38.958774216017));
#3106 = CARTESIAN_POINT('',(20.980518810092,-22.82426833301,
    38.961803282037));
#3107 = CARTESIAN_POINT('',(20.773973137294,-23.01129440845,
    38.96494959265));
#3108 = CARTESIAN_POINT('',(20.360066051381,-23.37826084619,
    38.97142767365));
#3109 = CARTESIAN_POINT('',(20.152761018719,-23.55826491329,
    38.974756065899));
#3110 = CARTESIAN_POINT('',(19.94360198225,-23.73612203186,
    38.978196297625));
#3111 = CARTESIAN_POINT('',(19.732615880136,-23.91180915001,
    38.981751256258));
#3112 = CARTESIAN_POINT('',(19.519829925994,-24.08530371222,
    38.985421881609));
#3113 = CARTESIAN_POINT('',(19.305271559422,-24.25658369904,
    38.98920620789));
#3114 = CARTESIAN_POINT('',(18.939570207273,-24.54238440841,
    38.995795702057));
#3115 = CARTESIAN_POINT('',(18.789339511806,-24.6580745758,
    38.998541601678));
#3116 = CARTESIAN_POINT('',(18.638285737473,-24.7726908123,
    39.001340977726));
#3117 = CARTESIAN_POINT('',(18.486418121213,-24.88622609554,
    39.004193216435));
#3118 = CARTESIAN_POINT('',(18.333745967923,-24.99867350771,
    39.007097534913));
#3119 = CARTESIAN_POINT('',(18.180278650464,-25.11002623552,
    39.010052981139));
#3120 = CARTESIAN_POINT('',(17.85182523094,-25.34478613202,
    39.016452538986));
#3121 = CARTESIAN_POINT('',(17.676622773314,-25.46789002931,
    39.019910432534));
#3122 = CARTESIAN_POINT('',(17.500431834559,-25.58957959971,
    39.023430494923));
#3123 = CARTESIAN_POINT('',(17.323266114769,-25.70984535329,
    39.027010872514));
#3124 = CARTESIAN_POINT('',(17.145139416354,-25.82867797265,
    39.030649477724));
#3125 = CARTESIAN_POINT('',(16.966065644037,-25.94606831288,
    39.034343989021));
#3126 = CARTESIAN_POINT('',(16.530058653714,-26.22689238242,
    39.043421944037));
#3127 = CARTESIAN_POINT('',(16.272171273114,-26.38884213725,
    39.048859466946));
#3128 = CARTESIAN_POINT('',(16.012437070529,-26.54783078349,
    39.054399348976));
#3129 = CARTESIAN_POINT('',(15.750896570048,-26.70383332188,
    39.060030112476));
#3130 = CARTESIAN_POINT('',(15.487590825042,-26.85682537528,
    39.065742784438));
#3131 = CARTESIAN_POINT('',(15.222561494044,-27.00678314825,
    39.071532338687));
#3132 = CARTESIAN_POINT('',(14.698916107816,-27.29519934498,
    39.083036221516));
#3133 = CARTESIAN_POINT('',(14.440421037225,-27.43387781163,
    39.088745360613));
#3134 = CARTESIAN_POINT('',(14.180402869394,-27.56969844384,
    39.094512128009));
#3135 = CARTESIAN_POINT('',(13.91889938086,-27.70264131811,
    39.100328778823));
#3136 = CARTESIAN_POINT('',(13.655948623359,-27.83268715067,
    39.106186781238));
#3137 = CARTESIAN_POINT('',(13.391588923833,-27.95981729748,
    39.112076816501));
#3138 = CARTESIAN_POINT('',(12.67306769175,-28.29563853658,
    39.128062478225));
#3139 = CARTESIAN_POINT('',(12.216297676463,-28.49874552691,
    39.138200025634));
#3140 = CARTESIAN_POINT('',(11.755739926997,-28.69324558989,
    39.148352126465));
#3141 = CARTESIAN_POINT('',(11.29158759555,-28.87905500957,
    39.158464434254));
#3142 = CARTESIAN_POINT('',(10.824035953471,-29.05609546468,
    39.168479257119));
#3143 = CARTESIAN_POINT('',(10.353282446658,-29.22429400396,
    39.178337264113));
#3144 = CARTESIAN_POINT('',(8.518240909839,-29.84128281498,
    39.215684229171));
#3145 = CARTESIAN_POINT('',(7.132124621031,-30.2254367648,
    39.241604972665));
#3146 = CARTESIAN_POINT('',(5.725976693638,-30.53441159133,
    39.264435421316));
#3147 = CARTESIAN_POINT('',(4.304677204686,-30.7669884838,39.28272533406
    ));
#3148 = CARTESIAN_POINT('',(2.873191215274,-30.92233171237,
    39.295306404157));
#3149 = CARTESIAN_POINT('',(1.436578110605,-31.0000000278,
    39.301596907537));
#3150 = CARTESIAN_POINT('',(-6.E-07,-31.,39.301596905285));
#3151 = PCURVE('',#595,#3152);
#3152 = DEFINITIONAL_REPRESENTATION('',(#3153),#3222);
#3153 = B_SPLINE_CURVE_WITH_KNOTS('',7,(#3154,#3155,#3156,#3157,#3158,
    #3159,#3160,#3161,#3162,#3163,#3164,#3165,#3166,#3167,#3168,#3169,
    #3170,#3171,#3172,#3173,#3174,#3175,#3176,#3177,#3178,#3179,#3180,
    #3181,#3182,#3183,#3184,#3185,#3186,#3187,#3188,#3189,#3190,#3191,
    #3192,#3193,#3194,#3195,#3196,#3197,#3198,#3199,#3200,#3201,#3202,
    #3203,#3204,#3205,#3206,#3207,#3208,#3209,#3210,#3211,#3212,#3213,
    #3214,#3215,#3216,#3217,#3218,#3219,#3220,#3221),.UNSPECIFIED.,.F.,
  .F.,(8,6,6,6,6,6,6,6,6,6,6,8),(0.,0.182160042427,0.408940923237,
    0.498127011109,0.538180311552,0.577646164382,0.604904869761,
    0.635688553347,0.679468154647,0.721642989445,0.79350687729,1.),
  .UNSPECIFIED.);
#3154 = CARTESIAN_POINT('',(6.28318530718,8.000000160035));
#3155 = CARTESIAN_POINT('',(6.242305083407,7.999226601919));
#3156 = CARTESIAN_POINT('',(6.201424227878,7.997998105134));
#3157 = CARTESIAN_POINT('',(6.160543761191,7.996537990022));
#3158 = CARTESIAN_POINT('',(6.119663566147,7.995077450364));
#3159 = CARTESIAN_POINT('',(6.078783140358,7.993839269498));
#3160 = CARTESIAN_POINT('',(6.037902349633,7.993023833589));
#3161 = CARTESIAN_POINT('',(5.946128252405,7.992515595007));
#3162 = CARTESIAN_POINT('',(5.8952325824,7.993146746258));
#3163 = CARTESIAN_POINT('',(5.844338219599,7.995012030409));
#3164 = CARTESIAN_POINT('',(5.793444811605,7.998351885847));
#3165 = CARTESIAN_POINT('',(5.742550849011,8.003293252691));
#3166 = CARTESIAN_POINT('',(5.691655897173,8.009838529121));
#3167 = CARTESIAN_POINT('',(5.620748101731,8.021037293759));
#3168 = CARTESIAN_POINT('',(5.600733411879,8.024427867449));
#3169 = CARTESIAN_POINT('',(5.580718827434,8.028153986824));
#3170 = CARTESIAN_POINT('',(5.560704390949,8.032300845018));
#3171 = CARTESIAN_POINT('',(5.540690129484,8.03693335361));
#3172 = CARTESIAN_POINT('',(5.520676076666,8.042096647584));
#3173 = CARTESIAN_POINT('',(5.491674143808,8.050385405553));
#3174 = CARTESIAN_POINT('',(5.482686043801,8.053066515302));
#3175 = CARTESIAN_POINT('',(5.473697997671,8.05586225136));
#3176 = CARTESIAN_POINT('',(5.464710007973,8.058774216017));
#3177 = CARTESIAN_POINT('',(5.455722076878,8.061803282037));
#3178 = CARTESIAN_POINT('',(5.446734206173,8.06494959265));
#3179 = CARTESIAN_POINT('',(5.428890409366,8.07142767365));
#3180 = CARTESIAN_POINT('',(5.420034481057,8.074756065899));
#3181 = CARTESIAN_POINT('',(5.411178612191,8.078196297625));
#3182 = CARTESIAN_POINT('',(5.402322811913,8.081751256258));
#3183 = CARTESIAN_POINT('',(5.393467085845,8.085421881609));
#3184 = CARTESIAN_POINT('',(5.384611434413,8.08920620789));
#3185 = CARTESIAN_POINT('',(5.369639399279,8.095795702057));
#3186 = CARTESIAN_POINT('',(5.363522973734,8.098541601678));
#3187 = CARTESIAN_POINT('',(5.357406586491,8.101340977726));
#3188 = CARTESIAN_POINT('',(5.351290238105,8.104193216435));
#3189 = CARTESIAN_POINT('',(5.345173928891,8.107097534913));
#3190 = CARTESIAN_POINT('',(5.339057658923,8.110052981139));
#3191 = CARTESIAN_POINT('',(5.326034272538,8.116452538986));
#3192 = CARTESIAN_POINT('',(5.319127166848,8.119910432534));
#3193 = CARTESIAN_POINT('',(5.312220110701,8.123430494923));
#3194 = CARTESIAN_POINT('',(5.305313103477,8.127010872514));
#3195 = CARTESIAN_POINT('',(5.298406144196,8.130649477724));
#3196 = CARTESIAN_POINT('',(5.291499231518,8.134343989021));
#3197 = CARTESIAN_POINT('',(5.274769630317,8.143421944037));
#3198 = CARTESIAN_POINT('',(5.264946986269,8.148859466946));
#3199 = CARTESIAN_POINT('',(5.255124431527,8.154399348976));
#3200 = CARTESIAN_POINT('',(5.245301953889,8.160030112476));
#3201 = CARTESIAN_POINT('',(5.235479545348,8.165742784438));
#3202 = CARTESIAN_POINT('',(5.225657205447,8.171532338687));
#3203 = CARTESIAN_POINT('',(5.206372699013,8.183036221516));
#3204 = CARTESIAN_POINT('',(5.196910526736,8.188745360613));
#3205 = CARTESIAN_POINT('',(5.187448410177,8.194512128009));
#3206 = CARTESIAN_POINT('',(5.177986343286,8.200328778823));
#3207 = CARTESIAN_POINT('',(5.16852431863,8.206186781239));
#3208 = CARTESIAN_POINT('',(5.159062327398,8.212076816501));
#3209 = CARTESIAN_POINT('',(5.133477621509,8.228062478225));
#3210 = CARTESIAN_POINT('',(5.117354948158,8.238200025634));
#3211 = CARTESIAN_POINT('',(5.101232295854,8.248352126465));
#3212 = CARTESIAN_POINT('',(5.085109607652,8.258464434254));
#3213 = CARTESIAN_POINT('',(5.068986821795,8.268479257119));
#3214 = CARTESIAN_POINT('',(5.052863880353,8.278337264113));
#3215 = CARTESIAN_POINT('',(4.990412628732,8.315684229171));
#3216 = CARTESIAN_POINT('',(4.944081388026,8.341604972665));
#3217 = CARTESIAN_POINT('',(4.897748127075,8.364435421316));
#3218 = CARTESIAN_POINT('',(4.851412081793,8.38272533406));
#3219 = CARTESIAN_POINT('',(4.805072567966,8.395306404157));
#3220 = CARTESIAN_POINT('',(4.758730209759,8.401596907537));
#3221 = CARTESIAN_POINT('',(4.71238896103,8.401596905285));
#3222 = ( GEOMETRIC_REPRESENTATION_CONTEXT(2) 
PARAMETRIC_REPRESENTATION_CONTEXT() REPRESENTATION_CONTEXT('2D SPACE',''
  ) );
#3223 = PCURVE('',#2909,#3224);
#3224 = DEFINITIONAL_REPRESENTATION('',(#3225),#3294);
#3225 = B_SPLINE_CURVE_WITH_KNOTS('',7,(#3226,#3227,#3228,#3229,#3230,
    #3231,#3232,#3233,#3234,#3235,#3236,#3237,#3238,#3239,#3240,#3241,
    #3242,#3243,#3244,#3245,#3246,#3247,#3248,#3249,#3250,#3251,#3252,
    #3253,#3254,#3255,#3256,#3257,#3258,#3259,#3260,#3261,#3262,#3263,
    #3264,#3265,#3266,#3267,#3268,#3269,#3270,#3271,#3272,#3273,#3274,
    #3275,#3276,#3277,#3278,#3279,#3280,#3281,#3282,#3283,#3284,#3285,
    #3286,#3287,#3288,#3289,#3290,#3291,#3292,#3293),.UNSPECIFIED.,.F.,
  .F.,(8,6,6,6,6,6,6,6,6,6,6,8),(0.,0.182160042427,0.408940923237,
    0.498127011109,0.538180311552,0.577646164382,0.604904869761,
    0.635688553347,0.679468154647,0.721642989445,0.79350687729,1.),
  .UNSPECIFIED.);
#3226 = CARTESIAN_POINT('',(219.13273909364,-31.));
#3227 = CARTESIAN_POINT('',(217.8654572195,-31.));
#3228 = CARTESIAN_POINT('',(216.59815611088,-30.9395585245));
#3229 = CARTESIAN_POINT('',(215.33432670172,-30.81867224338));
#3230 = CARTESIAN_POINT('',(214.07742349029,-30.63759426716));
#3231 = CARTESIAN_POINT('',(212.83086641728,-30.39681749786));
#3232 = CARTESIAN_POINT('',(211.59804041778,-30.09707443716));
#3233 = CARTESIAN_POINT('',(208.86874254748,-29.29400726532));
#3234 = CARTESIAN_POINT('',(207.38158116647,-28.75877660911));
#3235 = CARTESIAN_POINT('',(205.92730732288,-28.13556205943));
#3236 = CARTESIAN_POINT('',(204.51213634467,-27.42683486817));
#3237 = CARTESIAN_POINT('',(203.14202593003,-26.63558059518));
#3238 = CARTESIAN_POINT('',(201.82267436415,-25.76529724017));
#3239 = CARTESIAN_POINT('',(200.06271916802,-24.44830977679));
#3240 = CARTESIAN_POINT('',(199.57462773302,-24.0649723958));
#3241 = CARTESIAN_POINT('',(199.09554135006,-23.67028055403));
#3242 = CARTESIAN_POINT('',(198.6257753954,-23.26448991089));
#3243 = CARTESIAN_POINT('',(198.16563607095,-22.84786693434));
#3244 = CARTESIAN_POINT('',(197.71542041728,-22.42068887313));
#3245 = CARTESIAN_POINT('',(197.07781133617,-21.78678795677));
#3246 = CARTESIAN_POINT('',(196.88226581855,-21.58826134277));
#3247 = CARTESIAN_POINT('',(196.68880579934,-21.38768992819));
#3248 = CARTESIAN_POINT('',(196.49745688503,-21.1851001438));
#3249 = CARTESIAN_POINT('',(196.30824426295,-20.98051881009));
#3250 = CARTESIAN_POINT('',(196.12119270129,-20.77397313729));
#3251 = CARTESIAN_POINT('',(195.75417176353,-20.36006605138));
#3252 = CARTESIAN_POINT('',(195.57413873875,-20.15276101871));
#3253 = CARTESIAN_POINT('',(195.39625087665,-19.94360198225));
#3254 = CARTESIAN_POINT('',(195.22053057114,-19.73261588013));
#3255 = CARTESIAN_POINT('',(195.04699994381,-19.51982992599));
#3256 = CARTESIAN_POINT('',(194.87568096155,-19.30527155942));
#3257 = CARTESIAN_POINT('',(194.58980875695,-18.93957020727));
#3258 = CARTESIAN_POINT('',(194.47408782398,-18.7893395118));
#3259 = CARTESIAN_POINT('',(194.35943918784,-18.63828573747));
#3260 = CARTESIAN_POINT('',(194.24586980539,-18.48641812121));
#3261 = CARTESIAN_POINT('',(194.13338653952,-18.33374596792));
#3262 = CARTESIAN_POINT('',(194.02199615922,-18.18027865046));
#3263 = CARTESIAN_POINT('',(193.78715218684,-17.85182523094));
#3264 = CARTESIAN_POINT('',(193.66400136091,-17.67662277331));
#3265 = CARTESIAN_POINT('',(193.54226247597,-17.50043183455));
#3266 = CARTESIAN_POINT('',(193.42194498885,-17.32326611476));
#3267 = CARTESIAN_POINT('',(193.30305819902,-17.14513941635));
#3268 = CARTESIAN_POINT('',(193.18561124861,-16.96606564403));
#3269 = CARTESIAN_POINT('',(192.90464418024,-16.53005865371));
#3270 = CARTESIAN_POINT('',(192.74260563291,-16.27217127311));
#3271 = CARTESIAN_POINT('',(192.5835230372,-16.01243707052));
#3272 = CARTESIAN_POINT('',(192.42742201664,-15.75089657004));
#3273 = CARTESIAN_POINT('',(192.2743270974,-15.48759082504));
#3274 = CARTESIAN_POINT('',(192.12426152721,-15.22256149404));
#3275 = CARTESIAN_POINT('',(191.83562348964,-14.69891610781));
#3276 = CARTESIAN_POINT('',(191.69683138461,-14.44042103722));
#3277 = CARTESIAN_POINT('',(191.56089217717,-14.18040286939));
#3278 = CARTESIAN_POINT('',(191.42782573919,-13.91889938086));
#3279 = CARTESIAN_POINT('',(191.29765139925,-13.65594862335));
#3280 = CARTESIAN_POINT('',(191.17038794267,-13.39158892383));
#3281 = CARTESIAN_POINT('',(190.83419389754,-12.67306769175));
#3282 = CARTESIAN_POINT('',(190.63083870601,-12.21629767646));
#3283 = CARTESIAN_POINT('',(190.43607828497,-11.75573992699));
#3284 = CARTESIAN_POINT('',(190.2499981353,-11.29158759555));
#3285 = CARTESIAN_POINT('',(190.07267888146,-10.82403595347));
#3286 = CARTESIAN_POINT('',(189.90419614212,-10.35328244665));
#3287 = CARTESIAN_POINT('',(189.28609673799,-8.518240909839));
#3288 = CARTESIAN_POINT('',(188.90109835862,-7.13212462103));
#3289 = CARTESIAN_POINT('',(188.59129844115,-5.72597669364));
#3290 = CARTESIAN_POINT('',(188.35801130516,-4.304677204684));
#3291 = CARTESIAN_POINT('',(188.20216439451,-2.873191215275));
#3292 = CARTESIAN_POINT('',(188.12424421017,-1.436578110605));
#3293 = CARTESIAN_POINT('',(188.12424423807,5.999999999062E-07));
#3294 = ( GEOMETRIC_REPRESENTATION_CONTEXT(2) 
PARAMETRIC_REPRESENTATION_CONTEXT() REPRESENTATION_CONTEXT('2D SPACE',''
  ) );
#3295 = ORIENTED_EDGE('',*,*,#3296,.F.);
#3296 = EDGE_CURVE('',#2824,#3079,#3297,.T.);
#3297 = SURFACE_CURVE('',#3298,(#3420,#3545),.PCURVE_S1.);
#3298 = B_SPLINE_CURVE_WITH_KNOTS('',8,(#3299,#3300,#3301,#3302,#3303,
    #3304,#3305,#3306,#3307,#3308,#3309,#3310,#3311,#3312,#3313,#3314,
    #3315,#3316,#3317,#3318,#3319,#3320,#3321,#3322,#3323,#3324,#3325,
    #3326,#3327,#3328,#3329,#3330,#3331,#3332,#3333,#3334,#3335,#3336,
    #3337,#3338,#3339,#3340,#3341,#3342,#3343,#3344,#3345,#3346,#3347,
    #3348,#3349,#3350,#3351,#3352,#3353,#3354,#3355,#3356,#3357,#3358,
    #3359,#3360,#3361,#3362,#3363,#3364,#3365,#3366,#3367,#3368,#3369,
    #3370,#3371,#3372,#3373,#3374,#3375,#3376,#3377,#3378,#3379,#3380,
    #3381,#3382,#3383,#3384,#3385,#3386,#3387,#3388,#3389,#3390,#3391,
    #3392,#3393,#3394,#3395,#3396,#3397,#3398,#3399,#3400,#3401,#3402,
    #3403,#3404,#3405,#3406,#3407,#3408,#3409,#3410,#3411,#3412,#3413,
    #3414,#3415,#3416,#3417,#3418,#3419),.UNSPECIFIED.,.F.,.F.,(9,7,7,7,
    7,7,7,7,7,7,7,7,7,7,7,7,7,9),(0.,7.87143059214E-02,0.119808343024,
    0.163164339444,0.438599723776,0.473632696935,0.508580358449,
    0.588279938894,0.702446821107,0.747345216212,0.767508999057,
    0.787377046819,0.801099726593,0.816596964127,0.838636655335,
    0.859868468967,0.896046457118,1.),.UNSPECIFIED.);
#3299 = CARTESIAN_POINT('',(5.999999999062E-07,31.,38.932770625389));
#3300 = CARTESIAN_POINT('',(-0.965902201477,31.000000018695,
    38.932770625506));
#3301 = CARTESIAN_POINT('',(-1.931811609388,30.965604893959,
    38.93255460558));
#3302 = CARTESIAN_POINT('',(-2.896288990585,30.896813812475,
    38.932122538933));
#3303 = CARTESIAN_POINT('',(-3.857904740584,30.793699096377,
    38.931481510451));
#3304 = CARTESIAN_POINT('',(-4.815238021279,30.656403482688,
    38.930645602267));
#3305 = CARTESIAN_POINT('',(-5.766876722712,30.485139206462,
    38.92963481466));
#3306 = CARTESIAN_POINT('',(-6.711417648886,30.280188887626,
    38.928473022189));
#3307 = CARTESIAN_POINT('',(-8.136146124397,29.917510065196,
    38.926512514619));
#3308 = CARTESIAN_POINT('',(-8.6225129015,29.784027119667,
    38.925805523836));
#3309 = CARTESIAN_POINT('',(-9.106369870935,29.641509646606,
    38.92506776329));
#3310 = CARTESIAN_POINT('',(-9.587521280788,29.490012941453,
    38.924302829911));
#3311 = CARTESIAN_POINT('',(-10.06577301524,29.329597333431,
    38.923514146961));
#3312 = CARTESIAN_POINT('',(-10.54093259457,29.16032818554,
    38.922704964036));
#3313 = CARTESIAN_POINT('',(-11.01280917515,28.982275894559,
    38.921878357059));
#3314 = CARTESIAN_POINT('',(-11.97540053638,28.598475964706,
    38.920149800855));
#3315 = CARTESIAN_POINT('',(-12.46572313561,28.391743115349,
    38.919245963172));
#3316 = CARTESIAN_POINT('',(-12.95195909487,28.175405935007,
    38.918329670395));
#3317 = CARTESIAN_POINT('',(-13.43388901751,27.949558994694,
    38.917401407167));
#3318 = CARTESIAN_POINT('',(-13.91129634886,27.714302764907,
    38.916463166379));
#3319 = CARTESIAN_POINT('',(-14.38396737165,27.469743588832,
    38.91552001639));
#3320 = CARTESIAN_POINT('',(-14.85169121045,27.215993708244,
    38.914578256707));
#3321 = CARTESIAN_POINT('',(-18.25290225174,25.28349274154,
    38.907680561142));
#3322 = CARTESIAN_POINT('',(-20.98611545768,23.246161784533,
    38.901881766944));
#3323 = CARTESIAN_POINT('',(-23.45575239201,20.872716479339,
    38.897306159405));
#3324 = CARTESIAN_POINT('',(-25.61528515179,18.204249037946,
    38.894900559815));
#3325 = CARTESIAN_POINT('',(-27.42528807335,15.287233340297,
    38.895002955979));
#3326 = CARTESIAN_POINT('',(-28.85472648005,12.174186853023,
    38.896933414189));
#3327 = CARTESIAN_POINT('',(-29.87987446681,8.922668715059,
    38.899251372347));
#3328 = CARTESIAN_POINT('',(-30.56785798015,5.175985093429,
    38.900520975701));
#3329 = CARTESIAN_POINT('',(-30.63855745437,4.753248461569,
    38.900644550148));
#3330 = CARTESIAN_POINT('',(-30.70239752643,4.330547138359,
    38.900745431846));
#3331 = CARTESIAN_POINT('',(-30.7594409184,3.907880552431,
    38.900820616459));
#3332 = CARTESIAN_POINT('',(-30.80974096386,3.485248131688,
    38.900867101558));
#3333 = CARTESIAN_POINT('',(-30.8533420683,3.062649368935,
    38.900881886581));
#3334 = CARTESIAN_POINT('',(-30.89028016954,2.640083887508,
    38.900861972786));
#3335 = CARTESIAN_POINT('',(-30.95081243339,1.796048069293,
    38.900746893934));
#3336 = CARTESIAN_POINT('',(-30.97447502876,1.37407298478,
    38.900652033165));
#3337 = CARTESIAN_POINT('',(-30.9915623397,0.951746261831,
    38.900516236446));
#3338 = CARTESIAN_POINT('',(-31.00206840546,0.529187741316,
    38.900333591966));
#3339 = CARTESIAN_POINT('',(-31.00598990199,0.106517198911,
    38.900118123313));
#3340 = CARTESIAN_POINT('',(-31.00332611561,-0.31614579928,
    38.899825497395));
#3341 = CARTESIAN_POINT('',(-30.99407892195,-0.738681760242,
    38.899503087001));
#3342 = CARTESIAN_POINT('',(-30.94216062391,-2.124020134777,
    38.89832910898));
#3343 = CARTESIAN_POINT('',(-30.87185202802,-3.085793221919,
    38.897338638928));
#3344 = CARTESIAN_POINT('',(-30.76737969213,-4.044862779063,
    38.896266428444));
#3345 = CARTESIAN_POINT('',(-30.6288683863,-4.999812488533,
    38.89520559044));
#3346 = CARTESIAN_POINT('',(-30.45651231905,-5.949237185384,
    38.894246771213));
#3347 = CARTESIAN_POINT('',(-30.25057427284,-6.891742790409,
    38.893475464173));
#3348 = CARTESIAN_POINT('',(-30.01138651035,-7.825946536544,
    38.892969604114));
#3349 = CARTESIAN_POINT('',(-29.34967553861,-10.07483598248,
    38.892550825888));
#3350 = CARTESIAN_POINT('',(-28.89258427317,-11.37940135202,
    38.892988958445));
#3351 = CARTESIAN_POINT('',(-28.36926751556,-12.66011150206,
    38.894312548852));
#3352 = CARTESIAN_POINT('',(-27.7811984638,-13.913046159,38.896681958128
    ));
#3353 = CARTESIAN_POINT('',(-27.1301145158,-15.13441719336,
    38.900204898414));
#3354 = CARTESIAN_POINT('',(-26.41800975643,-16.32056584393,
    38.904929571799));
#3355 = CARTESIAN_POINT('',(-25.64714106936,-17.46796684361,
    38.910843248744));
#3356 = CARTESIAN_POINT('',(-24.4947770389,-19.00790986141,
    38.920642167802));
#3357 = CARTESIAN_POINT('',(-24.16080674105,-19.43606959377,
    38.923580224026));
#3358 = CARTESIAN_POINT('',(-23.81828999469,-19.85751430688,
    38.926756692058));
#3359 = CARTESIAN_POINT('',(-23.46738523246,-20.27204445136,
    38.930227415921));
#3360 = CARTESIAN_POINT('',(-23.10825629468,-20.67946525793,
    38.93403803574));
#3361 = CARTESIAN_POINT('',(-22.74107241904,-21.07958672985,
    38.938224177103));
#3362 = CARTESIAN_POINT('',(-22.36600823013,-21.47222363542,
    38.942811640422));
#3363 = CARTESIAN_POINT('',(-21.81134492831,-22.03008562422,
    38.950064303646));
#3364 = CARTESIAN_POINT('',(-21.63789299627,-22.20142985865,
    38.952396237865));
#3365 = CARTESIAN_POINT('',(-21.46290420866,-22.37121188878,
    38.954813850338));
#3366 = CARTESIAN_POINT('',(-21.286395036,-22.53941561618,
    38.957318233689));
#3367 = CARTESIAN_POINT('',(-21.10838214366,-22.70602515899,
    38.959910115775));
#3368 = CARTESIAN_POINT('',(-20.92888239189,-22.87102485187,
    38.96258985969));
#3369 = CARTESIAN_POINT('',(-20.7479128358,-23.03439924605,
    38.965357463763));
#3370 = CARTESIAN_POINT('',(-20.38574413563,-23.35549487908,
    38.971025784639));
#3371 = CARTESIAN_POINT('',(-20.20458727688,-23.51326389652,
    38.973923967837));
#3372 = CARTESIAN_POINT('',(-20.02203662092,-23.6694256124,
    38.976906210728));
#3373 = CARTESIAN_POINT('',(-19.83810893119,-23.82396559094,
    38.979973776941));
#3374 = CARTESIAN_POINT('',(-19.65282114733,-23.97686961084,
    38.983127740764));
#3375 = CARTESIAN_POINT('',(-19.46619033435,-24.12812370893,
    38.986367963179));
#3376 = CARTESIAN_POINT('',(-19.27823369635,-24.27771416629,
    38.989693397341));
#3377 = CARTESIAN_POINT('',(-18.95824501322,-24.52778978698,
    38.995459204737));
#3378 = CARTESIAN_POINT('',(-18.82689718567,-24.62915203395,
    38.997855126773));
#3379 = CARTESIAN_POINT('',(-18.69493090284,-24.72970972361,
    39.000291211708));
#3380 = CARTESIAN_POINT('',(-18.56235192934,-24.82945845392,
    39.002767097081));
#3381 = CARTESIAN_POINT('',(-18.42916606372,-24.9283938751,
    39.005282335864));
#3382 = CARTESIAN_POINT('',(-18.29537913855,-25.02651168966,
    39.00783639647));
#3383 = CARTESIAN_POINT('',(-18.16099702036,-25.12380765236,
    39.010428662742));
#3384 = CARTESIAN_POINT('',(-17.87360027827,-25.32922256179,
    39.016028275858));
#3385 = CARTESIAN_POINT('',(-17.72042338772,-25.43711405499,
    39.019045959147));
#3386 = CARTESIAN_POINT('',(-17.56650343659,-25.54394601081,
    39.022110471527));
#3387 = CARTESIAN_POINT('',(-17.41184897466,-25.6497124765,
    39.025220683718));
#3388 = CARTESIAN_POINT('',(-17.25646860286,-25.75440758555,
    39.028375349467));
#3389 = CARTESIAN_POINT('',(-17.10037097327,-25.85802555771,
    39.031573105548));
#3390 = CARTESIAN_POINT('',(-16.94356478913,-25.96056069896,
    39.034812471758));
#3391 = CARTESIAN_POINT('',(-16.5620586726,-26.20628175981,
    39.042755682398));
#3392 = CARTESIAN_POINT('',(-16.33664311826,-26.34835469854,
    39.047500086219));
#3393 = CARTESIAN_POINT('',(-16.10983739649,-26.48821004115,
    39.052321893215));
#3394 = CARTESIAN_POINT('',(-15.88166682028,-26.62583205269,
    39.057214730726));
#3395 = CARTESIAN_POINT('',(-15.65215691567,-26.76120534191,
    39.062172364462));
#3396 = CARTESIAN_POINT('',(-15.42133349229,-26.89431481852,39.067190173
    ));
#3397 = CARTESIAN_POINT('',(-15.18922262976,-27.0251457056,
    39.072264754934));
#3398 = CARTESIAN_POINT('',(-14.73103291681,-27.27750987774,
    39.082330652409));
#3399 = CARTESIAN_POINT('',(-14.50504480487,-27.39920819497,
    39.087318075839));
#3400 = CARTESIAN_POINT('',(-14.27790968233,-27.51876570676,
    39.092349590236));
#3401 = CARTESIAN_POINT('',(-14.04965112512,-27.63616988097,
    39.097420453416));
#3402 = CARTESIAN_POINT('',(-13.82029284679,-27.75140850532,
    39.102525529729));
#3403 = CARTESIAN_POINT('',(-13.58985869847,-27.86446968737,
    39.107659290054));
#3404 = CARTESIAN_POINT('',(-13.3583726689,-27.97534185457,
    39.112815811803));
#3405 = CARTESIAN_POINT('',(-12.72966659083,-28.26918543878,
    39.126803265812));
#3406 = CARTESIAN_POINT('',(-12.33049018028,-28.44796877933,
    39.135665638782));
#3407 = CARTESIAN_POINT('',(-11.92844908304,-28.62030806627,
    39.144545088653));
#3408 = CARTESIAN_POINT('',(-11.52366376127,-28.78615029973,
    39.153408280359));
#3409 = CARTESIAN_POINT('',(-11.11625572977,-28.94544518024,
    39.162219992828));
#3410 = CARTESIAN_POINT('',(-10.70634757676,-29.0981450995,
    39.170943758867));
#3411 = CARTESIAN_POINT('',(-10.29406298469,-29.24420513114,
    39.179542505047));
#3412 = CARTESIAN_POINT('',(-8.688401639979,-29.78407034079,
    39.212221099473));
#3413 = CARTESIAN_POINT('',(-7.478653693228,-30.12939827735,
    39.235124786792));
#3414 = CARTESIAN_POINT('',(-6.253282166415,-30.41854603138,
    39.255874003072));
#3415 = CARTESIAN_POINT('',(-5.015326949162,-30.65070003757,
    39.273580377688));
#3416 = CARTESIAN_POINT('',(-3.767869958652,-30.82524219452,
    39.287443235347));
#3417 = CARTESIAN_POINT('',(-2.514037939111,-30.94174879123,
    39.296879030002));
#3418 = CARTESIAN_POINT('',(-1.257005771778,-31.00000002432,
    39.301596907256));
#3419 = CARTESIAN_POINT('',(5.999999999062E-07,-31.,39.301596905285));
#3420 = PCURVE('',#595,#3421);
#3421 = DEFINITIONAL_REPRESENTATION('',(#3422),#3544);
#3422 = B_SPLINE_CURVE_WITH_KNOTS('',8,(#3423,#3424,#3425,#3426,#3427,
    #3428,#3429,#3430,#3431,#3432,#3433,#3434,#3435,#3436,#3437,#3438,
    #3439,#3440,#3441,#3442,#3443,#3444,#3445,#3446,#3447,#3448,#3449,
    #3450,#3451,#3452,#3453,#3454,#3455,#3456,#3457,#3458,#3459,#3460,
    #3461,#3462,#3463,#3464,#3465,#3466,#3467,#3468,#3469,#3470,#3471,
    #3472,#3473,#3474,#3475,#3476,#3477,#3478,#3479,#3480,#3481,#3482,
    #3483,#3484,#3485,#3486,#3487,#3488,#3489,#3490,#3491,#3492,#3493,
    #3494,#3495,#3496,#3497,#3498,#3499,#3500,#3501,#3502,#3503,#3504,
    #3505,#3506,#3507,#3508,#3509,#3510,#3511,#3512,#3513,#3514,#3515,
    #3516,#3517,#3518,#3519,#3520,#3521,#3522,#3523,#3524,#3525,#3526,
    #3527,#3528,#3529,#3530,#3531,#3532,#3533,#3534,#3535,#3536,#3537,
    #3538,#3539,#3540,#3541,#3542,#3543),.UNSPECIFIED.,.F.,.F.,(9,7,7,7,
    7,7,7,7,7,7,7,7,7,7,7,7,7,9),(0.,7.87143059214E-02,0.119808343024,
    0.163164339444,0.438599723776,0.473632696935,0.508580358449,
    0.588279938894,0.702446821107,0.747345216212,0.767508999057,
    0.787377046819,0.801099726593,0.816596964127,0.838636655335,
    0.859868468967,0.896046457118,1.),.UNSPECIFIED.);
#3423 = CARTESIAN_POINT('',(1.57079630744,8.032770625389));
#3424 = CARTESIAN_POINT('',(1.601954462326,8.032770625506));
#3425 = CARTESIAN_POINT('',(1.633112829501,8.03255460558));
#3426 = CARTESIAN_POINT('',(1.664271099288,8.032122538933));
#3427 = CARTESIAN_POINT('',(1.695429245946,8.031481510451));
#3428 = CARTESIAN_POINT('',(1.726587385989,8.030645602267));
#3429 = CARTESIAN_POINT('',(1.757745636508,8.02963481466));
#3430 = CARTESIAN_POINT('',(1.788903973476,8.028473022189));
#3431 = CARTESIAN_POINT('',(1.836328673166,8.026512514619));
#3432 = CARTESIAN_POINT('',(1.852595257105,8.025805523836));
#3433 = CARTESIAN_POINT('',(1.868861841163,8.02506776329));
#3434 = CARTESIAN_POINT('',(1.885128424612,8.024302829911));
#3435 = CARTESIAN_POINT('',(1.901395006709,8.023514146961));
#3436 = CARTESIAN_POINT('',(1.917661586698,8.022704964036));
#3437 = CARTESIAN_POINT('',(1.93392816381,8.021878357059));
#3438 = CARTESIAN_POINT('',(1.967356679725,8.020149800855));
#3439 = CARTESIAN_POINT('',(1.984518632042,8.019245963172));
#3440 = CARTESIAN_POINT('',(2.001680578726,8.018329670395));
#3441 = CARTESIAN_POINT('',(2.018842518304,8.017401407167));
#3442 = CARTESIAN_POINT('',(2.036004456759,8.016463166379));
#3443 = CARTESIAN_POINT('',(2.053166400498,8.01552001639));
#3444 = CARTESIAN_POINT('',(2.070328348847,8.014578256707));
#3445 = CARTESIAN_POINT('',(2.196517990805,8.007680561142));
#3446 = CARTESIAN_POINT('',(2.30564266645,8.001881766944));
#3447 = CARTESIAN_POINT('',(2.414707188404,7.997306159405));
#3448 = CARTESIAN_POINT('',(2.523735565502,7.994900559815));
#3449 = CARTESIAN_POINT('',(2.632767331104,7.995002955979));
#3450 = CARTESIAN_POINT('',(2.74184029632,7.996933414189));
#3451 = CARTESIAN_POINT('',(2.850975411201,7.999251372347));
#3452 = CARTESIAN_POINT('',(2.973856873482,8.000520975701));
#3453 = CARTESIAN_POINT('',(2.987681187054,8.000644550148));
#3454 = CARTESIAN_POINT('',(3.001468478862,8.000745431846));
#3455 = CARTESIAN_POINT('',(3.015223093915,8.000820616459));
#3456 = CARTESIAN_POINT('',(3.028949246046,8.000867101558));
#3457 = CARTESIAN_POINT('',(3.042651041233,8.000881886581));
#3458 = CARTESIAN_POINT('',(3.056332500929,8.000861972786));
#3459 = CARTESIAN_POINT('',(3.083629392867,8.000746893934));
#3460 = CARTESIAN_POINT('',(3.097261222973,8.000652033165));
#3461 = CARTESIAN_POINT('',(3.110893054459,8.000516236446));
#3462 = CARTESIAN_POINT('',(3.124524877725,8.000333591966));
#3463 = CARTESIAN_POINT('',(3.138156688987,8.000118123313));
#3464 = CARTESIAN_POINT('',(3.1517884926,7.999825497395));
#3465 = CARTESIAN_POINT('',(3.165420294406,7.999503087001));
#3466 = CARTESIAN_POINT('',(3.210140000976,7.99832910898));
#3467 = CARTESIAN_POINT('',(3.241228112631,7.997338638928));
#3468 = CARTESIAN_POINT('',(3.272316133538,7.996266428444));
#3469 = CARTESIAN_POINT('',(3.303404036799,7.99520559044));
#3470 = CARTESIAN_POINT('',(3.334491932333,7.994246771213));
#3471 = CARTESIAN_POINT('',(3.365579926699,7.993475464173));
#3472 = CARTESIAN_POINT('',(3.396667982687,7.992969604114));
#3473 = CARTESIAN_POINT('',(3.47228796715,7.992550825888));
#3474 = CARTESIAN_POINT('',(3.516821460868,7.992988958445));
#3475 = CARTESIAN_POINT('',(3.56135435512,7.994312548852));
#3476 = CARTESIAN_POINT('',(3.605886445167,7.996681958128));
#3477 = CARTESIAN_POINT('',(3.650418385137,8.000204898414));
#3478 = CARTESIAN_POINT('',(3.694950849718,8.004929571799));
#3479 = CARTESIAN_POINT('',(3.739483698633,8.010843248744));
#3480 = CARTESIAN_POINT('',(3.801528019645,8.020642167802));
#3481 = CARTESIAN_POINT('',(3.819040876427,8.023580224026));
#3482 = CARTESIAN_POINT('',(3.836553664168,8.026756692058));
#3483 = CARTESIAN_POINT('',(3.854066351578,8.030227415921));
#3484 = CARTESIAN_POINT('',(3.87157891787,8.03403803574));
#3485 = CARTESIAN_POINT('',(3.88909134449,8.038224177103));
#3486 = CARTESIAN_POINT('',(3.906603606843,8.042811640422));
#3487 = CARTESIAN_POINT('',(3.931980298094,8.050064303646));
#3488 = CARTESIAN_POINT('',(3.939844891967,8.052396237865));
#3489 = CARTESIAN_POINT('',(3.9477094458,8.054813850338));
#3490 = CARTESIAN_POINT('',(3.955573957947,8.057318233689));
#3491 = CARTESIAN_POINT('',(3.963438426957,8.059910115775));
#3492 = CARTESIAN_POINT('',(3.971302851567,8.06258985969));
#3493 = CARTESIAN_POINT('',(3.979167230711,8.065357463763));
#3494 = CARTESIAN_POINT('',(3.994780552917,8.071025784639));
#3495 = CARTESIAN_POINT('',(4.002529497635,8.073923967837));
#3496 = CARTESIAN_POINT('',(4.010278397754,8.076906210728));
#3497 = CARTESIAN_POINT('',(4.018027248718,8.079973776941));
#3498 = CARTESIAN_POINT('',(4.025776046132,8.083127740764));
#3499 = CARTESIAN_POINT('',(4.033524787783,8.086367963179));
#3500 = CARTESIAN_POINT('',(4.041273472867,8.089693397341));
#3501 = CARTESIAN_POINT('',(4.054374003609,8.095459204737));
#3502 = CARTESIAN_POINT('',(4.059725880649,8.097855126773));
#3503 = CARTESIAN_POINT('',(4.065077729062,8.100291211708));
#3504 = CARTESIAN_POINT('',(4.070429548471,8.102767097081));
#3505 = CARTESIAN_POINT('',(4.075781338619,8.105282335864));
#3506 = CARTESIAN_POINT('',(4.08113309937,8.10783639647));
#3507 = CARTESIAN_POINT('',(4.086484830708,8.110428662742));
#3508 = CARTESIAN_POINT('',(4.097880293795,8.116028275858));
#3509 = CARTESIAN_POINT('',(4.103924017499,8.119045959147));
#3510 = CARTESIAN_POINT('',(4.109967704013,8.122110471527));
#3511 = CARTESIAN_POINT('',(4.116011353681,8.125220683718));
#3512 = CARTESIAN_POINT('',(4.122054967023,8.128375349467));
#3513 = CARTESIAN_POINT('',(4.128098544743,8.131573105548));
#3514 = CARTESIAN_POINT('',(4.134142087724,8.134812471758));
#3515 = CARTESIAN_POINT('',(4.148780488775,8.142755682398));
#3516 = CARTESIAN_POINT('',(4.157375313488,8.147500086219));
#3517 = CARTESIAN_POINT('',(4.165970071214,8.152321893215));
#3518 = CARTESIAN_POINT('',(4.174564768061,8.157214730726));
#3519 = CARTESIAN_POINT('',(4.183159410083,8.162172364462));
#3520 = CARTESIAN_POINT('',(4.191754000397,8.167190173));
#3521 = CARTESIAN_POINT('',(4.200348539544,8.172264754934));
#3522 = CARTESIAN_POINT('',(4.217222482673,8.182330652409));
#3523 = CARTESIAN_POINT('',(4.225501890964,8.187318075839));
#3524 = CARTESIAN_POINT('',(4.233781256882,8.192349590236));
#3525 = CARTESIAN_POINT('',(4.242060584038,8.197420453416));
#3526 = CARTESIAN_POINT('',(4.25033987673,8.202525529729));
#3527 = CARTESIAN_POINT('',(4.258619139948,8.207659290054));
#3528 = CARTESIAN_POINT('',(4.266898379371,8.212815811803));
#3529 = CARTESIAN_POINT('',(4.289284997024,8.226803265812));
#3530 = CARTESIAN_POINT('',(4.303392344273,8.235665638782));
#3531 = CARTESIAN_POINT('',(4.317499670301,8.244545088653));
#3532 = CARTESIAN_POINT('',(4.331607009016,8.253408280359));
#3533 = CARTESIAN_POINT('',(4.345714397814,8.262219992828));
#3534 = CARTESIAN_POINT('',(4.359821874335,8.270943758867));
#3535 = CARTESIAN_POINT('',(4.373929473226,8.279542505047));
#3536 = CARTESIAN_POINT('',(4.428574318395,8.312221099473));
#3537 = CARTESIAN_POINT('',(4.469113762567,8.335124786792));
#3538 = CARTESIAN_POINT('',(4.509654860838,8.355874003072));
#3539 = CARTESIAN_POINT('',(4.550197856336,8.373580377688));
#3540 = CARTESIAN_POINT('',(4.590743196661,8.387443235347));
#3541 = CARTESIAN_POINT('',(4.631290982355,8.396879030002));
#3542 = CARTESIAN_POINT('',(4.671840407102,8.401596907256));
#3543 = CARTESIAN_POINT('',(4.71238899974,8.401596905285));
#3544 = ( GEOMETRIC_REPRESENTATION_CONTEXT(2) 
PARAMETRIC_REPRESENTATION_CONTEXT() REPRESENTATION_CONTEXT('2D SPACE',''
  ) );
#3545 = PCURVE('',#1533,#3546);
#3546 = DEFINITIONAL_REPRESENTATION('',(#3547),#3669);
#3547 = B_SPLINE_CURVE_WITH_KNOTS('',8,(#3548,#3549,#3550,#3551,#3552,
    #3553,#3554,#3555,#3556,#3557,#3558,#3559,#3560,#3561,#3562,#3563,
    #3564,#3565,#3566,#3567,#3568,#3569,#3570,#3571,#3572,#3573,#3574,
    #3575,#3576,#3577,#3578,#3579,#3580,#3581,#3582,#3583,#3584,#3585,
    #3586,#3587,#3588,#3589,#3590,#3591,#3592,#3593,#3594,#3595,#3596,
    #3597,#3598,#3599,#3600,#3601,#3602,#3603,#3604,#3605,#3606,#3607,
    #3608,#3609,#3610,#3611,#3612,#3613,#3614,#3615,#3616,#3617,#3618,
    #3619,#3620,#3621,#3622,#3623,#3624,#3625,#3626,#3627,#3628,#3629,
    #3630,#3631,#3632,#3633,#3634,#3635,#3636,#3637,#3638,#3639,#3640,
    #3641,#3642,#3643,#3644,#3645,#3646,#3647,#3648,#3649,#3650,#3651,
    #3652,#3653,#3654,#3655,#3656,#3657,#3658,#3659,#3660,#3661,#3662,
    #3663,#3664,#3665,#3666,#3667,#3668),.UNSPECIFIED.,.F.,.F.,(9,7,7,7,
    7,7,7,7,7,7,7,7,7,7,7,7,7,9),(0.,7.87143059214E-02,0.119808343024,
    0.163164339444,0.438599723776,0.473632696935,0.508580358449,
    0.588279938894,0.702446821107,0.747345216212,0.767508999057,
    0.787377046819,0.801099726593,0.816596964127,0.838636655335,
    0.859868468967,0.896046457118,1.),.UNSPECIFIED.);
#3548 = CARTESIAN_POINT('',(250.1327719991,5.999999999062E-07));
#3549 = CARTESIAN_POINT('',(250.13277201779,-0.965902201477));
#3550 = CARTESIAN_POINT('',(250.09837632293,-1.931811609388));
#3551 = CARTESIAN_POINT('',(250.02958410088,-2.896288990585));
#3552 = CARTESIAN_POINT('',(249.92646772352,-3.857904740584));
#3553 = CARTESIAN_POINT('',(249.78917002633,-4.815238021279));
#3554 = CARTESIAN_POINT('',(249.61790337802,-5.766876722712));
#3555 = CARTESIAN_POINT('',(249.41295054172,-6.711417648886));
#3556 = CARTESIAN_POINT('',(249.05026784132,-8.136146124397));
#3557 = CARTESIAN_POINT('',(248.91678355584,-8.6225129015));
#3558 = CARTESIAN_POINT('',(248.77426475249,-9.106369870935));
#3559 = CARTESIAN_POINT('',(248.6227667412,-9.587521280788));
#3560 = CARTESIAN_POINT('',(248.46234986061,-10.06577301524));
#3561 = CARTESIAN_POINT('',(248.29307947814,-10.54093259457));
#3562 = CARTESIAN_POINT('',(248.11502598995,-11.01280917515));
#3563 = CARTESIAN_POINT('',(247.73122366495,-11.97540053638));
#3564 = CARTESIAN_POINT('',(247.52448961787,-12.46572313561));
#3565 = CARTESIAN_POINT('',(247.30815127488,-12.95195909487));
#3566 = CARTESIAN_POINT('',(247.08230315329,-13.43388901751));
#3567 = CARTESIAN_POINT('',(246.84704569296,-13.91129634886));
#3568 = CARTESIAN_POINT('',(246.60248525515,-14.38396737165));
#3569 = CARTESIAN_POINT('',(246.34873411979,-14.85169121045));
#3570 = CARTESIAN_POINT('',(244.41622379583,-18.25290225174));
#3571 = CARTESIAN_POINT('',(242.37888431777,-20.98611545768));
#3572 = CARTESIAN_POINT('',(240.00543119417,-23.45575239201));
#3573 = CARTESIAN_POINT('',(237.33695790741,-25.61528515179));
#3574 = CARTESIAN_POINT('',(234.41993944845,-27.42528807335));
#3575 = CARTESIAN_POINT('',(231.30689395948,-28.85472648005));
#3576 = CARTESIAN_POINT('',(228.05538075029,-29.87987446681));
#3577 = CARTESIAN_POINT('',(224.30870677973,-30.56785798015));
#3578 = CARTESIAN_POINT('',(223.88597129255,-30.63855745437));
#3579 = CARTESIAN_POINT('',(223.46327116888,-30.70239752643));
#3580 = CARTESIAN_POINT('',(223.04060583652,-30.7594409184));
#3581 = CARTESIAN_POINT('',(222.61797472257,-30.80974096386));
#3582 = CARTESIAN_POINT('',(222.19537731901,-30.8533420683));
#3583 = CARTESIAN_POINT('',(221.77281324837,-30.89028016954));
#3584 = CARTESIAN_POINT('',(220.92878034972,-30.95081243339));
#3585 = CARTESIAN_POINT('',(220.50680677526,-30.97447502876));
#3586 = CARTESIAN_POINT('',(220.08448161389,-30.9915623397));
#3587 = CARTESIAN_POINT('',(219.66192470875,-31.00206840546));
#3588 = CARTESIAN_POINT('',(219.23925581429,-31.00598990199));
#3589 = CARTESIAN_POINT('',(218.81659454379,-31.00332611561));
#3590 = CARTESIAN_POINT('',(218.39406033015,-30.99407892195));
#3591 = CARTESIAN_POINT('',(217.00872775876,-30.94216062391));
#3592 = CARTESIAN_POINT('',(216.04695880659,-30.87185202802));
#3593 = CARTESIAN_POINT('',(215.08789332187,-30.76737969213));
#3594 = CARTESIAN_POINT('',(214.13294745972,-30.6288683863));
#3595 = CARTESIAN_POINT('',(213.18352622845,-30.45651231905));
#3596 = CARTESIAN_POINT('',(212.24102356115,-30.25057427284));
#3597 = CARTESIAN_POINT('',(211.30682209336,-30.01138651035));
#3598 = CARTESIAN_POINT('',(209.0579363099,-29.34967553861));
#3599 = CARTESIAN_POINT('',(207.75337151172,-28.89258427317));
#3600 = CARTESIAN_POINT('',(206.47266001422,-28.36926751556));
#3601 = CARTESIAN_POINT('',(205.21972183378,-27.7811984638));
#3602 = CARTESIAN_POINT('',(203.99834493918,-27.1301145158));
#3603 = CARTESIAN_POINT('',(202.81218803856,-26.41800975643));
#3604 = CARTESIAN_POINT('',(201.66477645506,-25.64714106936));
#3605 = CARTESIAN_POINT('',(200.12481565845,-24.4947770389));
#3606 = CARTESIAN_POINT('',(199.69665059177,-24.16080674105));
#3607 = CARTESIAN_POINT('',(199.27519874367,-23.81828999469));
#3608 = CARTESIAN_POINT('',(198.86065837273,-23.46738523246));
#3609 = CARTESIAN_POINT('',(198.45322314873,-23.10825629468));
#3610 = CARTESIAN_POINT('',(198.05308215753,-22.74107241904));
#3611 = CARTESIAN_POINT('',(197.66041990594,-22.36600823013));
#3612 = CARTESIAN_POINT('',(197.10251195997,-21.81134492831));
#3613 = CARTESIAN_POINT('',(196.93115219795,-21.63789299627));
#3614 = CARTESIAN_POINT('',(196.76135330655,-21.46290420866));
#3615 = CARTESIAN_POINT('',(196.59313134219,-21.286395036));
#3616 = CARTESIAN_POINT('',(196.42650215175,-21.10838214366));
#3617 = CARTESIAN_POINT('',(196.26148137253,-20.92888239189));
#3618 = CARTESIAN_POINT('',(196.09808443227,-20.7479128358));
#3619 = CARTESIAN_POINT('',(195.77694111173,-20.38574413563));
#3620 = CARTESIAN_POINT('',(195.61914699495,-20.20458727688));
#3621 = CARTESIAN_POINT('',(195.46295882494,-20.02203662092));
#3622 = CARTESIAN_POINT('',(195.30839072389,-19.83810893119));
#3623 = CARTESIAN_POINT('',(195.15545658589,-19.65282114733));
#3624 = CARTESIAN_POINT('',(195.00417019825,-19.46619033435));
#3625 = CARTESIAN_POINT('',(194.85454520835,-19.27823369635));
#3626 = CARTESIAN_POINT('',(194.60440702933,-18.95824501322));
#3627 = CARTESIAN_POINT('',(194.50301805722,-18.82689718567));
#3628 = CARTESIAN_POINT('',(194.40243242639,-18.69493090284));
#3629 = CARTESIAN_POINT('',(194.30265449661,-18.56235192934));
#3630 = CARTESIAN_POINT('',(194.20368858068,-18.42916606372));
#3631 = CARTESIAN_POINT('',(194.10553894444,-18.29537913855));
#3632 = CARTESIAN_POINT('',(194.00820980677,-18.16099702036));
#3633 = CARTESIAN_POINT('',(193.80272133093,-17.87360027827));
#3634 = CARTESIAN_POINT('',(193.69478906739,-17.72042338772));
#3635 = CARTESIAN_POINT('',(193.58791455782,-17.56650343659));
#3636 = CARTESIAN_POINT('',(193.48210373241,-17.41184897466));
#3637 = CARTESIAN_POINT('',(193.37736244266,-17.25646860286));
#3638 = CARTESIAN_POINT('',(193.27369646142,-17.10037097327));
#3639 = CARTESIAN_POINT('',(193.17111148283,-16.94356478913));
#3640 = CARTESIAN_POINT('',(192.92526529801,-16.5620586726));
#3641 = CARTESIAN_POINT('',(192.78311526974,-16.33664311826));
#3642 = CARTESIAN_POINT('',(192.64317901059,-16.10983739649));
#3643 = CARTESIAN_POINT('',(192.50547252692,-15.88166682028));
#3644 = CARTESIAN_POINT('',(192.37001142192,-15.65215691567));
#3645 = CARTESIAN_POINT('',(192.23681070485,-15.42133349229));
#3646 = CARTESIAN_POINT('',(192.10588484594,-15.18922262976));
#3647 = CARTESIAN_POINT('',(191.85332656307,-14.73103291681));
#3648 = CARTESIAN_POINT('',(191.73152941087,-14.50504480487));
#3649 = CARTESIAN_POINT('',(191.61186937996,-14.27790968233));
#3650 = CARTESIAN_POINT('',(191.49435895818,-14.04965112512));
#3651 = CARTESIAN_POINT('',(191.37901036171,-13.82029284679));
#3652 = CARTESIAN_POINT('',(191.26583553511,-13.58985869847));
#3653 = CARTESIAN_POINT('',(191.15484615126,-13.3583726689));
#3654 = CARTESIAN_POINT('',(190.86067636178,-12.72966659083));
#3655 = CARTESIAN_POINT('',(190.6816775039,-12.33049018028));
#3656 = CARTESIAN_POINT('',(190.50911344286,-11.92844908304));
#3657 = CARTESIAN_POINT('',(190.34303821014,-11.52366376127));
#3658 = CARTESIAN_POINT('',(190.18350341511,-11.11625572977));
#3659 = CARTESIAN_POINT('',(190.03055819662,-10.70634757676));
#3660 = CARTESIAN_POINT('',(189.88424917448,-10.29406298469));
#3661 = CARTESIAN_POINT('',(189.34341219587,-8.688401639979));
#3662 = CARTESIAN_POINT('',(188.99734795346,-7.478653693228));
#3663 = CARTESIAN_POINT('',(188.7074734102,-6.253282166415));
#3664 = CARTESIAN_POINT('',(188.47465487315,-5.015326949162));
#3665 = CARTESIAN_POINT('',(188.29956871366,-3.767869958652));
#3666 = CARTESIAN_POINT('',(188.18268434843,-2.514037939111));
#3667 = CARTESIAN_POINT('',(188.12424421366,-1.257005771778));
#3668 = CARTESIAN_POINT('',(188.12424423807,5.999999999062E-07));
#3669 = ( GEOMETRIC_REPRESENTATION_CONTEXT(2) 
PARAMETRIC_REPRESENTATION_CONTEXT() REPRESENTATION_CONTEXT('2D SPACE',''
  ) );
#3670 = ADVANCED_FACE('',(#3671),#1432,.T.);
#3671 = FACE_BOUND('',#3672,.T.);
#3672 = EDGE_LOOP('',(#3673,#3674,#3675,#3676));
#3673 = ORIENTED_EDGE('',*,*,#1823,.F.);
#3674 = ORIENTED_EDGE('',*,*,#1417,.T.);
#3675 = ORIENTED_EDGE('',*,*,#1465,.T.);
#3676 = ORIENTED_EDGE('',*,*,#3677,.F.);
#3677 = EDGE_CURVE('',#1824,#1466,#3678,.T.);
#3678 = SURFACE_CURVE('',#3679,(#3683,#3689),.PCURVE_S1.);
#3679 = LINE('',#3680,#3681);
#3680 = CARTESIAN_POINT('',(-59.,-1.809056063088,52.75));
#3681 = VECTOR('',#3682,1.);
#3682 = DIRECTION('',(0.,-1.,0.));
#3683 = PCURVE('',#1432,#3684);
#3684 = DEFINITIONAL_REPRESENTATION('',(#3685),#3688);
#3685 = B_SPLINE_CURVE_WITH_KNOTS('',1,(#3686,#3687),.UNSPECIFIED.,.F.,
  .F.,(2,2),(-16.80905606308,13.190943936912),.PIECEWISE_BEZIER_KNOTS.);
#3686 = CARTESIAN_POINT('',(16.5,30.));
#3687 = CARTESIAN_POINT('',(16.5,0.));
#3688 = ( GEOMETRIC_REPRESENTATION_CONTEXT(2) 
PARAMETRIC_REPRESENTATION_CONTEXT() REPRESENTATION_CONTEXT('2D SPACE',''
  ) );
#3689 = PCURVE('',#1658,#3690);
#3690 = DEFINITIONAL_REPRESENTATION('',(#3691),#3694);
#3691 = B_SPLINE_CURVE_WITH_KNOTS('',1,(#3692,#3693),.UNSPECIFIED.,.F.,
  .F.,(2,2),(-16.80905606308,13.190943936912),.PIECEWISE_BEZIER_KNOTS.);
#3692 = CARTESIAN_POINT('',(3.618112126175,-11.24992896733));
#3693 = CARTESIAN_POINT('',(-26.38188787382,-11.24992896733));
#3694 = ( GEOMETRIC_REPRESENTATION_CONTEXT(2) 
PARAMETRIC_REPRESENTATION_CONTEXT() REPRESENTATION_CONTEXT('2D SPACE',''
  ) );
#3695 = ADVANCED_FACE('',(#3696),#1658,.T.);
#3696 = FACE_BOUND('',#3697,.T.);
#3697 = EDGE_LOOP('',(#3698,#3913,#4126,#4127,#4128));
#3698 = ORIENTED_EDGE('',*,*,#3699,.T.);
#3699 = EDGE_CURVE('',#1514,#3700,#3702,.T.);
#3700 = VERTEX_POINT('',#3701);
#3701 = CARTESIAN_POINT('',(-59.,69.672913297632,64.));
#3702 = SURFACE_CURVE('',#3703,(#3803,#3906),.PCURVE_S1.);
#3703 = B_SPLINE_CURVE_WITH_KNOTS('',3,(#3704,#3705,#3706,#3707,#3708,
    #3709,#3710,#3711,#3712,#3713,#3714,#3715,#3716,#3717,#3718,#3719,
    #3720,#3721,#3722,#3723,#3724,#3725,#3726,#3727,#3728,#3729,#3730,
    #3731,#3732,#3733,#3734,#3735,#3736,#3737,#3738,#3739,#3740,#3741,
    #3742,#3743,#3744,#3745,#3746,#3747,#3748,#3749,#3750,#3751,#3752,
    #3753,#3754,#3755,#3756,#3757,#3758,#3759,#3760,#3761,#3762,#3763,
    #3764,#3765,#3766,#3767,#3768,#3769,#3770,#3771,#3772,#3773,#3774,
    #3775,#3776,#3777,#3778,#3779,#3780,#3781,#3782,#3783,#3784,#3785,
    #3786,#3787,#3788,#3789,#3790,#3791,#3792,#3793,#3794,#3795,#3796,
    #3797,#3798,#3799,#3800,#3801,#3802),.UNSPECIFIED.,.T.,.F.,(1,1,2,1,
    1,1,1,1,1,1,1,1,1,1,1,1,1,1,1,1,1,1,1,1,1,1,1,1,1,1,1,1,1,1,1,1,1,1,
    1,1,1,1,1,1,1,1,1,1,1,1,1,1,1,1,1,1,1,1,1,1,1,1,1,1,1,1,1,1,1,1,1,1,
    1,1,1,1,1,1,1,1,1,1,1,1,1,1,1,1,1,1,1,1,1,1,1,1,1,1,2,1,1),(
    -12.73666778934,-10.11296462659,0.,10.112964626598,12.736667789343,
    14.578871698217,16.059501754873,17.34087253809,18.512386283993,
    19.633737618649,20.749168125499,21.893252501555,23.093953567575,
    24.374793080826,25.756694105367,27.259667954987,28.904472277368,
    30.714428146398,32.717701126394,34.950572220252,37.46270307716,
    40.326550251725,43.656193374693,47.65074345976,52.717896433844,
    59.989173996988,88.060266779918,106.64167214322,111.4548782201,
    114.80962960979,117.45542209748,119.66280860007,121.56447523164,
    123.23706455914,124.72996391698,126.0778397072,127.30695642614,
    128.43876151795,129.4921509846,130.48505696623,131.43566760367,
    132.36343928437,133.2900175784,134.24024960608,135.24369187279,
    136.3375029567,137.57276169056,139.02977805141,140.86243531063,
    143.48374440221,153.59651559962,163.70953608713,166.33084517872,
    168.16350243794,169.62051879878,170.85577753265,171.94958861655,
    172.95303088327,173.90326291094,174.82984120498,175.75761288568,
    176.70822352312,177.70112950475,178.75451897139,179.88632406321,
    181.11544078215,182.46331657236,183.9562159302,185.62880525771,
    187.53047188928,189.73785839186,192.38365087956,195.73840226925,
    200.55160834613,219.13247693064,247.2041064925,254.47538405565,
    259.54253702973,263.5370871148,266.86673023777,269.73057741233,
    272.24270826924,274.4755793631,276.47885234309,278.28880821212,
    279.9336125345,281.43658638412,282.81848740867,284.09932692192,
    285.30002798794,286.44411236399,287.55954287084,288.6808942055,
    289.8524079514,291.13377873462,292.61440879127,294.45661270015,
    297.08031586289,307.19328048949,317.30624511609,319.92994827883),
  .UNSPECIFIED.);
#3704 = CARTESIAN_POINT('',(-59.,69.953033588468,60.671766917521));
#3705 = CARTESIAN_POINT('',(-59.,69.392793006797,67.328233082479));
#3706 = CARTESIAN_POINT('',(-59.,69.779611788613,71.622627917108));
#3707 = CARTESIAN_POINT('',(-59.,69.525345246935,76.474746528571));
#3708 = CARTESIAN_POINT('',(-59.,69.274809615173,78.443983874105));
#3709 = CARTESIAN_POINT('',(-59.,68.919438997123,79.940474701973));
#3710 = CARTESIAN_POINT('',(-59.,68.458948134972,81.172163376922));
#3711 = CARTESIAN_POINT('',(-59.,67.890183512569,82.223539694477));
#3712 = CARTESIAN_POINT('',(-59.,67.211235231694,83.139108084263));
#3713 = CARTESIAN_POINT('',(-59.,66.419867558924,83.946068991133));
#3714 = CARTESIAN_POINT('',(-59.,65.51285145544,84.662964445833));
#3715 = CARTESIAN_POINT('',(-59.,64.485287100256,85.303207851163));
#3716 = CARTESIAN_POINT('',(-59.,63.330348309142,85.876724674412));
#3717 = CARTESIAN_POINT('',(-59.,62.039087493138,86.390921740258));
#3718 = CARTESIAN_POINT('',(-59.,60.600055695412,86.851375560863));
#3719 = CARTESIAN_POINT('',(-59.,58.998577565966,87.262336117109));
#3720 = CARTESIAN_POINT('',(-59.,57.215538377066,87.627086911073));
#3721 = CARTESIAN_POINT('',(-59.,55.225418483925,87.94819672147));
#3722 = CARTESIAN_POINT('',(-59.,52.993027726256,88.22769436649));
#3723 = CARTESIAN_POINT('',(-59.,50.467758453393,88.467192249645));
#3724 = CARTESIAN_POINT('',(-59.,47.572581646961,88.667971657404));
#3725 = CARTESIAN_POINT('',(-59.,44.180279327846,88.831070392715));
#3726 = CARTESIAN_POINT('',(-59.,40.051595284471,88.957288103642));
#3727 = CARTESIAN_POINT('',(-59.,34.607889856211,89.047905644901));
#3728 = CARTESIAN_POINT('',(-59.,21.138141418228,89.127241856303));
#3729 = CARTESIAN_POINT('',(-59.,3.16353673222,89.076961943401));
#3730 = CARTESIAN_POINT('',(-59.,-13.99180383689,89.12613250574));
#3731 = CARTESIAN_POINT('',(-59.,-22.90811409099,89.047991474294));
#3732 = CARTESIAN_POINT('',(-59.,-26.51175869571,88.957253088132));
#3733 = CARTESIAN_POINT('',(-59.,-29.24506871847,88.83101539815));
#3734 = CARTESIAN_POINT('',(-59.,-31.49107652079,88.667835014069));
#3735 = CARTESIAN_POINT('',(-59.,-33.40817569948,88.466915117224));
#3736 = CARTESIAN_POINT('',(-59.,-35.08060520375,88.227176496565));
#3737 = CARTESIAN_POINT('',(-59.,-36.5593863179,87.947286241159));
#3738 = CARTESIAN_POINT('',(-59.,-37.87804902335,87.625555713091));
#3739 = CARTESIAN_POINT('',(-59.,-39.05990315007,87.259851436717));
#3740 = CARTESIAN_POINT('',(-59.,-40.12181907475,86.847471086859));
#3741 = CARTESIAN_POINT('',(-59.,-41.07635193082,86.384985130712));
#3742 = CARTESIAN_POINT('',(-59.,-41.93299537108,85.868036327778));
#3743 = CARTESIAN_POINT('',(-59.,-42.6989516967,85.291085936005));
#3744 = CARTESIAN_POINT('',(-59.,-43.3796490723,84.647063990982));
#3745 = CARTESIAN_POINT('',(-59.,-43.9791687018,83.926795364121));
#3746 = CARTESIAN_POINT('',(-59.,-44.50066816155,83.117916234895));
#3747 = CARTESIAN_POINT('',(-59.,-44.94677648782,82.202762820885));
#3748 = CARTESIAN_POINT('',(-59.,-45.31984285207,81.154235624925));
#3749 = CARTESIAN_POINT('',(-59.,-45.62206040736,79.927049483754));
#3750 = CARTESIAN_POINT('',(-59.,-45.85528424761,78.435358721745));
#3751 = CARTESIAN_POINT('',(-59.,-46.022462662,76.470879199217));
#3752 = CARTESIAN_POINT('',(-59.,-46.16706346533,71.616188650941));
#3753 = CARTESIAN_POINT('',(-59.,-46.07940924165,64.000041546208));
#3754 = CARTESIAN_POINT('',(-59.,-46.16706571151,56.38389443211));
#3755 = CARTESIAN_POINT('',(-59.,-46.02246268045,51.529120800657));
#3756 = CARTESIAN_POINT('',(-59.,-45.85528424436,49.564641278277));
#3757 = CARTESIAN_POINT('',(-59.,-45.62206040801,48.072950516241));
#3758 = CARTESIAN_POINT('',(-59.,-45.31984285193,46.845764375076));
#3759 = CARTESIAN_POINT('',(-59.,-44.94677648785,45.797237179114));
#3760 = CARTESIAN_POINT('',(-59.,-44.50066816154,44.882083765105));
#3761 = CARTESIAN_POINT('',(-59.,-43.9791687018,44.073204635879));
#3762 = CARTESIAN_POINT('',(-59.,-43.3796490723,43.352936009018));
#3763 = CARTESIAN_POINT('',(-59.,-42.6989516967,42.708914063995));
#3764 = CARTESIAN_POINT('',(-59.,-41.93299537108,42.131963672222));
#3765 = CARTESIAN_POINT('',(-59.,-41.07635193082,41.615014869288));
#3766 = CARTESIAN_POINT('',(-59.,-40.12181907475,41.152528913141));
#3767 = CARTESIAN_POINT('',(-59.,-39.05990315007,40.740148563283));
#3768 = CARTESIAN_POINT('',(-59.,-37.87804902335,40.374444286908));
#3769 = CARTESIAN_POINT('',(-59.,-36.5593863179,40.052713758842));
#3770 = CARTESIAN_POINT('',(-59.,-35.08060520375,39.772823503431));
#3771 = CARTESIAN_POINT('',(-59.,-33.40817569948,39.533084882793));
#3772 = CARTESIAN_POINT('',(-59.,-31.49107652079,39.33216498585));
#3773 = CARTESIAN_POINT('',(-59.,-29.24506871847,39.168984602236));
#3774 = CARTESIAN_POINT('',(-59.,-26.51175869571,39.042746909916));
#3775 = CARTESIAN_POINT('',(-59.,-22.90811409097,38.952008536901));
#3776 = CARTESIAN_POINT('',(-59.,-13.99198276057,38.873868923129));
#3777 = CARTESIAN_POINT('',(-59.,3.163357806372,38.92303782932));
#3778 = CARTESIAN_POINT('',(-59.,21.137962493047,38.872757203787));
#3779 = CARTESIAN_POINT('',(-59.,34.607889856219,38.952094345936));
#3780 = CARTESIAN_POINT('',(-59.,40.05159528447,39.042711897956));
#3781 = CARTESIAN_POINT('',(-59.,44.180279327847,39.16892960697));
#3782 = CARTESIAN_POINT('',(-59.,47.572581646959,39.332028342662));
#3783 = CARTESIAN_POINT('',(-59.,50.467758453399,39.53280775034));
#3784 = CARTESIAN_POINT('',(-59.,52.993027726239,39.772305633513));
#3785 = CARTESIAN_POINT('',(-59.,55.22541848398,40.05180327853));
#3786 = CARTESIAN_POINT('',(-59.,57.215538376892,40.372913088927));
#3787 = CARTESIAN_POINT('',(-59.,58.998577566528,40.737663882891));
#3788 = CARTESIAN_POINT('',(-59.,60.60005569359,41.148624439137));
#3789 = CARTESIAN_POINT('',(-59.,62.039087499101,41.609078259742));
#3790 = CARTESIAN_POINT('',(-59.,63.330348289433,42.123275325588));
#3791 = CARTESIAN_POINT('',(-59.,64.485287166264,42.696792148837));
#3792 = CARTESIAN_POINT('',(-59.,65.512851230133,43.337035554167));
#3793 = CARTESIAN_POINT('',(-59.,66.419868349168,44.053931008867));
#3794 = CARTESIAN_POINT('',(-59.,67.21123235313,44.860891915737));
#3795 = CARTESIAN_POINT('',(-59.,67.890194534161,45.776460305523));
#3796 = CARTESIAN_POINT('',(-59.,68.458903234043,46.827836623078));
#3797 = CARTESIAN_POINT('',(-59.,68.919636128024,48.059525298027));
#3798 = CARTESIAN_POINT('',(-59.,69.273858200803,49.556016125895));
#3799 = CARTESIAN_POINT('',(-59.,69.530672773692,51.525253471429));
#3800 = CARTESIAN_POINT('',(-59.,69.713956400986,56.377372082892));
#3801 = CARTESIAN_POINT('',(-59.,69.953033588468,60.671766917521));
#3802 = CARTESIAN_POINT('',(-59.,69.392793006797,67.328233082479));
#3803 = PCURVE('',#1658,#3804);
#3804 = DEFINITIONAL_REPRESENTATION('',(#3805),#3905);
#3805 = B_SPLINE_CURVE_WITH_KNOTS('',3,(#3806,#3807,#3808,#3809,#3810,
    #3811,#3812,#3813,#3814,#3815,#3816,#3817,#3818,#3819,#3820,#3821,
    #3822,#3823,#3824,#3825,#3826,#3827,#3828,#3829,#3830,#3831,#3832,
    #3833,#3834,#3835,#3836,#3837,#3838,#3839,#3840,#3841,#3842,#3843,
    #3844,#3845,#3846,#3847,#3848,#3849,#3850,#3851,#3852,#3853,#3854,
    #3855,#3856,#3857,#3858,#3859,#3860,#3861,#3862,#3863,#3864,#3865,
    #3866,#3867,#3868,#3869,#3870,#3871,#3872,#3873,#3874,#3875,#3876,
    #3877,#3878,#3879,#3880,#3881,#3882,#3883,#3884,#3885,#3886,#3887,
    #3888,#3889,#3890,#3891,#3892,#3893,#3894,#3895,#3896,#3897,#3898,
    #3899,#3900,#3901,#3902,#3903,#3904),.UNSPECIFIED.,.F.,.F.,(1,1,2,1,
    1,1,1,1,1,1,1,1,1,1,1,1,1,1,1,1,1,1,1,1,1,1,1,1,1,1,1,1,1,1,1,1,1,1,
    1,1,1,1,1,1,1,1,1,1,1,1,1,1,1,1,1,1,1,1,1,1,1,1,1,1,1,1,1,1,1,1,1,1,
    1,1,1,1,1,1,1,1,1,1,1,1,1,1,1,1,1,1,1,1,1,1,1,1,1,1,2,1,1),(
    -12.73666778934,-10.11296462659,0.,10.112964626598,12.736667789343,
    14.578871698217,16.059501754873,17.34087253809,18.512386283993,
    19.633737618649,20.749168125499,21.893252501555,23.093953567575,
    24.374793080826,25.756694105367,27.259667954987,28.904472277368,
    30.714428146398,32.717701126394,34.950572220252,37.46270307716,
    40.326550251725,43.656193374693,47.65074345976,52.717896433844,
    59.989173996988,88.060266779918,106.64167214322,111.4548782201,
    114.80962960979,117.45542209748,119.66280860007,121.56447523164,
    123.23706455914,124.72996391698,126.0778397072,127.30695642614,
    128.43876151795,129.4921509846,130.48505696623,131.43566760367,
    132.36343928437,133.2900175784,134.24024960608,135.24369187279,
    136.3375029567,137.57276169056,139.02977805141,140.86243531063,
    143.48374440221,153.59651559962,163.70953608713,166.33084517872,
    168.16350243794,169.62051879878,170.85577753265,171.94958861655,
    172.95303088327,173.90326291094,174.82984120498,175.75761288568,
    176.70822352312,177.70112950475,178.75451897139,179.88632406321,
    181.11544078215,182.46331657236,183.9562159302,185.62880525771,
    187.53047188928,189.73785839186,192.38365087956,195.73840226925,
    200.55160834613,219.13247693064,247.2041064925,254.47538405565,
    259.54253702973,263.5370871148,266.86673023777,269.73057741233,
    272.24270826924,274.4755793631,276.47885234309,278.28880821212,
    279.9336125345,281.43658638412,282.81848740867,284.09932692192,
    285.30002798794,286.44411236399,287.55954287084,288.6808942055,
    289.8524079514,291.13377873462,292.61440879127,294.45661270015,
    297.08031586289,307.19328048949,317.30624511609,319.92994827883),
  .UNSPECIFIED.);
#3806 = CARTESIAN_POINT('',(58.571145714644,-3.328162049818));
#3807 = CARTESIAN_POINT('',(58.010905132972,3.32830411514));
#3808 = CARTESIAN_POINT('',(58.397723914788,7.622698949769));
#3809 = CARTESIAN_POINT('',(58.143457373111,12.474817561232));
#3810 = CARTESIAN_POINT('',(57.892921741348,14.444054906766));
#3811 = CARTESIAN_POINT('',(57.537551123298,15.940545734635));
#3812 = CARTESIAN_POINT('',(57.077060261147,17.172234409583));
#3813 = CARTESIAN_POINT('',(56.508295638745,18.223610727138));
#3814 = CARTESIAN_POINT('',(55.829347357869,19.139179116924));
#3815 = CARTESIAN_POINT('',(55.037979685099,19.946140023794));
#3816 = CARTESIAN_POINT('',(54.130963581615,20.663035478494));
#3817 = CARTESIAN_POINT('',(53.103399226431,21.303278883825));
#3818 = CARTESIAN_POINT('',(51.948460435317,21.876795707073));
#3819 = CARTESIAN_POINT('',(50.657199619313,22.390992772919));
#3820 = CARTESIAN_POINT('',(49.218167821587,22.851446593524));
#3821 = CARTESIAN_POINT('',(47.616689692141,23.262407149771));
#3822 = CARTESIAN_POINT('',(45.833650503241,23.627157943734));
#3823 = CARTESIAN_POINT('',(43.843530610101,23.948267754131));
#3824 = CARTESIAN_POINT('',(41.611139852431,24.227765399151));
#3825 = CARTESIAN_POINT('',(39.085870579568,24.467263282306));
#3826 = CARTESIAN_POINT('',(36.190693773137,24.668042690065));
#3827 = CARTESIAN_POINT('',(32.798391454021,24.831141425376));
#3828 = CARTESIAN_POINT('',(28.669707410646,24.957359136303));
#3829 = CARTESIAN_POINT('',(23.226001982387,25.047976677562));
#3830 = CARTESIAN_POINT('',(9.756253544403,25.127312888964));
#3831 = CARTESIAN_POINT('',(-8.218351141604,25.077032976062));
#3832 = CARTESIAN_POINT('',(-25.37369171071,25.126203538401));
#3833 = CARTESIAN_POINT('',(-34.29000196482,25.048062506955));
#3834 = CARTESIAN_POINT('',(-37.89364656953,24.957324120793));
#3835 = CARTESIAN_POINT('',(-40.62695659229,24.831086430811));
#3836 = CARTESIAN_POINT('',(-42.87296439462,24.66790604673));
#3837 = CARTESIAN_POINT('',(-44.79006357331,24.466986149885));
#3838 = CARTESIAN_POINT('',(-46.46249307757,24.227247529226));
#3839 = CARTESIAN_POINT('',(-47.94127419172,23.94735727382));
#3840 = CARTESIAN_POINT('',(-49.25993689717,23.625626745752));
#3841 = CARTESIAN_POINT('',(-50.4417910239,23.259922469378));
#3842 = CARTESIAN_POINT('',(-51.50370694858,22.84754211952));
#3843 = CARTESIAN_POINT('',(-52.45823980465,22.385056163373));
#3844 = CARTESIAN_POINT('',(-53.3148832449,21.868107360439));
#3845 = CARTESIAN_POINT('',(-54.08083957052,21.291156968666));
#3846 = CARTESIAN_POINT('',(-54.76153694613,20.647135023643));
#3847 = CARTESIAN_POINT('',(-55.36105657563,19.926866396782));
#3848 = CARTESIAN_POINT('',(-55.88255603538,19.117987267556));
#3849 = CARTESIAN_POINT('',(-56.32866436165,18.202833853546));
#3850 = CARTESIAN_POINT('',(-56.7017307259,17.154306657586));
#3851 = CARTESIAN_POINT('',(-57.00394828118,15.927120516416));
#3852 = CARTESIAN_POINT('',(-57.23717212143,14.435429754406));
#3853 = CARTESIAN_POINT('',(-57.40435053583,12.470950231879));
#3854 = CARTESIAN_POINT('',(-57.54895133916,7.616259683602));
#3855 = CARTESIAN_POINT('',(-57.46129711548,1.125788692737E-04));
#3856 = CARTESIAN_POINT('',(-57.54895358534,-7.616034535229));
#3857 = CARTESIAN_POINT('',(-57.40435055427,-12.47080816668));
#3858 = CARTESIAN_POINT('',(-57.23717211818,-14.43528768906));
#3859 = CARTESIAN_POINT('',(-57.00394828184,-15.92697845109));
#3860 = CARTESIAN_POINT('',(-56.70173072575,-17.15416459226));
#3861 = CARTESIAN_POINT('',(-56.32866436168,-18.20269178822));
#3862 = CARTESIAN_POINT('',(-55.88255603537,-19.11784520223));
#3863 = CARTESIAN_POINT('',(-55.36105657563,-19.92672433146));
#3864 = CARTESIAN_POINT('',(-54.76153694613,-20.64699295832));
#3865 = CARTESIAN_POINT('',(-54.08083957052,-21.29101490334));
#3866 = CARTESIAN_POINT('',(-53.3148832449,-21.86796529511));
#3867 = CARTESIAN_POINT('',(-52.45823980465,-22.38491409805));
#3868 = CARTESIAN_POINT('',(-51.50370694858,-22.84740005419));
#3869 = CARTESIAN_POINT('',(-50.4417910239,-23.25978040405));
#3870 = CARTESIAN_POINT('',(-49.25993689717,-23.62548468043));
#3871 = CARTESIAN_POINT('',(-47.94127419172,-23.94721520849));
#3872 = CARTESIAN_POINT('',(-46.46249307757,-24.2271054639));
#3873 = CARTESIAN_POINT('',(-44.79006357331,-24.46684408454));
#3874 = CARTESIAN_POINT('',(-42.87296439462,-24.66776398148));
#3875 = CARTESIAN_POINT('',(-40.62695659229,-24.8309443651));
#3876 = CARTESIAN_POINT('',(-37.89364656954,-24.95718205742));
#3877 = CARTESIAN_POINT('',(-34.29000196479,-25.04792043043));
#3878 = CARTESIAN_POINT('',(-25.3738706344,-25.12606004421));
#3879 = CARTESIAN_POINT('',(-8.218530067452,-25.07689113801));
#3880 = CARTESIAN_POINT('',(9.756074619222,-25.12717176355));
#3881 = CARTESIAN_POINT('',(23.226001982395,-25.0478346214));
#3882 = CARTESIAN_POINT('',(28.669707410645,-24.95721706938));
#3883 = CARTESIAN_POINT('',(32.798391454022,-24.83099936036));
#3884 = CARTESIAN_POINT('',(36.190693773135,-24.66790062467));
#3885 = CARTESIAN_POINT('',(39.085870579574,-24.46712121699));
#3886 = CARTESIAN_POINT('',(41.611139852414,-24.22762333382));
#3887 = CARTESIAN_POINT('',(43.843530610155,-23.9481256888));
#3888 = CARTESIAN_POINT('',(45.833650503067,-23.62701587841));
#3889 = CARTESIAN_POINT('',(47.616689692703,-23.26226508444));
#3890 = CARTESIAN_POINT('',(49.218167819765,-22.8513045282));
#3891 = CARTESIAN_POINT('',(50.657199625276,-22.39085070759));
#3892 = CARTESIAN_POINT('',(51.948460415608,-21.87665364175));
#3893 = CARTESIAN_POINT('',(53.103399292439,-21.3031368185));
#3894 = CARTESIAN_POINT('',(54.130963356308,-20.66289341317));
#3895 = CARTESIAN_POINT('',(55.037980475343,-19.94599795847));
#3896 = CARTESIAN_POINT('',(55.829344479305,-19.1390370516));
#3897 = CARTESIAN_POINT('',(56.508306660336,-18.22346866181));
#3898 = CARTESIAN_POINT('',(57.077015360218,-17.17209234426));
#3899 = CARTESIAN_POINT('',(57.537748254199,-15.94040366931));
#3900 = CARTESIAN_POINT('',(57.891970326978,-14.44391284144));
#3901 = CARTESIAN_POINT('',(58.148784899867,-12.47467549591));
#3902 = CARTESIAN_POINT('',(58.332068527161,-7.622556884447));
#3903 = CARTESIAN_POINT('',(58.571145714644,-3.328162049818));
#3904 = CARTESIAN_POINT('',(58.010905132972,3.32830411514));
#3905 = ( GEOMETRIC_REPRESENTATION_CONTEXT(2) 
PARAMETRIC_REPRESENTATION_CONTEXT() REPRESENTATION_CONTEXT('2D SPACE',''
  ) );
#3906 = PCURVE('',#1533,#3907);
#3907 = DEFINITIONAL_REPRESENTATION('',(#3908),#3912);
#3908 = LINE('',#3909,#3910);
#3909 = CARTESIAN_POINT('',(0.,-59.));
#3910 = VECTOR('',#3911,1.);
#3911 = DIRECTION('',(1.,0.));
#3912 = ( GEOMETRIC_REPRESENTATION_CONTEXT(2) 
PARAMETRIC_REPRESENTATION_CONTEXT() REPRESENTATION_CONTEXT('2D SPACE',''
  ) );
#3913 = ORIENTED_EDGE('',*,*,#3914,.T.);
#3914 = EDGE_CURVE('',#3700,#1850,#3915,.T.);
#3915 = SURFACE_CURVE('',#3916,(#4016,#4119),.PCURVE_S1.);
#3916 = B_SPLINE_CURVE_WITH_KNOTS('',3,(#3917,#3918,#3919,#3920,#3921,
    #3922,#3923,#3924,#3925,#3926,#3927,#3928,#3929,#3930,#3931,#3932,
    #3933,#3934,#3935,#3936,#3937,#3938,#3939,#3940,#3941,#3942,#3943,
    #3944,#3945,#3946,#3947,#3948,#3949,#3950,#3951,#3952,#3953,#3954,
    #3955,#3956,#3957,#3958,#3959,#3960,#3961,#3962,#3963,#3964,#3965,
    #3966,#3967,#3968,#3969,#3970,#3971,#3972,#3973,#3974,#3975,#3976,
    #3977,#3978,#3979,#3980,#3981,#3982,#3983,#3984,#3985,#3986,#3987,
    #3988,#3989,#3990,#3991,#3992,#3993,#3994,#3995,#3996,#3997,#3998,
    #3999,#4000,#4001,#4002,#4003,#4004,#4005,#4006,#4007,#4008,#4009,
    #4010,#4011,#4012,#4013,#4014,#4015),.UNSPECIFIED.,.T.,.F.,(1,1,2,1,
    1,1,1,1,1,1,1,1,1,1,1,1,1,1,1,1,1,1,1,1,1,1,1,1,1,1,1,1,1,1,1,1,1,1,
    1,1,1,1,1,1,1,1,1,1,1,1,1,1,1,1,1,1,1,1,1,1,1,1,1,1,1,1,1,1,1,1,1,1,
    1,1,1,1,1,1,1,1,1,1,1,1,1,1,1,1,1,1,1,1,1,1,1,1,1,1,2,1,1),(
    -12.73666778934,-10.11296462659,0.,10.112964626598,12.736667789343,
    14.578871698217,16.059501754873,17.34087253809,18.512386283993,
    19.633737618649,20.749168125499,21.893252501555,23.093953567575,
    24.374793080826,25.756694105367,27.259667954987,28.904472277368,
    30.714428146398,32.717701126394,34.950572220252,37.46270307716,
    40.326550251725,43.656193374693,47.65074345976,52.717896433844,
    59.989173996988,88.060266779918,106.64167214322,111.4548782201,
    114.80962960979,117.45542209748,119.66280860007,121.56447523164,
    123.23706455914,124.72996391698,126.0778397072,127.30695642614,
    128.43876151795,129.4921509846,130.48505696623,131.43566760367,
    132.36343928437,133.2900175784,134.24024960608,135.24369187279,
    136.3375029567,137.57276169056,139.02977805141,140.86243531063,
    143.48374440221,153.59651559962,163.70953608713,166.33084517872,
    168.16350243794,169.62051879878,170.85577753265,171.94958861655,
    172.95303088327,173.90326291094,174.82984120498,175.75761288568,
    176.70822352312,177.70112950475,178.75451897139,179.88632406321,
    181.11544078215,182.46331657236,183.9562159302,185.62880525771,
    187.53047188928,189.73785839186,192.38365087956,195.73840226925,
    200.55160834613,219.13247693064,247.2041064925,254.47538405565,
    259.54253702973,263.5370871148,266.86673023777,269.73057741233,
    272.24270826924,274.4755793631,276.47885234309,278.28880821212,
    279.9336125345,281.43658638412,282.81848740867,284.09932692192,
    285.30002798794,286.44411236399,287.55954287084,288.6808942055,
    289.8524079514,291.13377873462,292.61440879127,294.45661270015,
    297.08031586289,307.19328048949,317.30624511609,319.92994827883),
  .UNSPECIFIED.);
#3917 = CARTESIAN_POINT('',(-59.,69.953033588468,60.671766917521));
#3918 = CARTESIAN_POINT('',(-59.,69.392793006797,67.328233082479));
#3919 = CARTESIAN_POINT('',(-59.,69.779611788613,71.622627917108));
#3920 = CARTESIAN_POINT('',(-59.,69.525345246935,76.474746528571));
#3921 = CARTESIAN_POINT('',(-59.,69.274809615173,78.443983874105));
#3922 = CARTESIAN_POINT('',(-59.,68.919438997123,79.940474701973));
#3923 = CARTESIAN_POINT('',(-59.,68.458948134972,81.172163376922));
#3924 = CARTESIAN_POINT('',(-59.,67.890183512569,82.223539694477));
#3925 = CARTESIAN_POINT('',(-59.,67.211235231694,83.139108084263));
#3926 = CARTESIAN_POINT('',(-59.,66.419867558924,83.946068991133));
#3927 = CARTESIAN_POINT('',(-59.,65.51285145544,84.662964445833));
#3928 = CARTESIAN_POINT('',(-59.,64.485287100256,85.303207851163));
#3929 = CARTESIAN_POINT('',(-59.,63.330348309142,85.876724674412));
#3930 = CARTESIAN_POINT('',(-59.,62.039087493138,86.390921740258));
#3931 = CARTESIAN_POINT('',(-59.,60.600055695412,86.851375560863));
#3932 = CARTESIAN_POINT('',(-59.,58.998577565966,87.262336117109));
#3933 = CARTESIAN_POINT('',(-59.,57.215538377066,87.627086911073));
#3934 = CARTESIAN_POINT('',(-59.,55.225418483925,87.94819672147));
#3935 = CARTESIAN_POINT('',(-59.,52.993027726256,88.22769436649));
#3936 = CARTESIAN_POINT('',(-59.,50.467758453393,88.467192249645));
#3937 = CARTESIAN_POINT('',(-59.,47.572581646961,88.667971657404));
#3938 = CARTESIAN_POINT('',(-59.,44.180279327846,88.831070392715));
#3939 = CARTESIAN_POINT('',(-59.,40.051595284471,88.957288103642));
#3940 = CARTESIAN_POINT('',(-59.,34.607889856211,89.047905644901));
#3941 = CARTESIAN_POINT('',(-59.,21.138141418228,89.127241856303));
#3942 = CARTESIAN_POINT('',(-59.,3.16353673222,89.076961943401));
#3943 = CARTESIAN_POINT('',(-59.,-13.99180383689,89.12613250574));
#3944 = CARTESIAN_POINT('',(-59.,-22.90811409099,89.047991474294));
#3945 = CARTESIAN_POINT('',(-59.,-26.51175869571,88.957253088132));
#3946 = CARTESIAN_POINT('',(-59.,-29.24506871847,88.83101539815));
#3947 = CARTESIAN_POINT('',(-59.,-31.49107652079,88.667835014069));
#3948 = CARTESIAN_POINT('',(-59.,-33.40817569948,88.466915117224));
#3949 = CARTESIAN_POINT('',(-59.,-35.08060520375,88.227176496565));
#3950 = CARTESIAN_POINT('',(-59.,-36.5593863179,87.947286241159));
#3951 = CARTESIAN_POINT('',(-59.,-37.87804902335,87.625555713091));
#3952 = CARTESIAN_POINT('',(-59.,-39.05990315007,87.259851436717));
#3953 = CARTESIAN_POINT('',(-59.,-40.12181907475,86.847471086859));
#3954 = CARTESIAN_POINT('',(-59.,-41.07635193082,86.384985130712));
#3955 = CARTESIAN_POINT('',(-59.,-41.93299537108,85.868036327778));
#3956 = CARTESIAN_POINT('',(-59.,-42.6989516967,85.291085936005));
#3957 = CARTESIAN_POINT('',(-59.,-43.3796490723,84.647063990982));
#3958 = CARTESIAN_POINT('',(-59.,-43.9791687018,83.926795364121));
#3959 = CARTESIAN_POINT('',(-59.,-44.50066816155,83.117916234895));
#3960 = CARTESIAN_POINT('',(-59.,-44.94677648782,82.202762820885));
#3961 = CARTESIAN_POINT('',(-59.,-45.31984285207,81.154235624925));
#3962 = CARTESIAN_POINT('',(-59.,-45.62206040736,79.927049483754));
#3963 = CARTESIAN_POINT('',(-59.,-45.85528424761,78.435358721745));
#3964 = CARTESIAN_POINT('',(-59.,-46.022462662,76.470879199217));
#3965 = CARTESIAN_POINT('',(-59.,-46.16706346533,71.616188650941));
#3966 = CARTESIAN_POINT('',(-59.,-46.07940924165,64.000041546208));
#3967 = CARTESIAN_POINT('',(-59.,-46.16706571151,56.38389443211));
#3968 = CARTESIAN_POINT('',(-59.,-46.02246268045,51.529120800657));
#3969 = CARTESIAN_POINT('',(-59.,-45.85528424436,49.564641278277));
#3970 = CARTESIAN_POINT('',(-59.,-45.62206040801,48.072950516241));
#3971 = CARTESIAN_POINT('',(-59.,-45.31984285193,46.845764375076));
#3972 = CARTESIAN_POINT('',(-59.,-44.94677648785,45.797237179114));
#3973 = CARTESIAN_POINT('',(-59.,-44.50066816154,44.882083765105));
#3974 = CARTESIAN_POINT('',(-59.,-43.9791687018,44.073204635879));
#3975 = CARTESIAN_POINT('',(-59.,-43.3796490723,43.352936009018));
#3976 = CARTESIAN_POINT('',(-59.,-42.6989516967,42.708914063995));
#3977 = CARTESIAN_POINT('',(-59.,-41.93299537108,42.131963672222));
#3978 = CARTESIAN_POINT('',(-59.,-41.07635193082,41.615014869288));
#3979 = CARTESIAN_POINT('',(-59.,-40.12181907475,41.152528913141));
#3980 = CARTESIAN_POINT('',(-59.,-39.05990315007,40.740148563283));
#3981 = CARTESIAN_POINT('',(-59.,-37.87804902335,40.374444286908));
#3982 = CARTESIAN_POINT('',(-59.,-36.5593863179,40.052713758842));
#3983 = CARTESIAN_POINT('',(-59.,-35.08060520375,39.772823503431));
#3984 = CARTESIAN_POINT('',(-59.,-33.40817569948,39.533084882793));
#3985 = CARTESIAN_POINT('',(-59.,-31.49107652079,39.33216498585));
#3986 = CARTESIAN_POINT('',(-59.,-29.24506871847,39.168984602236));
#3987 = CARTESIAN_POINT('',(-59.,-26.51175869571,39.042746909916));
#3988 = CARTESIAN_POINT('',(-59.,-22.90811409097,38.952008536901));
#3989 = CARTESIAN_POINT('',(-59.,-13.99198276057,38.873868923129));
#3990 = CARTESIAN_POINT('',(-59.,3.163357806372,38.92303782932));
#3991 = CARTESIAN_POINT('',(-59.,21.137962493047,38.872757203787));
#3992 = CARTESIAN_POINT('',(-59.,34.607889856219,38.952094345936));
#3993 = CARTESIAN_POINT('',(-59.,40.05159528447,39.042711897956));
#3994 = CARTESIAN_POINT('',(-59.,44.180279327847,39.16892960697));
#3995 = CARTESIAN_POINT('',(-59.,47.572581646959,39.332028342662));
#3996 = CARTESIAN_POINT('',(-59.,50.467758453399,39.53280775034));
#3997 = CARTESIAN_POINT('',(-59.,52.993027726239,39.772305633513));
#3998 = CARTESIAN_POINT('',(-59.,55.22541848398,40.05180327853));
#3999 = CARTESIAN_POINT('',(-59.,57.215538376892,40.372913088927));
#4000 = CARTESIAN_POINT('',(-59.,58.998577566528,40.737663882891));
#4001 = CARTESIAN_POINT('',(-59.,60.60005569359,41.148624439137));
#4002 = CARTESIAN_POINT('',(-59.,62.039087499101,41.609078259742));
#4003 = CARTESIAN_POINT('',(-59.,63.330348289433,42.123275325588));
#4004 = CARTESIAN_POINT('',(-59.,64.485287166264,42.696792148837));
#4005 = CARTESIAN_POINT('',(-59.,65.512851230133,43.337035554167));
#4006 = CARTESIAN_POINT('',(-59.,66.419868349168,44.053931008867));
#4007 = CARTESIAN_POINT('',(-59.,67.21123235313,44.860891915737));
#4008 = CARTESIAN_POINT('',(-59.,67.890194534161,45.776460305523));
#4009 = CARTESIAN_POINT('',(-59.,68.458903234043,46.827836623078));
#4010 = CARTESIAN_POINT('',(-59.,68.919636128024,48.059525298027));
#4011 = CARTESIAN_POINT('',(-59.,69.273858200803,49.556016125895));
#4012 = CARTESIAN_POINT('',(-59.,69.530672773692,51.525253471429));
#4013 = CARTESIAN_POINT('',(-59.,69.713956400986,56.377372082892));
#4014 = CARTESIAN_POINT('',(-59.,69.953033588468,60.671766917521));
#4015 = CARTESIAN_POINT('',(-59.,69.392793006797,67.328233082479));
#4016 = PCURVE('',#1658,#4017);
#4017 = DEFINITIONAL_REPRESENTATION('',(#4018),#4118);
#4018 = B_SPLINE_CURVE_WITH_KNOTS('',3,(#4019,#4020,#4021,#4022,#4023,
    #4024,#4025,#4026,#4027,#4028,#4029,#4030,#4031,#4032,#4033,#4034,
    #4035,#4036,#4037,#4038,#4039,#4040,#4041,#4042,#4043,#4044,#4045,
    #4046,#4047,#4048,#4049,#4050,#4051,#4052,#4053,#4054,#4055,#4056,
    #4057,#4058,#4059,#4060,#4061,#4062,#4063,#4064,#4065,#4066,#4067,
    #4068,#4069,#4070,#4071,#4072,#4073,#4074,#4075,#4076,#4077,#4078,
    #4079,#4080,#4081,#4082,#4083,#4084,#4085,#4086,#4087,#4088,#4089,
    #4090,#4091,#4092,#4093,#4094,#4095,#4096,#4097,#4098,#4099,#4100,
    #4101,#4102,#4103,#4104,#4105,#4106,#4107,#4108,#4109,#4110,#4111,
    #4112,#4113,#4114,#4115,#4116,#4117),.UNSPECIFIED.,.F.,.F.,(1,1,2,1,
    1,1,1,1,1,1,1,1,1,1,1,1,1,1,1,1,1,1,1,1,1,1,1,1,1,1,1,1,1,1,1,1,1,1,
    1,1,1,1,1,1,1,1,1,1,1,1,1,1,1,1,1,1,1,1,1,1,1,1,1,1,1,1,1,1,1,1,1,1,
    1,1,1,1,1,1,1,1,1,1,1,1,1,1,1,1,1,1,1,1,1,1,1,1,1,1,2,1,1),(
    -12.73666778934,-10.11296462659,0.,10.112964626598,12.736667789343,
    14.578871698217,16.059501754873,17.34087253809,18.512386283993,
    19.633737618649,20.749168125499,21.893252501555,23.093953567575,
    24.374793080826,25.756694105367,27.259667954987,28.904472277368,
    30.714428146398,32.717701126394,34.950572220252,37.46270307716,
    40.326550251725,43.656193374693,47.65074345976,52.717896433844,
    59.989173996988,88.060266779918,106.64167214322,111.4548782201,
    114.80962960979,117.45542209748,119.66280860007,121.56447523164,
    123.23706455914,124.72996391698,126.0778397072,127.30695642614,
    128.43876151795,129.4921509846,130.48505696623,131.43566760367,
    132.36343928437,133.2900175784,134.24024960608,135.24369187279,
    136.3375029567,137.57276169056,139.02977805141,140.86243531063,
    143.48374440221,153.59651559962,163.70953608713,166.33084517872,
    168.16350243794,169.62051879878,170.85577753265,171.94958861655,
    172.95303088327,173.90326291094,174.82984120498,175.75761288568,
    176.70822352312,177.70112950475,178.75451897139,179.88632406321,
    181.11544078215,182.46331657236,183.9562159302,185.62880525771,
    187.53047188928,189.73785839186,192.38365087956,195.73840226925,
    200.55160834613,219.13247693064,247.2041064925,254.47538405565,
    259.54253702973,263.5370871148,266.86673023777,269.73057741233,
    272.24270826924,274.4755793631,276.47885234309,278.28880821212,
    279.9336125345,281.43658638412,282.81848740867,284.09932692192,
    285.30002798794,286.44411236399,287.55954287084,288.6808942055,
    289.8524079514,291.13377873462,292.61440879127,294.45661270015,
    297.08031586289,307.19328048949,317.30624511609,319.92994827883),
  .UNSPECIFIED.);
#4019 = CARTESIAN_POINT('',(58.571145714644,-3.328162049818));
#4020 = CARTESIAN_POINT('',(58.010905132972,3.32830411514));
#4021 = CARTESIAN_POINT('',(58.397723914788,7.622698949769));
#4022 = CARTESIAN_POINT('',(58.143457373111,12.474817561232));
#4023 = CARTESIAN_POINT('',(57.892921741348,14.444054906766));
#4024 = CARTESIAN_POINT('',(57.537551123298,15.940545734635));
#4025 = CARTESIAN_POINT('',(57.077060261147,17.172234409583));
#4026 = CARTESIAN_POINT('',(56.508295638745,18.223610727138));
#4027 = CARTESIAN_POINT('',(55.829347357869,19.139179116924));
#4028 = CARTESIAN_POINT('',(55.037979685099,19.946140023794));
#4029 = CARTESIAN_POINT('',(54.130963581615,20.663035478494));
#4030 = CARTESIAN_POINT('',(53.103399226431,21.303278883825));
#4031 = CARTESIAN_POINT('',(51.948460435317,21.876795707073));
#4032 = CARTESIAN_POINT('',(50.657199619313,22.390992772919));
#4033 = CARTESIAN_POINT('',(49.218167821587,22.851446593524));
#4034 = CARTESIAN_POINT('',(47.616689692141,23.262407149771));
#4035 = CARTESIAN_POINT('',(45.833650503241,23.627157943734));
#4036 = CARTESIAN_POINT('',(43.843530610101,23.948267754131));
#4037 = CARTESIAN_POINT('',(41.611139852431,24.227765399151));
#4038 = CARTESIAN_POINT('',(39.085870579568,24.467263282306));
#4039 = CARTESIAN_POINT('',(36.190693773137,24.668042690065));
#4040 = CARTESIAN_POINT('',(32.798391454021,24.831141425376));
#4041 = CARTESIAN_POINT('',(28.669707410646,24.957359136303));
#4042 = CARTESIAN_POINT('',(23.226001982387,25.047976677562));
#4043 = CARTESIAN_POINT('',(9.756253544403,25.127312888964));
#4044 = CARTESIAN_POINT('',(-8.218351141604,25.077032976062));
#4045 = CARTESIAN_POINT('',(-25.37369171071,25.126203538401));
#4046 = CARTESIAN_POINT('',(-34.29000196482,25.048062506955));
#4047 = CARTESIAN_POINT('',(-37.89364656953,24.957324120793));
#4048 = CARTESIAN_POINT('',(-40.62695659229,24.831086430811));
#4049 = CARTESIAN_POINT('',(-42.87296439462,24.66790604673));
#4050 = CARTESIAN_POINT('',(-44.79006357331,24.466986149885));
#4051 = CARTESIAN_POINT('',(-46.46249307757,24.227247529226));
#4052 = CARTESIAN_POINT('',(-47.94127419172,23.94735727382));
#4053 = CARTESIAN_POINT('',(-49.25993689717,23.625626745752));
#4054 = CARTESIAN_POINT('',(-50.4417910239,23.259922469378));
#4055 = CARTESIAN_POINT('',(-51.50370694858,22.84754211952));
#4056 = CARTESIAN_POINT('',(-52.45823980465,22.385056163373));
#4057 = CARTESIAN_POINT('',(-53.3148832449,21.868107360439));
#4058 = CARTESIAN_POINT('',(-54.08083957052,21.291156968666));
#4059 = CARTESIAN_POINT('',(-54.76153694613,20.647135023643));
#4060 = CARTESIAN_POINT('',(-55.36105657563,19.926866396782));
#4061 = CARTESIAN_POINT('',(-55.88255603538,19.117987267556));
#4062 = CARTESIAN_POINT('',(-56.32866436165,18.202833853546));
#4063 = CARTESIAN_POINT('',(-56.7017307259,17.154306657586));
#4064 = CARTESIAN_POINT('',(-57.00394828118,15.927120516416));
#4065 = CARTESIAN_POINT('',(-57.23717212143,14.435429754406));
#4066 = CARTESIAN_POINT('',(-57.40435053583,12.470950231879));
#4067 = CARTESIAN_POINT('',(-57.54895133916,7.616259683602));
#4068 = CARTESIAN_POINT('',(-57.46129711548,1.125788692737E-04));
#4069 = CARTESIAN_POINT('',(-57.54895358534,-7.616034535229));
#4070 = CARTESIAN_POINT('',(-57.40435055427,-12.47080816668));
#4071 = CARTESIAN_POINT('',(-57.23717211818,-14.43528768906));
#4072 = CARTESIAN_POINT('',(-57.00394828184,-15.92697845109));
#4073 = CARTESIAN_POINT('',(-56.70173072575,-17.15416459226));
#4074 = CARTESIAN_POINT('',(-56.32866436168,-18.20269178822));
#4075 = CARTESIAN_POINT('',(-55.88255603537,-19.11784520223));
#4076 = CARTESIAN_POINT('',(-55.36105657563,-19.92672433146));
#4077 = CARTESIAN_POINT('',(-54.76153694613,-20.64699295832));
#4078 = CARTESIAN_POINT('',(-54.08083957052,-21.29101490334));
#4079 = CARTESIAN_POINT('',(-53.3148832449,-21.86796529511));
#4080 = CARTESIAN_POINT('',(-52.45823980465,-22.38491409805));
#4081 = CARTESIAN_POINT('',(-51.50370694858,-22.84740005419));
#4082 = CARTESIAN_POINT('',(-50.4417910239,-23.25978040405));
#4083 = CARTESIAN_POINT('',(-49.25993689717,-23.62548468043));
#4084 = CARTESIAN_POINT('',(-47.94127419172,-23.94721520849));
#4085 = CARTESIAN_POINT('',(-46.46249307757,-24.2271054639));
#4086 = CARTESIAN_POINT('',(-44.79006357331,-24.46684408454));
#4087 = CARTESIAN_POINT('',(-42.87296439462,-24.66776398148));
#4088 = CARTESIAN_POINT('',(-40.62695659229,-24.8309443651));
#4089 = CARTESIAN_POINT('',(-37.89364656954,-24.95718205742));
#4090 = CARTESIAN_POINT('',(-34.29000196479,-25.04792043043));
#4091 = CARTESIAN_POINT('',(-25.3738706344,-25.12606004421));
#4092 = CARTESIAN_POINT('',(-8.218530067452,-25.07689113801));
#4093 = CARTESIAN_POINT('',(9.756074619222,-25.12717176355));
#4094 = CARTESIAN_POINT('',(23.226001982395,-25.0478346214));
#4095 = CARTESIAN_POINT('',(28.669707410645,-24.95721706938));
#4096 = CARTESIAN_POINT('',(32.798391454022,-24.83099936036));
#4097 = CARTESIAN_POINT('',(36.190693773135,-24.66790062467));
#4098 = CARTESIAN_POINT('',(39.085870579574,-24.46712121699));
#4099 = CARTESIAN_POINT('',(41.611139852414,-24.22762333382));
#4100 = CARTESIAN_POINT('',(43.843530610155,-23.9481256888));
#4101 = CARTESIAN_POINT('',(45.833650503067,-23.62701587841));
#4102 = CARTESIAN_POINT('',(47.616689692703,-23.26226508444));
#4103 = CARTESIAN_POINT('',(49.218167819765,-22.8513045282));
#4104 = CARTESIAN_POINT('',(50.657199625276,-22.39085070759));
#4105 = CARTESIAN_POINT('',(51.948460415608,-21.87665364175));
#4106 = CARTESIAN_POINT('',(53.103399292439,-21.3031368185));
#4107 = CARTESIAN_POINT('',(54.130963356308,-20.66289341317));
#4108 = CARTESIAN_POINT('',(55.037980475343,-19.94599795847));
#4109 = CARTESIAN_POINT('',(55.829344479305,-19.1390370516));
#4110 = CARTESIAN_POINT('',(56.508306660336,-18.22346866181));
#4111 = CARTESIAN_POINT('',(57.077015360218,-17.17209234426));
#4112 = CARTESIAN_POINT('',(57.537748254199,-15.94040366931));
#4113 = CARTESIAN_POINT('',(57.891970326978,-14.44391284144));
#4114 = CARTESIAN_POINT('',(58.148784899867,-12.47467549591));
#4115 = CARTESIAN_POINT('',(58.332068527161,-7.622556884447));
#4116 = CARTESIAN_POINT('',(58.571145714644,-3.328162049818));
#4117 = CARTESIAN_POINT('',(58.010905132972,3.32830411514));
#4118 = ( GEOMETRIC_REPRESENTATION_CONTEXT(2) 
PARAMETRIC_REPRESENTATION_CONTEXT() REPRESENTATION_CONTEXT('2D SPACE',''
  ) );
#4119 = PCURVE('',#1533,#4120);
#4120 = DEFINITIONAL_REPRESENTATION('',(#4121),#4125);
#4121 = LINE('',#4122,#4123);
#4122 = CARTESIAN_POINT('',(0.,-59.));
#4123 = VECTOR('',#4124,1.);
#4124 = DIRECTION('',(1.,0.));
#4125 = ( GEOMETRIC_REPRESENTATION_CONTEXT(2) 
PARAMETRIC_REPRESENTATION_CONTEXT() REPRESENTATION_CONTEXT('2D SPACE',''
  ) );
#4126 = ORIENTED_EDGE('',*,*,#1878,.F.);
#4127 = ORIENTED_EDGE('',*,*,#3677,.T.);
#4128 = ORIENTED_EDGE('',*,*,#1645,.T.);
#4129 = ADVANCED_FACE('',(#4130),#1533,.F.);
#4130 = FACE_BOUND('',#4131,.F.);
#4131 = EDGE_LOOP('',(#4132,#4155,#4272,#4273,#4390,#4391,#4392,#4393,
    #4394,#4395));
#4132 = ORIENTED_EDGE('',*,*,#4133,.F.);
#4133 = EDGE_CURVE('',#4134,#3700,#4136,.T.);
#4134 = VERTEX_POINT('',#4135);
#4135 = CARTESIAN_POINT('',(0.,69.672913297632,64.));
#4136 = SEAM_CURVE('',#4137,(#4141,#4148),.PCURVE_S1.);
#4137 = LINE('',#4138,#4139);
#4138 = CARTESIAN_POINT('',(0.,69.672913297632,64.));
#4139 = VECTOR('',#4140,1.);
#4140 = DIRECTION('',(-1.,-0.,-0.));
#4141 = PCURVE('',#1533,#4142);
#4142 = DEFINITIONAL_REPRESENTATION('',(#4143),#4147);
#4143 = LINE('',#4144,#4145);
#4144 = CARTESIAN_POINT('',(307.19328048949,0.));
#4145 = VECTOR('',#4146,1.);
#4146 = DIRECTION('',(0.,-1.));
#4147 = ( GEOMETRIC_REPRESENTATION_CONTEXT(2) 
PARAMETRIC_REPRESENTATION_CONTEXT() REPRESENTATION_CONTEXT('2D SPACE',''
  ) );
#4148 = PCURVE('',#1533,#4149);
#4149 = DEFINITIONAL_REPRESENTATION('',(#4150),#4154);
#4150 = LINE('',#4151,#4152);
#4151 = CARTESIAN_POINT('',(0.,0.));
#4152 = VECTOR('',#4153,1.);
#4153 = DIRECTION('',(0.,-1.));
#4154 = ( GEOMETRIC_REPRESENTATION_CONTEXT(2) 
PARAMETRIC_REPRESENTATION_CONTEXT() REPRESENTATION_CONTEXT('2D SPACE',''
  ) );
#4155 = ORIENTED_EDGE('',*,*,#4156,.F.);
#4156 = EDGE_CURVE('',#2824,#4134,#4157,.T.);
#4157 = SURFACE_CURVE('',#4158,(#4258,#4265),.PCURVE_S1.);
#4158 = B_SPLINE_CURVE_WITH_KNOTS('',3,(#4159,#4160,#4161,#4162,#4163,
    #4164,#4165,#4166,#4167,#4168,#4169,#4170,#4171,#4172,#4173,#4174,
    #4175,#4176,#4177,#4178,#4179,#4180,#4181,#4182,#4183,#4184,#4185,
    #4186,#4187,#4188,#4189,#4190,#4191,#4192,#4193,#4194,#4195,#4196,
    #4197,#4198,#4199,#4200,#4201,#4202,#4203,#4204,#4205,#4206,#4207,
    #4208,#4209,#4210,#4211,#4212,#4213,#4214,#4215,#4216,#4217,#4218,
    #4219,#4220,#4221,#4222,#4223,#4224,#4225,#4226,#4227,#4228,#4229,
    #4230,#4231,#4232,#4233,#4234,#4235,#4236,#4237,#4238,#4239,#4240,
    #4241,#4242,#4243,#4244,#4245,#4246,#4247,#4248,#4249,#4250,#4251,
    #4252,#4253,#4254,#4255,#4256,#4257),.UNSPECIFIED.,.T.,.F.,(1,1,2,1,
    1,1,1,1,1,1,1,1,1,1,1,1,1,1,1,1,1,1,1,1,1,1,1,1,1,1,1,1,1,1,1,1,1,1,
    1,1,1,1,1,1,1,1,1,1,1,1,1,1,1,1,1,1,1,1,1,1,1,1,1,1,1,1,1,1,1,1,1,1,
    1,1,1,1,1,1,1,1,1,1,1,1,1,1,1,1,1,1,1,1,1,1,1,1,1,1,2,1,1),(
    -12.73666778934,-10.11296462659,0.,10.112964626598,12.736667789343,
    14.578871698217,16.059501754873,17.34087253809,18.512386283993,
    19.633737618649,20.749168125499,21.893252501555,23.093953567575,
    24.374793080826,25.756694105367,27.259667954987,28.904472277368,
    30.714428146398,32.717701126394,34.950572220252,37.46270307716,
    40.326550251725,43.656193374693,47.65074345976,52.717896433844,
    59.989173996988,88.060266779918,106.64167214322,111.4548782201,
    114.80962960979,117.45542209748,119.66280860007,121.56447523164,
    123.23706455914,124.72996391698,126.0778397072,127.30695642614,
    128.43876151795,129.4921509846,130.48505696623,131.43566760367,
    132.36343928437,133.2900175784,134.24024960608,135.24369187279,
    136.3375029567,137.57276169056,139.02977805141,140.86243531063,
    143.48374440221,153.59651559962,163.70953608713,166.33084517872,
    168.16350243794,169.62051879878,170.85577753265,171.94958861655,
    172.95303088327,173.90326291094,174.82984120498,175.75761288568,
    176.70822352312,177.70112950475,178.75451897139,179.88632406321,
    181.11544078215,182.46331657236,183.9562159302,185.62880525771,
    187.53047188928,189.73785839186,192.38365087956,195.73840226925,
    200.55160834613,219.13247693064,247.2041064925,254.47538405565,
    259.54253702973,263.5370871148,266.86673023777,269.73057741233,
    272.24270826924,274.4755793631,276.47885234309,278.28880821212,
    279.9336125345,281.43658638412,282.81848740867,284.09932692192,
    285.30002798794,286.44411236399,287.55954287084,288.6808942055,
    289.8524079514,291.13377873462,292.61440879127,294.45661270015,
    297.08031586289,307.19328048949,317.30624511609,319.92994827883),
  .UNSPECIFIED.);
#4159 = CARTESIAN_POINT('',(0.,69.953033588468,60.671766917521));
#4160 = CARTESIAN_POINT('',(0.,69.392793006797,67.328233082479));
#4161 = CARTESIAN_POINT('',(0.,69.779611788613,71.622627917108));
#4162 = CARTESIAN_POINT('',(0.,69.525345246935,76.474746528571));
#4163 = CARTESIAN_POINT('',(0.,69.274809615173,78.443983874105));
#4164 = CARTESIAN_POINT('',(0.,68.919438997123,79.940474701973));
#4165 = CARTESIAN_POINT('',(0.,68.458948134972,81.172163376922));
#4166 = CARTESIAN_POINT('',(0.,67.890183512569,82.223539694477));
#4167 = CARTESIAN_POINT('',(0.,67.211235231694,83.139108084263));
#4168 = CARTESIAN_POINT('',(0.,66.419867558924,83.946068991133));
#4169 = CARTESIAN_POINT('',(0.,65.51285145544,84.662964445833));
#4170 = CARTESIAN_POINT('',(0.,64.485287100256,85.303207851163));
#4171 = CARTESIAN_POINT('',(0.,63.330348309142,85.876724674412));
#4172 = CARTESIAN_POINT('',(0.,62.039087493138,86.390921740258));
#4173 = CARTESIAN_POINT('',(0.,60.600055695412,86.851375560863));
#4174 = CARTESIAN_POINT('',(0.,58.998577565966,87.262336117109));
#4175 = CARTESIAN_POINT('',(0.,57.215538377066,87.627086911073));
#4176 = CARTESIAN_POINT('',(0.,55.225418483925,87.94819672147));
#4177 = CARTESIAN_POINT('',(0.,52.993027726256,88.22769436649));
#4178 = CARTESIAN_POINT('',(0.,50.467758453393,88.467192249645));
#4179 = CARTESIAN_POINT('',(0.,47.572581646961,88.667971657404));
#4180 = CARTESIAN_POINT('',(0.,44.180279327846,88.831070392715));
#4181 = CARTESIAN_POINT('',(0.,40.051595284471,88.957288103642));
#4182 = CARTESIAN_POINT('',(0.,34.607889856211,89.047905644901));
#4183 = CARTESIAN_POINT('',(0.,21.138141418228,89.127241856303));
#4184 = CARTESIAN_POINT('',(0.,3.16353673222,89.076961943401));
#4185 = CARTESIAN_POINT('',(0.,-13.99180383689,89.12613250574));
#4186 = CARTESIAN_POINT('',(0.,-22.90811409099,89.047991474294));
#4187 = CARTESIAN_POINT('',(0.,-26.51175869571,88.957253088132));
#4188 = CARTESIAN_POINT('',(0.,-29.24506871847,88.83101539815));
#4189 = CARTESIAN_POINT('',(0.,-31.49107652079,88.667835014069));
#4190 = CARTESIAN_POINT('',(0.,-33.40817569948,88.466915117224));
#4191 = CARTESIAN_POINT('',(0.,-35.08060520375,88.227176496565));
#4192 = CARTESIAN_POINT('',(0.,-36.5593863179,87.947286241159));
#4193 = CARTESIAN_POINT('',(0.,-37.87804902335,87.625555713091));
#4194 = CARTESIAN_POINT('',(0.,-39.05990315007,87.259851436717));
#4195 = CARTESIAN_POINT('',(0.,-40.12181907475,86.847471086859));
#4196 = CARTESIAN_POINT('',(0.,-41.07635193082,86.384985130712));
#4197 = CARTESIAN_POINT('',(0.,-41.93299537108,85.868036327778));
#4198 = CARTESIAN_POINT('',(0.,-42.6989516967,85.291085936005));
#4199 = CARTESIAN_POINT('',(0.,-43.3796490723,84.647063990982));
#4200 = CARTESIAN_POINT('',(0.,-43.9791687018,83.926795364121));
#4201 = CARTESIAN_POINT('',(0.,-44.50066816155,83.117916234895));
#4202 = CARTESIAN_POINT('',(0.,-44.94677648782,82.202762820885));
#4203 = CARTESIAN_POINT('',(0.,-45.31984285207,81.154235624925));
#4204 = CARTESIAN_POINT('',(0.,-45.62206040736,79.927049483754));
#4205 = CARTESIAN_POINT('',(0.,-45.85528424761,78.435358721745));
#4206 = CARTESIAN_POINT('',(0.,-46.022462662,76.470879199217));
#4207 = CARTESIAN_POINT('',(0.,-46.16706346533,71.616188650941));
#4208 = CARTESIAN_POINT('',(0.,-46.07940924165,64.000041546208));
#4209 = CARTESIAN_POINT('',(0.,-46.16706571151,56.38389443211));
#4210 = CARTESIAN_POINT('',(0.,-46.02246268045,51.529120800657));
#4211 = CARTESIAN_POINT('',(0.,-45.85528424436,49.564641278277));
#4212 = CARTESIAN_POINT('',(0.,-45.62206040801,48.072950516241));
#4213 = CARTESIAN_POINT('',(0.,-45.31984285193,46.845764375076));
#4214 = CARTESIAN_POINT('',(0.,-44.94677648785,45.797237179114));
#4215 = CARTESIAN_POINT('',(0.,-44.50066816154,44.882083765105));
#4216 = CARTESIAN_POINT('',(0.,-43.9791687018,44.073204635879));
#4217 = CARTESIAN_POINT('',(0.,-43.3796490723,43.352936009018));
#4218 = CARTESIAN_POINT('',(0.,-42.6989516967,42.708914063995));
#4219 = CARTESIAN_POINT('',(0.,-41.93299537108,42.131963672222));
#4220 = CARTESIAN_POINT('',(0.,-41.07635193082,41.615014869288));
#4221 = CARTESIAN_POINT('',(0.,-40.12181907475,41.152528913141));
#4222 = CARTESIAN_POINT('',(0.,-39.05990315007,40.740148563283));
#4223 = CARTESIAN_POINT('',(0.,-37.87804902335,40.374444286908));
#4224 = CARTESIAN_POINT('',(0.,-36.5593863179,40.052713758842));
#4225 = CARTESIAN_POINT('',(0.,-35.08060520375,39.772823503431));
#4226 = CARTESIAN_POINT('',(0.,-33.40817569948,39.533084882793));
#4227 = CARTESIAN_POINT('',(0.,-31.49107652079,39.33216498585));
#4228 = CARTESIAN_POINT('',(0.,-29.24506871847,39.168984602236));
#4229 = CARTESIAN_POINT('',(0.,-26.51175869571,39.042746909916));
#4230 = CARTESIAN_POINT('',(0.,-22.90811409097,38.952008536901));
#4231 = CARTESIAN_POINT('',(0.,-13.99198276057,38.873868923129));
#4232 = CARTESIAN_POINT('',(0.,3.163357806372,38.92303782932));
#4233 = CARTESIAN_POINT('',(0.,21.137962493047,38.872757203787));
#4234 = CARTESIAN_POINT('',(0.,34.607889856219,38.952094345936));
#4235 = CARTESIAN_POINT('',(0.,40.05159528447,39.042711897956));
#4236 = CARTESIAN_POINT('',(0.,44.180279327847,39.16892960697));
#4237 = CARTESIAN_POINT('',(0.,47.572581646959,39.332028342662));
#4238 = CARTESIAN_POINT('',(0.,50.467758453399,39.53280775034));
#4239 = CARTESIAN_POINT('',(0.,52.993027726239,39.772305633513));
#4240 = CARTESIAN_POINT('',(0.,55.22541848398,40.05180327853));
#4241 = CARTESIAN_POINT('',(0.,57.215538376892,40.372913088927));
#4242 = CARTESIAN_POINT('',(0.,58.998577566528,40.737663882891));
#4243 = CARTESIAN_POINT('',(0.,60.60005569359,41.148624439137));
#4244 = CARTESIAN_POINT('',(0.,62.039087499101,41.609078259742));
#4245 = CARTESIAN_POINT('',(0.,63.330348289433,42.123275325588));
#4246 = CARTESIAN_POINT('',(0.,64.485287166264,42.696792148837));
#4247 = CARTESIAN_POINT('',(0.,65.512851230133,43.337035554167));
#4248 = CARTESIAN_POINT('',(0.,66.419868349168,44.053931008867));
#4249 = CARTESIAN_POINT('',(0.,67.21123235313,44.860891915737));
#4250 = CARTESIAN_POINT('',(0.,67.890194534161,45.776460305523));
#4251 = CARTESIAN_POINT('',(0.,68.458903234043,46.827836623078));
#4252 = CARTESIAN_POINT('',(0.,68.919636128024,48.059525298027));
#4253 = CARTESIAN_POINT('',(0.,69.273858200803,49.556016125895));
#4254 = CARTESIAN_POINT('',(0.,69.530672773692,51.525253471429));
#4255 = CARTESIAN_POINT('',(0.,69.713956400986,56.377372082892));
#4256 = CARTESIAN_POINT('',(0.,69.953033588468,60.671766917521));
#4257 = CARTESIAN_POINT('',(0.,69.392793006797,67.328233082479));
#4258 = PCURVE('',#1533,#4259);
#4259 = DEFINITIONAL_REPRESENTATION('',(#4260),#4264);
#4260 = LINE('',#4261,#4262);
#4261 = CARTESIAN_POINT('',(0.,0.));
#4262 = VECTOR('',#4263,1.);
#4263 = DIRECTION('',(1.,0.));
#4264 = ( GEOMETRIC_REPRESENTATION_CONTEXT(2) 
PARAMETRIC_REPRESENTATION_CONTEXT() REPRESENTATION_CONTEXT('2D SPACE',''
  ) );
#4265 = PCURVE('',#2909,#4266);
#4266 = DEFINITIONAL_REPRESENTATION('',(#4267),#4271);
#4267 = LINE('',#4268,#4269);
#4268 = CARTESIAN_POINT('',(0.,0.));
#4269 = VECTOR('',#4270,1.);
#4270 = DIRECTION('',(1.,0.));
#4271 = ( GEOMETRIC_REPRESENTATION_CONTEXT(2) 
PARAMETRIC_REPRESENTATION_CONTEXT() REPRESENTATION_CONTEXT('2D SPACE',''
  ) );
#4272 = ORIENTED_EDGE('',*,*,#3296,.T.);
#4273 = ORIENTED_EDGE('',*,*,#4274,.F.);
#4274 = EDGE_CURVE('',#4134,#3079,#4275,.T.);
#4275 = SURFACE_CURVE('',#4276,(#4376,#4383),.PCURVE_S1.);
#4276 = B_SPLINE_CURVE_WITH_KNOTS('',3,(#4277,#4278,#4279,#4280,#4281,
    #4282,#4283,#4284,#4285,#4286,#4287,#4288,#4289,#4290,#4291,#4292,
    #4293,#4294,#4295,#4296,#4297,#4298,#4299,#4300,#4301,#4302,#4303,
    #4304,#4305,#4306,#4307,#4308,#4309,#4310,#4311,#4312,#4313,#4314,
    #4315,#4316,#4317,#4318,#4319,#4320,#4321,#4322,#4323,#4324,#4325,
    #4326,#4327,#4328,#4329,#4330,#4331,#4332,#4333,#4334,#4335,#4336,
    #4337,#4338,#4339,#4340,#4341,#4342,#4343,#4344,#4345,#4346,#4347,
    #4348,#4349,#4350,#4351,#4352,#4353,#4354,#4355,#4356,#4357,#4358,
    #4359,#4360,#4361,#4362,#4363,#4364,#4365,#4366,#4367,#4368,#4369,
    #4370,#4371,#4372,#4373,#4374,#4375),.UNSPECIFIED.,.T.,.F.,(1,1,2,1,
    1,1,1,1,1,1,1,1,1,1,1,1,1,1,1,1,1,1,1,1,1,1,1,1,1,1,1,1,1,1,1,1,1,1,
    1,1,1,1,1,1,1,1,1,1,1,1,1,1,1,1,1,1,1,1,1,1,1,1,1,1,1,1,1,1,1,1,1,1,
    1,1,1,1,1,1,1,1,1,1,1,1,1,1,1,1,1,1,1,1,1,1,1,1,1,1,2,1,1),(
    -12.73666778934,-10.11296462659,0.,10.112964626598,12.736667789343,
    14.578871698217,16.059501754873,17.34087253809,18.512386283993,
    19.633737618649,20.749168125499,21.893252501555,23.093953567575,
    24.374793080826,25.756694105367,27.259667954987,28.904472277368,
    30.714428146398,32.717701126394,34.950572220252,37.46270307716,
    40.326550251725,43.656193374693,47.65074345976,52.717896433844,
    59.989173996988,88.060266779918,106.64167214322,111.4548782201,
    114.80962960979,117.45542209748,119.66280860007,121.56447523164,
    123.23706455914,124.72996391698,126.0778397072,127.30695642614,
    128.43876151795,129.4921509846,130.48505696623,131.43566760367,
    132.36343928437,133.2900175784,134.24024960608,135.24369187279,
    136.3375029567,137.57276169056,139.02977805141,140.86243531063,
    143.48374440221,153.59651559962,163.70953608713,166.33084517872,
    168.16350243794,169.62051879878,170.85577753265,171.94958861655,
    172.95303088327,173.90326291094,174.82984120498,175.75761288568,
    176.70822352312,177.70112950475,178.75451897139,179.88632406321,
    181.11544078215,182.46331657236,183.9562159302,185.62880525771,
    187.53047188928,189.73785839186,192.38365087956,195.73840226925,
    200.55160834613,219.13247693064,247.2041064925,254.47538405565,
    259.54253702973,263.5370871148,266.86673023777,269.73057741233,
    272.24270826924,274.4755793631,276.47885234309,278.28880821212,
    279.9336125345,281.43658638412,282.81848740867,284.09932692192,
    285.30002798794,286.44411236399,287.55954287084,288.6808942055,
    289.8524079514,291.13377873462,292.61440879127,294.45661270015,
    297.08031586289,307.19328048949,317.30624511609,319.92994827883),
  .UNSPECIFIED.);
#4277 = CARTESIAN_POINT('',(0.,69.953033588468,60.671766917521));
#4278 = CARTESIAN_POINT('',(0.,69.392793006797,67.328233082479));
#4279 = CARTESIAN_POINT('',(0.,69.779611788613,71.622627917108));
#4280 = CARTESIAN_POINT('',(0.,69.525345246935,76.474746528571));
#4281 = CARTESIAN_POINT('',(0.,69.274809615173,78.443983874105));
#4282 = CARTESIAN_POINT('',(0.,68.919438997123,79.940474701973));
#4283 = CARTESIAN_POINT('',(0.,68.458948134972,81.172163376922));
#4284 = CARTESIAN_POINT('',(0.,67.890183512569,82.223539694477));
#4285 = CARTESIAN_POINT('',(0.,67.211235231694,83.139108084263));
#4286 = CARTESIAN_POINT('',(0.,66.419867558924,83.946068991133));
#4287 = CARTESIAN_POINT('',(0.,65.51285145544,84.662964445833));
#4288 = CARTESIAN_POINT('',(0.,64.485287100256,85.303207851163));
#4289 = CARTESIAN_POINT('',(0.,63.330348309142,85.876724674412));
#4290 = CARTESIAN_POINT('',(0.,62.039087493138,86.390921740258));
#4291 = CARTESIAN_POINT('',(0.,60.600055695412,86.851375560863));
#4292 = CARTESIAN_POINT('',(0.,58.998577565966,87.262336117109));
#4293 = CARTESIAN_POINT('',(0.,57.215538377066,87.627086911073));
#4294 = CARTESIAN_POINT('',(0.,55.225418483925,87.94819672147));
#4295 = CARTESIAN_POINT('',(0.,52.993027726256,88.22769436649));
#4296 = CARTESIAN_POINT('',(0.,50.467758453393,88.467192249645));
#4297 = CARTESIAN_POINT('',(0.,47.572581646961,88.667971657404));
#4298 = CARTESIAN_POINT('',(0.,44.180279327846,88.831070392715));
#4299 = CARTESIAN_POINT('',(0.,40.051595284471,88.957288103642));
#4300 = CARTESIAN_POINT('',(0.,34.607889856211,89.047905644901));
#4301 = CARTESIAN_POINT('',(0.,21.138141418228,89.127241856303));
#4302 = CARTESIAN_POINT('',(0.,3.16353673222,89.076961943401));
#4303 = CARTESIAN_POINT('',(0.,-13.99180383689,89.12613250574));
#4304 = CARTESIAN_POINT('',(0.,-22.90811409099,89.047991474294));
#4305 = CARTESIAN_POINT('',(0.,-26.51175869571,88.957253088132));
#4306 = CARTESIAN_POINT('',(0.,-29.24506871847,88.83101539815));
#4307 = CARTESIAN_POINT('',(0.,-31.49107652079,88.667835014069));
#4308 = CARTESIAN_POINT('',(0.,-33.40817569948,88.466915117224));
#4309 = CARTESIAN_POINT('',(0.,-35.08060520375,88.227176496565));
#4310 = CARTESIAN_POINT('',(0.,-36.5593863179,87.947286241159));
#4311 = CARTESIAN_POINT('',(0.,-37.87804902335,87.625555713091));
#4312 = CARTESIAN_POINT('',(0.,-39.05990315007,87.259851436717));
#4313 = CARTESIAN_POINT('',(0.,-40.12181907475,86.847471086859));
#4314 = CARTESIAN_POINT('',(0.,-41.07635193082,86.384985130712));
#4315 = CARTESIAN_POINT('',(0.,-41.93299537108,85.868036327778));
#4316 = CARTESIAN_POINT('',(0.,-42.6989516967,85.291085936005));
#4317 = CARTESIAN_POINT('',(0.,-43.3796490723,84.647063990982));
#4318 = CARTESIAN_POINT('',(0.,-43.9791687018,83.926795364121));
#4319 = CARTESIAN_POINT('',(0.,-44.50066816155,83.117916234895));
#4320 = CARTESIAN_POINT('',(0.,-44.94677648782,82.202762820885));
#4321 = CARTESIAN_POINT('',(0.,-45.31984285207,81.154235624925));
#4322 = CARTESIAN_POINT('',(0.,-45.62206040736,79.927049483754));
#4323 = CARTESIAN_POINT('',(0.,-45.85528424761,78.435358721745));
#4324 = CARTESIAN_POINT('',(0.,-46.022462662,76.470879199217));
#4325 = CARTESIAN_POINT('',(0.,-46.16706346533,71.616188650941));
#4326 = CARTESIAN_POINT('',(0.,-46.07940924165,64.000041546208));
#4327 = CARTESIAN_POINT('',(0.,-46.16706571151,56.38389443211));
#4328 = CARTESIAN_POINT('',(0.,-46.02246268045,51.529120800657));
#4329 = CARTESIAN_POINT('',(0.,-45.85528424436,49.564641278277));
#4330 = CARTESIAN_POINT('',(0.,-45.62206040801,48.072950516241));
#4331 = CARTESIAN_POINT('',(0.,-45.31984285193,46.845764375076));
#4332 = CARTESIAN_POINT('',(0.,-44.94677648785,45.797237179114));
#4333 = CARTESIAN_POINT('',(0.,-44.50066816154,44.882083765105));
#4334 = CARTESIAN_POINT('',(0.,-43.9791687018,44.073204635879));
#4335 = CARTESIAN_POINT('',(0.,-43.3796490723,43.352936009018));
#4336 = CARTESIAN_POINT('',(0.,-42.6989516967,42.708914063995));
#4337 = CARTESIAN_POINT('',(0.,-41.93299537108,42.131963672222));
#4338 = CARTESIAN_POINT('',(0.,-41.07635193082,41.615014869288));
#4339 = CARTESIAN_POINT('',(0.,-40.12181907475,41.152528913141));
#4340 = CARTESIAN_POINT('',(0.,-39.05990315007,40.740148563283));
#4341 = CARTESIAN_POINT('',(0.,-37.87804902335,40.374444286908));
#4342 = CARTESIAN_POINT('',(0.,-36.5593863179,40.052713758842));
#4343 = CARTESIAN_POINT('',(0.,-35.08060520375,39.772823503431));
#4344 = CARTESIAN_POINT('',(0.,-33.40817569948,39.533084882793));
#4345 = CARTESIAN_POINT('',(0.,-31.49107652079,39.33216498585));
#4346 = CARTESIAN_POINT('',(0.,-29.24506871847,39.168984602236));
#4347 = CARTESIAN_POINT('',(0.,-26.51175869571,39.042746909916));
#4348 = CARTESIAN_POINT('',(0.,-22.90811409097,38.952008536901));
#4349 = CARTESIAN_POINT('',(0.,-13.99198276057,38.873868923129));
#4350 = CARTESIAN_POINT('',(0.,3.163357806372,38.92303782932));
#4351 = CARTESIAN_POINT('',(0.,21.137962493047,38.872757203787));
#4352 = CARTESIAN_POINT('',(0.,34.607889856219,38.952094345936));
#4353 = CARTESIAN_POINT('',(0.,40.05159528447,39.042711897956));
#4354 = CARTESIAN_POINT('',(0.,44.180279327847,39.16892960697));
#4355 = CARTESIAN_POINT('',(0.,47.572581646959,39.332028342662));
#4356 = CARTESIAN_POINT('',(0.,50.467758453399,39.53280775034));
#4357 = CARTESIAN_POINT('',(0.,52.993027726239,39.772305633513));
#4358 = CARTESIAN_POINT('',(0.,55.22541848398,40.05180327853));
#4359 = CARTESIAN_POINT('',(0.,57.215538376892,40.372913088927));
#4360 = CARTESIAN_POINT('',(0.,58.998577566528,40.737663882891));
#4361 = CARTESIAN_POINT('',(0.,60.60005569359,41.148624439137));
#4362 = CARTESIAN_POINT('',(0.,62.039087499101,41.609078259742));
#4363 = CARTESIAN_POINT('',(0.,63.330348289433,42.123275325588));
#4364 = CARTESIAN_POINT('',(0.,64.485287166264,42.696792148837));
#4365 = CARTESIAN_POINT('',(0.,65.512851230133,43.337035554167));
#4366 = CARTESIAN_POINT('',(0.,66.419868349168,44.053931008867));
#4367 = CARTESIAN_POINT('',(0.,67.21123235313,44.860891915737));
#4368 = CARTESIAN_POINT('',(0.,67.890194534161,45.776460305523));
#4369 = CARTESIAN_POINT('',(0.,68.458903234043,46.827836623078));
#4370 = CARTESIAN_POINT('',(0.,68.919636128024,48.059525298027));
#4371 = CARTESIAN_POINT('',(0.,69.273858200803,49.556016125895));
#4372 = CARTESIAN_POINT('',(0.,69.530672773692,51.525253471429));
#4373 = CARTESIAN_POINT('',(0.,69.713956400986,56.377372082892));
#4374 = CARTESIAN_POINT('',(0.,69.953033588468,60.671766917521));
#4375 = CARTESIAN_POINT('',(0.,69.392793006797,67.328233082479));
#4376 = PCURVE('',#1533,#4377);
#4377 = DEFINITIONAL_REPRESENTATION('',(#4378),#4382);
#4378 = LINE('',#4379,#4380);
#4379 = CARTESIAN_POINT('',(0.,0.));
#4380 = VECTOR('',#4381,1.);
#4381 = DIRECTION('',(1.,0.));
#4382 = ( GEOMETRIC_REPRESENTATION_CONTEXT(2) 
PARAMETRIC_REPRESENTATION_CONTEXT() REPRESENTATION_CONTEXT('2D SPACE',''
  ) );
#4383 = PCURVE('',#2909,#4384);
#4384 = DEFINITIONAL_REPRESENTATION('',(#4385),#4389);
#4385 = LINE('',#4386,#4387);
#4386 = CARTESIAN_POINT('',(0.,0.));
#4387 = VECTOR('',#4388,1.);
#4388 = DIRECTION('',(1.,0.));
#4389 = ( GEOMETRIC_REPRESENTATION_CONTEXT(2) 
PARAMETRIC_REPRESENTATION_CONTEXT() REPRESENTATION_CONTEXT('2D SPACE',''
  ) );
#4390 = ORIENTED_EDGE('',*,*,#4133,.T.);
#4391 = ORIENTED_EDGE('',*,*,#3914,.T.);
#4392 = ORIENTED_EDGE('',*,*,#1849,.T.);
#4393 = ORIENTED_EDGE('',*,*,#1673,.F.);
#4394 = ORIENTED_EDGE('',*,*,#1513,.F.);
#4395 = ORIENTED_EDGE('',*,*,#3699,.T.);
#4396 = ADVANCED_FACE('',(#4397),#2370,.T.);
#4397 = FACE_BOUND('',#4398,.T.);
#4398 = EDGE_LOOP('',(#4399,#4400,#4401,#4422,#4448));
#4399 = ORIENTED_EDGE('',*,*,#2607,.T.);
#4400 = ORIENTED_EDGE('',*,*,#2258,.T.);
#4401 = ORIENTED_EDGE('',*,*,#4402,.F.);
#4402 = EDGE_CURVE('',#4403,#2259,#4405,.T.);
#4403 = VERTEX_POINT('',#4404);
#4404 = CARTESIAN_POINT('',(62.,15.,52.75));
#4405 = SURFACE_CURVE('',#4406,(#4410,#4416),.PCURVE_S1.);
#4406 = LINE('',#4407,#4408);
#4407 = CARTESIAN_POINT('',(62.,15.,58.374963718606));
#4408 = VECTOR('',#4409,1.);
#4409 = DIRECTION('',(0.,-0.,1.));
#4410 = PCURVE('',#2370,#4411);
#4411 = DEFINITIONAL_REPRESENTATION('',(#4412),#4415);
#4412 = B_SPLINE_CURVE_WITH_KNOTS('',1,(#4413,#4414),.UNSPECIFIED.,.F.,
  .F.,(2,2),(-5.624963718606,33.755488528822),.PIECEWISE_BEZIER_KNOTS.);
#4413 = CARTESIAN_POINT('',(3.633399951758,-11.24992743721));
#4414 = CARTESIAN_POINT('',(3.633399951758,28.130524810216));
#4415 = ( GEOMETRIC_REPRESENTATION_CONTEXT(2) 
PARAMETRIC_REPRESENTATION_CONTEXT() REPRESENTATION_CONTEXT('2D SPACE',''
  ) );
#4416 = PCURVE('',#2498,#4417);
#4417 = DEFINITIONAL_REPRESENTATION('',(#4418),#4421);
#4418 = B_SPLINE_CURVE_WITH_KNOTS('',1,(#4419,#4420),.UNSPECIFIED.,.F.,
  .F.,(2,2),(-5.624963718606,33.755488528822),.PIECEWISE_BEZIER_KNOTS.);
#4419 = CARTESIAN_POINT('',(0.,30.5));
#4420 = CARTESIAN_POINT('',(39.380452247429,30.5));
#4421 = ( GEOMETRIC_REPRESENTATION_CONTEXT(2) 
PARAMETRIC_REPRESENTATION_CONTEXT() REPRESENTATION_CONTEXT('2D SPACE',''
  ) );
#4422 = ORIENTED_EDGE('',*,*,#4423,.T.);
#4423 = EDGE_CURVE('',#4403,#4424,#4426,.T.);
#4424 = VERTEX_POINT('',#4425);
#4425 = CARTESIAN_POINT('',(62.,-15.,52.75));
#4426 = SURFACE_CURVE('',#4427,(#4431,#4437),.PCURVE_S1.);
#4427 = LINE('',#4428,#4429);
#4428 = CARTESIAN_POINT('',(62.,-1.816699975879,52.75));
#4429 = VECTOR('',#4430,1.);
#4430 = DIRECTION('',(0.,-1.,0.));
#4431 = PCURVE('',#2370,#4432);
#4432 = DEFINITIONAL_REPRESENTATION('',(#4433),#4436);
#4433 = B_SPLINE_CURVE_WITH_KNOTS('',1,(#4434,#4435),.UNSPECIFIED.,.F.,
  .F.,(2,2),(-16.81669997587,13.183300024121),.PIECEWISE_BEZIER_KNOTS.);
#4434 = CARTESIAN_POINT('',(3.633399951758,-11.24992743721));
#4435 = CARTESIAN_POINT('',(-26.36660004824,-11.24992743721));
#4436 = ( GEOMETRIC_REPRESENTATION_CONTEXT(2) 
PARAMETRIC_REPRESENTATION_CONTEXT() REPRESENTATION_CONTEXT('2D SPACE',''
  ) );
#4437 = PCURVE('',#4438,#4443);
#4438 = PLANE('',#4439);
#4439 = AXIS2_PLACEMENT_3D('',#4440,#4441,#4442);
#4440 = CARTESIAN_POINT('',(31.5,-15.,52.75));
#4441 = DIRECTION('',(0.,0.,1.));
#4442 = DIRECTION('',(1.,0.,-0.));
#4443 = DEFINITIONAL_REPRESENTATION('',(#4444),#4447);
#4444 = B_SPLINE_CURVE_WITH_KNOTS('',1,(#4445,#4446),.UNSPECIFIED.,.F.,
  .F.,(2,2),(-16.81669997587,13.183300024121),.PIECEWISE_BEZIER_KNOTS.);
#4445 = CARTESIAN_POINT('',(30.5,30.));
#4446 = CARTESIAN_POINT('',(30.5,0.));
#4447 = ( GEOMETRIC_REPRESENTATION_CONTEXT(2) 
PARAMETRIC_REPRESENTATION_CONTEXT() REPRESENTATION_CONTEXT('2D SPACE',''
  ) );
#4448 = ORIENTED_EDGE('',*,*,#4449,.T.);
#4449 = EDGE_CURVE('',#4424,#2574,#4450,.T.);
#4450 = SURFACE_CURVE('',#4451,(#4455,#4461),.PCURVE_S1.);
#4451 = LINE('',#4452,#4453);
#4452 = CARTESIAN_POINT('',(62.,-15.,58.374963718606));
#4453 = VECTOR('',#4454,1.);
#4454 = DIRECTION('',(0.,-0.,1.));
#4455 = PCURVE('',#2370,#4456);
#4456 = DEFINITIONAL_REPRESENTATION('',(#4457),#4460);
#4457 = B_SPLINE_CURVE_WITH_KNOTS('',1,(#4458,#4459),.UNSPECIFIED.,.F.,
  .F.,(2,2),(-5.624963718606,33.755488528822),.PIECEWISE_BEZIER_KNOTS.);
#4458 = CARTESIAN_POINT('',(-26.36660004824,-11.24992743721));
#4459 = CARTESIAN_POINT('',(-26.36660004824,28.130524810216));
#4460 = ( GEOMETRIC_REPRESENTATION_CONTEXT(2) 
PARAMETRIC_REPRESENTATION_CONTEXT() REPRESENTATION_CONTEXT('2D SPACE',''
  ) );
#4461 = PCURVE('',#2593,#4462);
#4462 = DEFINITIONAL_REPRESENTATION('',(#4463),#4466);
#4463 = B_SPLINE_CURVE_WITH_KNOTS('',1,(#4464,#4465),.UNSPECIFIED.,.F.,
  .F.,(2,2),(-5.624963718606,33.755488528822),.PIECEWISE_BEZIER_KNOTS.);
#4464 = CARTESIAN_POINT('',(0.,30.5));
#4465 = CARTESIAN_POINT('',(39.380452247429,30.5));
#4466 = ( GEOMETRIC_REPRESENTATION_CONTEXT(2) 
PARAMETRIC_REPRESENTATION_CONTEXT() REPRESENTATION_CONTEXT('2D SPACE',''
  ) );
#4467 = ADVANCED_FACE('',(#4468),#2593,.T.);
#4468 = FACE_BOUND('',#4469,.T.);
#4469 = EDGE_LOOP('',(#4470,#4493,#4519,#4548,#4569,#4570));
#4470 = ORIENTED_EDGE('',*,*,#4471,.F.);
#4471 = EDGE_CURVE('',#4472,#4424,#4474,.T.);
#4472 = VERTEX_POINT('',#4473);
#4473 = CARTESIAN_POINT('',(59.,-15.,52.75));
#4474 = SURFACE_CURVE('',#4475,(#4479,#4486),.PCURVE_S1.);
#4475 = LINE('',#4476,#4477);
#4476 = CARTESIAN_POINT('',(31.5,-15.,52.75));
#4477 = VECTOR('',#4478,1.);
#4478 = DIRECTION('',(1.,0.,-0.));
#4479 = PCURVE('',#2593,#4480);
#4480 = DEFINITIONAL_REPRESENTATION('',(#4481),#4485);
#4481 = LINE('',#4482,#4483);
#4482 = CARTESIAN_POINT('',(0.,0.));
#4483 = VECTOR('',#4484,1.);
#4484 = DIRECTION('',(0.,1.));
#4485 = ( GEOMETRIC_REPRESENTATION_CONTEXT(2) 
PARAMETRIC_REPRESENTATION_CONTEXT() REPRESENTATION_CONTEXT('2D SPACE',''
  ) );
#4486 = PCURVE('',#4438,#4487);
#4487 = DEFINITIONAL_REPRESENTATION('',(#4488),#4492);
#4488 = LINE('',#4489,#4490);
#4489 = CARTESIAN_POINT('',(0.,0.));
#4490 = VECTOR('',#4491,1.);
#4491 = DIRECTION('',(1.,0.));
#4492 = ( GEOMETRIC_REPRESENTATION_CONTEXT(2) 
PARAMETRIC_REPRESENTATION_CONTEXT() REPRESENTATION_CONTEXT('2D SPACE',''
  ) );
#4493 = ORIENTED_EDGE('',*,*,#4494,.T.);
#4494 = EDGE_CURVE('',#4472,#4495,#4497,.T.);
#4495 = VERTEX_POINT('',#4496);
#4496 = CARTESIAN_POINT('',(59.,-15.,89.099023090926));
#4497 = SURFACE_CURVE('',#4498,(#4502,#4508),.PCURVE_S1.);
#4498 = LINE('',#4499,#4500);
#4499 = CARTESIAN_POINT('',(59.,-15.,58.374964483669));
#4500 = VECTOR('',#4501,1.);
#4501 = DIRECTION('',(0.,-0.,1.));
#4502 = PCURVE('',#2593,#4503);
#4503 = DEFINITIONAL_REPRESENTATION('',(#4504),#4507);
#4504 = B_SPLINE_CURVE_WITH_KNOTS('',1,(#4505,#4506),.UNSPECIFIED.,.F.,
  .F.,(2,2),(-5.624964483669,30.752277372634),.PIECEWISE_BEZIER_KNOTS.);
#4505 = CARTESIAN_POINT('',(0.,27.5));
#4506 = CARTESIAN_POINT('',(36.377241856303,27.5));
#4507 = ( GEOMETRIC_REPRESENTATION_CONTEXT(2) 
PARAMETRIC_REPRESENTATION_CONTEXT() REPRESENTATION_CONTEXT('2D SPACE',''
  ) );
#4508 = PCURVE('',#4509,#4514);
#4509 = PLANE('',#4510);
#4510 = AXIS2_PLACEMENT_3D('',#4511,#4512,#4513);
#4511 = CARTESIAN_POINT('',(59.,11.381887873825,63.999928967339));
#4512 = DIRECTION('',(1.,0.,0.));
#4513 = DIRECTION('',(0.,1.,0.));
#4514 = DEFINITIONAL_REPRESENTATION('',(#4515),#4518);
#4515 = B_SPLINE_CURVE_WITH_KNOTS('',1,(#4516,#4517),.UNSPECIFIED.,.F.,
  .F.,(2,2),(-5.624964483669,30.752277372634),.PIECEWISE_BEZIER_KNOTS.);
#4516 = CARTESIAN_POINT('',(-26.38188787382,-11.24992896733));
#4517 = CARTESIAN_POINT('',(-26.38188787382,25.127312888964));
#4518 = ( GEOMETRIC_REPRESENTATION_CONTEXT(2) 
PARAMETRIC_REPRESENTATION_CONTEXT() REPRESENTATION_CONTEXT('2D SPACE',''
  ) );
#4519 = ORIENTED_EDGE('',*,*,#4520,.T.);
#4520 = EDGE_CURVE('',#4495,#4521,#4523,.T.);
#4521 = VERTEX_POINT('',#4522);
#4522 = CARTESIAN_POINT('',(31.5,-15.,89.099023090926));
#4523 = SURFACE_CURVE('',#4524,(#4530,#4539),.PCURVE_S1.);
#4524 = B_SPLINE_CURVE_WITH_KNOTS('',4,(#4525,#4526,#4527,#4528,#4529),
  .UNSPECIFIED.,.F.,.F.,(5,5),(0.,1.),.PIECEWISE_BEZIER_KNOTS.);
#4525 = CARTESIAN_POINT('',(59.0000006,-15.,89.099023090926));
#4526 = CARTESIAN_POINT('',(52.12500045,-15.,89.099023090926));
#4527 = CARTESIAN_POINT('',(45.2500003,-15.,89.099023090926));
#4528 = CARTESIAN_POINT('',(38.37500015,-15.,89.099023090926));
#4529 = CARTESIAN_POINT('',(31.5,-15.,89.099023090926));
#4530 = PCURVE('',#2593,#4531);
#4531 = DEFINITIONAL_REPRESENTATION('',(#4532),#4538);
#4532 = B_SPLINE_CURVE_WITH_KNOTS('',4,(#4533,#4534,#4535,#4536,#4537),
  .UNSPECIFIED.,.F.,.F.,(5,5),(0.,1.),.PIECEWISE_BEZIER_KNOTS.);
#4533 = CARTESIAN_POINT('',(36.349023090926,27.5000006));
#4534 = CARTESIAN_POINT('',(36.349023090926,20.62500045));
#4535 = CARTESIAN_POINT('',(36.349023090926,13.7500003));
#4536 = CARTESIAN_POINT('',(36.349023090926,6.87500015));
#4537 = CARTESIAN_POINT('',(36.349023090926,0.));
#4538 = ( GEOMETRIC_REPRESENTATION_CONTEXT(2) 
PARAMETRIC_REPRESENTATION_CONTEXT() REPRESENTATION_CONTEXT('2D SPACE',''
  ) );
#4539 = PCURVE('',#2909,#4540);
#4540 = DEFINITIONAL_REPRESENTATION('',(#4541),#4547);
#4541 = B_SPLINE_CURVE_WITH_KNOTS('',4,(#4542,#4543,#4544,#4545,#4546),
  .UNSPECIFIED.,.F.,.F.,(5,5),(0.,1.),.PIECEWISE_BEZIER_KNOTS.);
#4542 = CARTESIAN_POINT('',(103.06051999769,-59.0000006));
#4543 = CARTESIAN_POINT('',(103.06051999769,-52.12500045));
#4544 = CARTESIAN_POINT('',(103.06051999769,-45.2500003));
#4545 = CARTESIAN_POINT('',(103.06051999769,-38.37500015));
#4546 = CARTESIAN_POINT('',(103.06051999769,-31.5));
#4547 = ( GEOMETRIC_REPRESENTATION_CONTEXT(2) 
PARAMETRIC_REPRESENTATION_CONTEXT() REPRESENTATION_CONTEXT('2D SPACE',''
  ) );
#4548 = ORIENTED_EDGE('',*,*,#4549,.T.);
#4549 = EDGE_CURVE('',#4521,#2513,#4550,.T.);
#4550 = SURFACE_CURVE('',#4551,(#4555,#4562),.PCURVE_S1.);
#4551 = LINE('',#4552,#4553);
#4552 = CARTESIAN_POINT('',(31.5,-15.,52.75));
#4553 = VECTOR('',#4554,1.);
#4554 = DIRECTION('',(0.,0.,1.));
#4555 = PCURVE('',#2593,#4556);
#4556 = DEFINITIONAL_REPRESENTATION('',(#4557),#4561);
#4557 = LINE('',#4558,#4559);
#4558 = CARTESIAN_POINT('',(0.,0.));
#4559 = VECTOR('',#4560,1.);
#4560 = DIRECTION('',(1.,0.));
#4561 = ( GEOMETRIC_REPRESENTATION_CONTEXT(2) 
PARAMETRIC_REPRESENTATION_CONTEXT() REPRESENTATION_CONTEXT('2D SPACE',''
  ) );
#4562 = PCURVE('',#2550,#4563);
#4563 = DEFINITIONAL_REPRESENTATION('',(#4564),#4568);
#4564 = LINE('',#4565,#4566);
#4565 = CARTESIAN_POINT('',(0.,0.));
#4566 = VECTOR('',#4567,1.);
#4567 = DIRECTION('',(1.,0.));
#4568 = ( GEOMETRIC_REPRESENTATION_CONTEXT(2) 
PARAMETRIC_REPRESENTATION_CONTEXT() REPRESENTATION_CONTEXT('2D SPACE',''
  ) );
#4569 = ORIENTED_EDGE('',*,*,#2573,.F.);
#4570 = ORIENTED_EDGE('',*,*,#4449,.F.);
#4571 = ADVANCED_FACE('',(#4572),#2550,.T.);
#4572 = FACE_BOUND('',#4573,.T.);
#4573 = EDGE_LOOP('',(#4574,#4575,#4700,#4721));
#4574 = ORIENTED_EDGE('',*,*,#4549,.F.);
#4575 = ORIENTED_EDGE('',*,*,#4576,.T.);
#4576 = EDGE_CURVE('',#4521,#4577,#4579,.T.);
#4577 = VERTEX_POINT('',#4578);
#4578 = CARTESIAN_POINT('',(31.5,15.,89.103441042455));
#4579 = SURFACE_CURVE('',#4580,(#4618,#4659),.PCURVE_S1.);
#4580 = B_SPLINE_CURVE_WITH_KNOTS('',8,(#4581,#4582,#4583,#4584,#4585,
    #4586,#4587,#4588,#4589,#4590,#4591,#4592,#4593,#4594,#4595,#4596,
    #4597,#4598,#4599,#4600,#4601,#4602,#4603,#4604,#4605,#4606,#4607,
    #4608,#4609,#4610,#4611,#4612,#4613,#4614,#4615,#4616,#4617),
  .UNSPECIFIED.,.F.,.F.,(9,7,7,7,7,9),(0.,0.261020465217,0.373658303064,
    0.506775744895,0.81396957588,1.),.UNSPECIFIED.);
#4581 = CARTESIAN_POINT('',(31.5,-15.,89.099023090926));
#4582 = CARTESIAN_POINT('',(31.5,-14.0211796894,89.102191871711));
#4583 = CARTESIAN_POINT('',(31.5,-13.04235726845,89.104533044121));
#4584 = CARTESIAN_POINT('',(31.5,-12.06353331509,89.106141744423));
#4585 = CARTESIAN_POINT('',(31.5,-11.08470829784,89.107113109223));
#4586 = CARTESIAN_POINT('',(31.5,-10.10588257585,89.10754227547));
#4587 = CARTESIAN_POINT('',(31.5,-9.127056398895,89.107524380454));
#4588 = CARTESIAN_POINT('',(31.5,-8.148229907349,89.107154561808));
#4589 = CARTESIAN_POINT('',(31.5,-6.747011227084,89.106257559725));
#4590 = CARTESIAN_POINT('',(31.5,-6.324619201129,89.105939343903));
#4591 = CARTESIAN_POINT('',(31.5,-5.90222706758,89.105580955018));
#4592 = CARTESIAN_POINT('',(31.5,-5.479834839676,89.105190038052));
#4593 = CARTESIAN_POINT('',(31.5,-5.057442530657,89.104774237988));
#4594 = CARTESIAN_POINT('',(31.5,-4.635050153762,89.104341199805));
#4595 = CARTESIAN_POINT('',(31.5,-4.212657722229,89.103898568486));
#4596 = CARTESIAN_POINT('',(31.5,-3.291074155792,89.102928576918));
#4597 = CARTESIAN_POINT('',(31.5,-2.791883033874,89.10239995326));
#4598 = CARTESIAN_POINT('',(31.5,-2.292691894034,89.101884012678));
#4599 = CARTESIAN_POINT('',(31.5,-1.793500724484,89.101383273978));
#4600 = CARTESIAN_POINT('',(31.5,-1.294309552636,89.100929319211));
#4601 = CARTESIAN_POINT('',(31.5,-0.795118364397,89.100510869234));
#4602 = CARTESIAN_POINT('',(31.5,-0.295927185857,89.100161456842));
#4603 = CARTESIAN_POINT('',(31.5,1.355242601177,89.099233942104));
#4604 = CARTESIAN_POINT('',(31.5,2.507221128851,89.098947012532));
#4605 = CARTESIAN_POINT('',(31.5,3.659199495023,89.09895931284));
#4606 = CARTESIAN_POINT('',(31.5,4.811177650404,89.099209899255));
#4607 = CARTESIAN_POINT('',(31.5,5.963155565469,89.099637827914));
#4608 = CARTESIAN_POINT('',(31.5,7.115133230451,89.100182154864));
#4609 = CARTESIAN_POINT('',(31.5,8.267110655345,89.100781936063));
#4610 = CARTESIAN_POINT('',(31.5,10.11670217132,89.101736118284));
#4611 = CARTESIAN_POINT('',(31.5,10.814316388938,89.102093995902));
#4612 = CARTESIAN_POINT('',(31.5,11.511930525904,89.10243632561));
#4613 = CARTESIAN_POINT('',(31.5,12.209544583775,89.102749572767));
#4614 = CARTESIAN_POINT('',(31.5,12.907158562525,89.103020202714));
#4615 = CARTESIAN_POINT('',(31.5,13.604772460543,89.103234680776));
#4616 = CARTESIAN_POINT('',(31.5,14.302386274629,89.103379472259));
#4617 = CARTESIAN_POINT('',(31.5,15.,89.103441042455));
#4618 = PCURVE('',#2550,#4619);
#4619 = DEFINITIONAL_REPRESENTATION('',(#4620),#4658);
#4620 = B_SPLINE_CURVE_WITH_KNOTS('',8,(#4621,#4622,#4623,#4624,#4625,
    #4626,#4627,#4628,#4629,#4630,#4631,#4632,#4633,#4634,#4635,#4636,
    #4637,#4638,#4639,#4640,#4641,#4642,#4643,#4644,#4645,#4646,#4647,
    #4648,#4649,#4650,#4651,#4652,#4653,#4654,#4655,#4656,#4657),
  .UNSPECIFIED.,.F.,.F.,(9,7,7,7,7,9),(0.,0.261020465217,0.373658303064,
    0.506775744895,0.81396957588,1.),.UNSPECIFIED.);
#4621 = CARTESIAN_POINT('',(36.349023090926,0.));
#4622 = CARTESIAN_POINT('',(36.352191871711,-0.978820310598));
#4623 = CARTESIAN_POINT('',(36.354533044121,-1.957642731542));
#4624 = CARTESIAN_POINT('',(36.356141744423,-2.936466684908));
#4625 = CARTESIAN_POINT('',(36.357113109223,-3.91529170216));
#4626 = CARTESIAN_POINT('',(36.35754227547,-4.894117424148));
#4627 = CARTESIAN_POINT('',(36.357524380454,-5.872943601105));
#4628 = CARTESIAN_POINT('',(36.357154561808,-6.851770092651));
#4629 = CARTESIAN_POINT('',(36.356257559725,-8.252988772916));
#4630 = CARTESIAN_POINT('',(36.355939343903,-8.675380798871));
#4631 = CARTESIAN_POINT('',(36.355580955018,-9.09777293242));
#4632 = CARTESIAN_POINT('',(36.355190038052,-9.520165160324));
#4633 = CARTESIAN_POINT('',(36.354774237988,-9.942557469343));
#4634 = CARTESIAN_POINT('',(36.354341199805,-10.36494984623));
#4635 = CARTESIAN_POINT('',(36.353898568486,-10.78734227777));
#4636 = CARTESIAN_POINT('',(36.352928576918,-11.7089258442));
#4637 = CARTESIAN_POINT('',(36.35239995326,-12.20811696612));
#4638 = CARTESIAN_POINT('',(36.351884012678,-12.70730810596));
#4639 = CARTESIAN_POINT('',(36.351383273978,-13.20649927551));
#4640 = CARTESIAN_POINT('',(36.350929319211,-13.70569044736));
#4641 = CARTESIAN_POINT('',(36.350510869234,-14.2048816356));
#4642 = CARTESIAN_POINT('',(36.350161456842,-14.70407281414));
#4643 = CARTESIAN_POINT('',(36.349233942104,-16.35524260117));
#4644 = CARTESIAN_POINT('',(36.348947012532,-17.50722112885));
#4645 = CARTESIAN_POINT('',(36.34895931284,-18.65919949502));
#4646 = CARTESIAN_POINT('',(36.349209899255,-19.8111776504));
#4647 = CARTESIAN_POINT('',(36.349637827914,-20.96315556546));
#4648 = CARTESIAN_POINT('',(36.350182154864,-22.11513323045));
#4649 = CARTESIAN_POINT('',(36.350781936063,-23.26711065534));
#4650 = CARTESIAN_POINT('',(36.351736118284,-25.11670217132));
#4651 = CARTESIAN_POINT('',(36.352093995902,-25.81431638893));
#4652 = CARTESIAN_POINT('',(36.35243632561,-26.5119305259));
#4653 = CARTESIAN_POINT('',(36.352749572767,-27.20954458377));
#4654 = CARTESIAN_POINT('',(36.353020202714,-27.90715856252));
#4655 = CARTESIAN_POINT('',(36.353234680776,-28.60477246054));
#4656 = CARTESIAN_POINT('',(36.353379472259,-29.30238627462));
#4657 = CARTESIAN_POINT('',(36.353441042455,-30.));
#4658 = ( GEOMETRIC_REPRESENTATION_CONTEXT(2) 
PARAMETRIC_REPRESENTATION_CONTEXT() REPRESENTATION_CONTEXT('2D SPACE',''
  ) );
#4659 = PCURVE('',#2909,#4660);
#4660 = DEFINITIONAL_REPRESENTATION('',(#4661),#4699);
#4661 = B_SPLINE_CURVE_WITH_KNOTS('',8,(#4662,#4663,#4664,#4665,#4666,
    #4667,#4668,#4669,#4670,#4671,#4672,#4673,#4674,#4675,#4676,#4677,
    #4678,#4679,#4680,#4681,#4682,#4683,#4684,#4685,#4686,#4687,#4688,
    #4689,#4690,#4691,#4692,#4693,#4694,#4695,#4696,#4697,#4698),
  .UNSPECIFIED.,.F.,.F.,(9,7,7,7,7,9),(0.,0.261020465217,0.373658303064,
    0.506775744895,0.81396957588,1.),.UNSPECIFIED.);
#4662 = CARTESIAN_POINT('',(103.06052001533,-31.5));
#4663 = CARTESIAN_POINT('',(102.08169435484,-31.5));
#4664 = CARTESIAN_POINT('',(101.1028682129,-31.5));
#4665 = CARTESIAN_POINT('',(100.12404200992,-31.5));
#4666 = CARTESIAN_POINT('',(99.145216054288,-31.5));
#4667 = CARTESIAN_POINT('',(98.166390542349,-31.5));
#4668 = CARTESIAN_POINT('',(97.187565558426,-31.5));
#4669 = CARTESIAN_POINT('',(96.208741074806,-31.5));
#4670 = CARTESIAN_POINT('',(94.807526191071,-31.5));
#4671 = CARTESIAN_POINT('',(94.385135430398,-31.5));
#4672 = CARTESIAN_POINT('',(93.962744669725,-31.5));
#4673 = CARTESIAN_POINT('',(93.540353909052,-31.5));
#4674 = CARTESIAN_POINT('',(93.117963148379,-31.5));
#4675 = CARTESIAN_POINT('',(92.695572387706,-31.5));
#4676 = CARTESIAN_POINT('',(92.273181627033,-31.5));
#4677 = CARTESIAN_POINT('',(91.351601796431,-31.5));
#4678 = CARTESIAN_POINT('',(90.852412756484,-31.5));
#4679 = CARTESIAN_POINT('',(90.353223731331,-31.5));
#4680 = CARTESIAN_POINT('',(89.854034699124,-31.5));
#4681 = CARTESIAN_POINT('',(89.35484564328,-31.5));
#4682 = CARTESIAN_POINT('',(88.85565655576,-31.5));
#4683 = CARTESIAN_POINT('',(88.356467416377,-31.5));
#4684 = CARTESIAN_POINT('',(86.705304147228,-31.5));
#4685 = CARTESIAN_POINT('',(85.553329809923,-31.5));
#4686 = CARTESIAN_POINT('',(84.401355260898,-31.5));
#4687 = CARTESIAN_POINT('',(83.249380533209,-31.5));
#4688 = CARTESIAN_POINT('',(82.097405640151,-31.5));
#4689 = CARTESIAN_POINT('',(80.945430575259,-31.5));
#4690 = CARTESIAN_POINT('',(79.793455312308,-31.5));
#4691 = CARTESIAN_POINT('',(77.943866537962,-31.5));
#4692 = CARTESIAN_POINT('',(77.246253188374,-31.5));
#4693 = CARTESIAN_POINT('',(76.548639749041,-31.5));
#4694 = CARTESIAN_POINT('',(75.851026214379,-31.5));
#4695 = CARTESIAN_POINT('',(75.153412580721,-31.5));
#4696 = CARTESIAN_POINT('',(74.455798846322,-31.5));
#4697 = CARTESIAN_POINT('',(73.758185011356,-31.5));
#4698 = CARTESIAN_POINT('',(73.060571077919,-31.5));
#4699 = ( GEOMETRIC_REPRESENTATION_CONTEXT(2) 
PARAMETRIC_REPRESENTATION_CONTEXT() REPRESENTATION_CONTEXT('2D SPACE',''
  ) );
#4700 = ORIENTED_EDGE('',*,*,#4701,.T.);
#4701 = EDGE_CURVE('',#4577,#2479,#4702,.T.);
#4702 = SURFACE_CURVE('',#4703,(#4707,#4714),.PCURVE_S1.);
#4703 = LINE('',#4704,#4705);
#4704 = CARTESIAN_POINT('',(31.5,15.,52.75));
#4705 = VECTOR('',#4706,1.);
#4706 = DIRECTION('',(0.,0.,1.));
#4707 = PCURVE('',#2550,#4708);
#4708 = DEFINITIONAL_REPRESENTATION('',(#4709),#4713);
#4709 = LINE('',#4710,#4711);
#4710 = CARTESIAN_POINT('',(0.,-30.));
#4711 = VECTOR('',#4712,1.);
#4712 = DIRECTION('',(1.,0.));
#4713 = ( GEOMETRIC_REPRESENTATION_CONTEXT(2) 
PARAMETRIC_REPRESENTATION_CONTEXT() REPRESENTATION_CONTEXT('2D SPACE',''
  ) );
#4714 = PCURVE('',#2498,#4715);
#4715 = DEFINITIONAL_REPRESENTATION('',(#4716),#4720);
#4716 = LINE('',#4717,#4718);
#4717 = CARTESIAN_POINT('',(0.,0.));
#4718 = VECTOR('',#4719,1.);
#4719 = DIRECTION('',(1.,0.));
#4720 = ( GEOMETRIC_REPRESENTATION_CONTEXT(2) 
PARAMETRIC_REPRESENTATION_CONTEXT() REPRESENTATION_CONTEXT('2D SPACE',''
  ) );
#4721 = ORIENTED_EDGE('',*,*,#2512,.F.);
#4722 = ADVANCED_FACE('',(#4723),#2498,.F.);
#4723 = FACE_BOUND('',#4724,.F.);
#4724 = EDGE_LOOP('',(#4725,#4748,#4769,#4796,#4797,#4798));
#4725 = ORIENTED_EDGE('',*,*,#4726,.F.);
#4726 = EDGE_CURVE('',#4727,#4403,#4729,.T.);
#4727 = VERTEX_POINT('',#4728);
#4728 = CARTESIAN_POINT('',(59.,15.,52.75));
#4729 = SURFACE_CURVE('',#4730,(#4734,#4741),.PCURVE_S1.);
#4730 = LINE('',#4731,#4732);
#4731 = CARTESIAN_POINT('',(31.5,15.,52.75));
#4732 = VECTOR('',#4733,1.);
#4733 = DIRECTION('',(1.,0.,-0.));
#4734 = PCURVE('',#2498,#4735);
#4735 = DEFINITIONAL_REPRESENTATION('',(#4736),#4740);
#4736 = LINE('',#4737,#4738);
#4737 = CARTESIAN_POINT('',(0.,0.));
#4738 = VECTOR('',#4739,1.);
#4739 = DIRECTION('',(0.,1.));
#4740 = ( GEOMETRIC_REPRESENTATION_CONTEXT(2) 
PARAMETRIC_REPRESENTATION_CONTEXT() REPRESENTATION_CONTEXT('2D SPACE',''
  ) );
#4741 = PCURVE('',#4438,#4742);
#4742 = DEFINITIONAL_REPRESENTATION('',(#4743),#4747);
#4743 = LINE('',#4744,#4745);
#4744 = CARTESIAN_POINT('',(0.,30.));
#4745 = VECTOR('',#4746,1.);
#4746 = DIRECTION('',(1.,0.));
#4747 = ( GEOMETRIC_REPRESENTATION_CONTEXT(2) 
PARAMETRIC_REPRESENTATION_CONTEXT() REPRESENTATION_CONTEXT('2D SPACE',''
  ) );
#4748 = ORIENTED_EDGE('',*,*,#4749,.T.);
#4749 = EDGE_CURVE('',#4727,#4750,#4752,.T.);
#4750 = VERTEX_POINT('',#4751);
#4751 = CARTESIAN_POINT('',(59.,15.,89.103441042455));
#4752 = SURFACE_CURVE('',#4753,(#4757,#4763),.PCURVE_S1.);
#4753 = LINE('',#4754,#4755);
#4754 = CARTESIAN_POINT('',(59.,15.,58.374964483669));
#4755 = VECTOR('',#4756,1.);
#4756 = DIRECTION('',(0.,-0.,1.));
#4757 = PCURVE('',#2498,#4758);
#4758 = DEFINITIONAL_REPRESENTATION('',(#4759),#4762);
#4759 = B_SPLINE_CURVE_WITH_KNOTS('',1,(#4760,#4761),.UNSPECIFIED.,.F.,
  .F.,(2,2),(-5.624964483669,30.752277372634),.PIECEWISE_BEZIER_KNOTS.);
#4760 = CARTESIAN_POINT('',(0.,27.5));
#4761 = CARTESIAN_POINT('',(36.377241856303,27.5));
#4762 = ( GEOMETRIC_REPRESENTATION_CONTEXT(2) 
PARAMETRIC_REPRESENTATION_CONTEXT() REPRESENTATION_CONTEXT('2D SPACE',''
  ) );
#4763 = PCURVE('',#4509,#4764);
#4764 = DEFINITIONAL_REPRESENTATION('',(#4765),#4768);
#4765 = B_SPLINE_CURVE_WITH_KNOTS('',1,(#4766,#4767),.UNSPECIFIED.,.F.,
  .F.,(2,2),(-5.624964483669,30.752277372634),.PIECEWISE_BEZIER_KNOTS.);
#4766 = CARTESIAN_POINT('',(3.618112126175,-11.24992896733));
#4767 = CARTESIAN_POINT('',(3.618112126175,25.127312888964));
#4768 = ( GEOMETRIC_REPRESENTATION_CONTEXT(2) 
PARAMETRIC_REPRESENTATION_CONTEXT() REPRESENTATION_CONTEXT('2D SPACE',''
  ) );
#4769 = ORIENTED_EDGE('',*,*,#4770,.T.);
#4770 = EDGE_CURVE('',#4750,#4577,#4771,.T.);
#4771 = SURFACE_CURVE('',#4772,(#4778,#4787),.PCURVE_S1.);
#4772 = B_SPLINE_CURVE_WITH_KNOTS('',4,(#4773,#4774,#4775,#4776,#4777),
  .UNSPECIFIED.,.F.,.F.,(5,5),(0.,1.),.PIECEWISE_BEZIER_KNOTS.);
#4773 = CARTESIAN_POINT('',(59.0000006,15.,89.103441042455));
#4774 = CARTESIAN_POINT('',(52.12500045,15.,89.103441042455));
#4775 = CARTESIAN_POINT('',(45.2500003,15.,89.103441042455));
#4776 = CARTESIAN_POINT('',(38.37500015,15.,89.103441042455));
#4777 = CARTESIAN_POINT('',(31.5,15.,89.103441042455));
#4778 = PCURVE('',#2498,#4779);
#4779 = DEFINITIONAL_REPRESENTATION('',(#4780),#4786);
#4780 = B_SPLINE_CURVE_WITH_KNOTS('',4,(#4781,#4782,#4783,#4784,#4785),
  .UNSPECIFIED.,.F.,.F.,(5,5),(0.,1.),.PIECEWISE_BEZIER_KNOTS.);
#4781 = CARTESIAN_POINT('',(36.353441042455,27.5000006));
#4782 = CARTESIAN_POINT('',(36.353441042455,20.62500045));
#4783 = CARTESIAN_POINT('',(36.353441042455,13.7500003));
#4784 = CARTESIAN_POINT('',(36.353441042455,6.87500015));
#4785 = CARTESIAN_POINT('',(36.353441042455,0.));
#4786 = ( GEOMETRIC_REPRESENTATION_CONTEXT(2) 
PARAMETRIC_REPRESENTATION_CONTEXT() REPRESENTATION_CONTEXT('2D SPACE',''
  ) );
#4787 = PCURVE('',#2909,#4788);
#4788 = DEFINITIONAL_REPRESENTATION('',(#4789),#4795);
#4789 = B_SPLINE_CURVE_WITH_KNOTS('',4,(#4790,#4791,#4792,#4793,#4794),
  .UNSPECIFIED.,.F.,.F.,(5,5),(0.,1.),.PIECEWISE_BEZIER_KNOTS.);
#4790 = CARTESIAN_POINT('',(73.060571080148,-59.0000006));
#4791 = CARTESIAN_POINT('',(73.060571080148,-52.12500045));
#4792 = CARTESIAN_POINT('',(73.060571080148,-45.2500003));
#4793 = CARTESIAN_POINT('',(73.060571080148,-38.37500015));
#4794 = CARTESIAN_POINT('',(73.060571080148,-31.5));
#4795 = ( GEOMETRIC_REPRESENTATION_CONTEXT(2) 
PARAMETRIC_REPRESENTATION_CONTEXT() REPRESENTATION_CONTEXT('2D SPACE',''
  ) );
#4796 = ORIENTED_EDGE('',*,*,#4701,.T.);
#4797 = ORIENTED_EDGE('',*,*,#2478,.F.);
#4798 = ORIENTED_EDGE('',*,*,#4402,.F.);
#4799 = ADVANCED_FACE('',(#4800),#2909,.T.);
#4800 = FACE_BOUND('',#4801,.T.);
#4801 = EDGE_LOOP('',(#4802,#4825,#4826,#4827,#4828,#4829,#4830,#5043,
    #5044,#5045,#5046));
#4802 = ORIENTED_EDGE('',*,*,#4803,.F.);
#4803 = EDGE_CURVE('',#4134,#4804,#4806,.T.);
#4804 = VERTEX_POINT('',#4805);
#4805 = CARTESIAN_POINT('',(59.,69.672913297632,64.));
#4806 = SEAM_CURVE('',#4807,(#4811,#4818),.PCURVE_S1.);
#4807 = LINE('',#4808,#4809);
#4808 = CARTESIAN_POINT('',(0.,69.672913297632,64.));
#4809 = VECTOR('',#4810,1.);
#4810 = DIRECTION('',(1.,0.,0.));
#4811 = PCURVE('',#2909,#4812);
#4812 = DEFINITIONAL_REPRESENTATION('',(#4813),#4817);
#4813 = LINE('',#4814,#4815);
#4814 = CARTESIAN_POINT('',(307.19328048949,0.));
#4815 = VECTOR('',#4816,1.);
#4816 = DIRECTION('',(0.,-1.));
#4817 = ( GEOMETRIC_REPRESENTATION_CONTEXT(2) 
PARAMETRIC_REPRESENTATION_CONTEXT() REPRESENTATION_CONTEXT('2D SPACE',''
  ) );
#4818 = PCURVE('',#2909,#4819);
#4819 = DEFINITIONAL_REPRESENTATION('',(#4820),#4824);
#4820 = LINE('',#4821,#4822);
#4821 = CARTESIAN_POINT('',(0.,0.));
#4822 = VECTOR('',#4823,1.);
#4823 = DIRECTION('',(0.,-1.));
#4824 = ( GEOMETRIC_REPRESENTATION_CONTEXT(2) 
PARAMETRIC_REPRESENTATION_CONTEXT() REPRESENTATION_CONTEXT('2D SPACE',''
  ) );
#4825 = ORIENTED_EDGE('',*,*,#4156,.F.);
#4826 = ORIENTED_EDGE('',*,*,#2823,.T.);
#4827 = ORIENTED_EDGE('',*,*,#3078,.T.);
#4828 = ORIENTED_EDGE('',*,*,#4274,.F.);
#4829 = ORIENTED_EDGE('',*,*,#4803,.T.);
#4830 = ORIENTED_EDGE('',*,*,#4831,.T.);
#4831 = EDGE_CURVE('',#4804,#4750,#4832,.T.);
#4832 = SURFACE_CURVE('',#4833,(#4933,#4940),.PCURVE_S1.);
#4833 = B_SPLINE_CURVE_WITH_KNOTS('',3,(#4834,#4835,#4836,#4837,#4838,
    #4839,#4840,#4841,#4842,#4843,#4844,#4845,#4846,#4847,#4848,#4849,
    #4850,#4851,#4852,#4853,#4854,#4855,#4856,#4857,#4858,#4859,#4860,
    #4861,#4862,#4863,#4864,#4865,#4866,#4867,#4868,#4869,#4870,#4871,
    #4872,#4873,#4874,#4875,#4876,#4877,#4878,#4879,#4880,#4881,#4882,
    #4883,#4884,#4885,#4886,#4887,#4888,#4889,#4890,#4891,#4892,#4893,
    #4894,#4895,#4896,#4897,#4898,#4899,#4900,#4901,#4902,#4903,#4904,
    #4905,#4906,#4907,#4908,#4909,#4910,#4911,#4912,#4913,#4914,#4915,
    #4916,#4917,#4918,#4919,#4920,#4921,#4922,#4923,#4924,#4925,#4926,
    #4927,#4928,#4929,#4930,#4931,#4932),.UNSPECIFIED.,.T.,.F.,(1,1,2,1,
    1,1,1,1,1,1,1,1,1,1,1,1,1,1,1,1,1,1,1,1,1,1,1,1,1,1,1,1,1,1,1,1,1,1,
    1,1,1,1,1,1,1,1,1,1,1,1,1,1,1,1,1,1,1,1,1,1,1,1,1,1,1,1,1,1,1,1,1,1,
    1,1,1,1,1,1,1,1,1,1,1,1,1,1,1,1,1,1,1,1,1,1,1,1,1,1,2,1,1),(
    -12.73666778934,-10.11296462659,0.,10.112964626598,12.736667789343,
    14.578871698217,16.059501754873,17.34087253809,18.512386283993,
    19.633737618649,20.749168125499,21.893252501555,23.093953567575,
    24.374793080826,25.756694105367,27.259667954987,28.904472277368,
    30.714428146398,32.717701126394,34.950572220252,37.46270307716,
    40.326550251725,43.656193374693,47.65074345976,52.717896433844,
    59.989173996988,88.060266779918,106.64167214322,111.4548782201,
    114.80962960979,117.45542209748,119.66280860007,121.56447523164,
    123.23706455914,124.72996391698,126.0778397072,127.30695642614,
    128.43876151795,129.4921509846,130.48505696623,131.43566760367,
    132.36343928437,133.2900175784,134.24024960608,135.24369187279,
    136.3375029567,137.57276169056,139.02977805141,140.86243531063,
    143.48374440221,153.59651559962,163.70953608713,166.33084517872,
    168.16350243794,169.62051879878,170.85577753265,171.94958861655,
    172.95303088327,173.90326291094,174.82984120498,175.75761288568,
    176.70822352312,177.70112950475,178.75451897139,179.88632406321,
    181.11544078215,182.46331657236,183.9562159302,185.62880525771,
    187.53047188928,189.73785839186,192.38365087956,195.73840226925,
    200.55160834613,219.13247693064,247.2041064925,254.47538405565,
    259.54253702973,263.5370871148,266.86673023777,269.73057741233,
    272.24270826924,274.4755793631,276.47885234309,278.28880821212,
    279.9336125345,281.43658638412,282.81848740867,284.09932692192,
    285.30002798794,286.44411236399,287.55954287084,288.6808942055,
    289.8524079514,291.13377873462,292.61440879127,294.45661270015,
    297.08031586289,307.19328048949,317.30624511609,319.92994827883),
  .UNSPECIFIED.);
#4834 = CARTESIAN_POINT('',(59.,69.953033588468,60.671766917521));
#4835 = CARTESIAN_POINT('',(59.,69.392793006797,67.328233082479));
#4836 = CARTESIAN_POINT('',(59.,69.779611788613,71.622627917108));
#4837 = CARTESIAN_POINT('',(59.,69.525345246935,76.474746528571));
#4838 = CARTESIAN_POINT('',(59.,69.274809615173,78.443983874105));
#4839 = CARTESIAN_POINT('',(59.,68.919438997123,79.940474701973));
#4840 = CARTESIAN_POINT('',(59.,68.458948134972,81.172163376922));
#4841 = CARTESIAN_POINT('',(59.,67.890183512569,82.223539694477));
#4842 = CARTESIAN_POINT('',(59.,67.211235231694,83.139108084263));
#4843 = CARTESIAN_POINT('',(59.,66.419867558924,83.946068991133));
#4844 = CARTESIAN_POINT('',(59.,65.51285145544,84.662964445833));
#4845 = CARTESIAN_POINT('',(59.,64.485287100256,85.303207851163));
#4846 = CARTESIAN_POINT('',(59.,63.330348309142,85.876724674412));
#4847 = CARTESIAN_POINT('',(59.,62.039087493138,86.390921740258));
#4848 = CARTESIAN_POINT('',(59.,60.600055695412,86.851375560863));
#4849 = CARTESIAN_POINT('',(59.,58.998577565966,87.262336117109));
#4850 = CARTESIAN_POINT('',(59.,57.215538377066,87.627086911073));
#4851 = CARTESIAN_POINT('',(59.,55.225418483925,87.94819672147));
#4852 = CARTESIAN_POINT('',(59.,52.993027726256,88.22769436649));
#4853 = CARTESIAN_POINT('',(59.,50.467758453393,88.467192249645));
#4854 = CARTESIAN_POINT('',(59.,47.572581646961,88.667971657404));
#4855 = CARTESIAN_POINT('',(59.,44.180279327846,88.831070392715));
#4856 = CARTESIAN_POINT('',(59.,40.051595284471,88.957288103642));
#4857 = CARTESIAN_POINT('',(59.,34.607889856211,89.047905644901));
#4858 = CARTESIAN_POINT('',(59.,21.138141418228,89.127241856303));
#4859 = CARTESIAN_POINT('',(59.,3.16353673222,89.076961943401));
#4860 = CARTESIAN_POINT('',(59.,-13.99180383689,89.12613250574));
#4861 = CARTESIAN_POINT('',(59.,-22.90811409099,89.047991474294));
#4862 = CARTESIAN_POINT('',(59.,-26.51175869571,88.957253088132));
#4863 = CARTESIAN_POINT('',(59.,-29.24506871847,88.83101539815));
#4864 = CARTESIAN_POINT('',(59.,-31.49107652079,88.667835014069));
#4865 = CARTESIAN_POINT('',(59.,-33.40817569948,88.466915117224));
#4866 = CARTESIAN_POINT('',(59.,-35.08060520375,88.227176496565));
#4867 = CARTESIAN_POINT('',(59.,-36.5593863179,87.947286241159));
#4868 = CARTESIAN_POINT('',(59.,-37.87804902335,87.625555713091));
#4869 = CARTESIAN_POINT('',(59.,-39.05990315007,87.259851436717));
#4870 = CARTESIAN_POINT('',(59.,-40.12181907475,86.847471086859));
#4871 = CARTESIAN_POINT('',(59.,-41.07635193082,86.384985130712));
#4872 = CARTESIAN_POINT('',(59.,-41.93299537108,85.868036327778));
#4873 = CARTESIAN_POINT('',(59.,-42.6989516967,85.291085936005));
#4874 = CARTESIAN_POINT('',(59.,-43.3796490723,84.647063990982));
#4875 = CARTESIAN_POINT('',(59.,-43.9791687018,83.926795364121));
#4876 = CARTESIAN_POINT('',(59.,-44.50066816155,83.117916234895));
#4877 = CARTESIAN_POINT('',(59.,-44.94677648782,82.202762820885));
#4878 = CARTESIAN_POINT('',(59.,-45.31984285207,81.154235624925));
#4879 = CARTESIAN_POINT('',(59.,-45.62206040736,79.927049483754));
#4880 = CARTESIAN_POINT('',(59.,-45.85528424761,78.435358721745));
#4881 = CARTESIAN_POINT('',(59.,-46.022462662,76.470879199217));
#4882 = CARTESIAN_POINT('',(59.,-46.16706346533,71.616188650941));
#4883 = CARTESIAN_POINT('',(59.,-46.07940924165,64.000041546208));
#4884 = CARTESIAN_POINT('',(59.,-46.16706571151,56.38389443211));
#4885 = CARTESIAN_POINT('',(59.,-46.02246268045,51.529120800657));
#4886 = CARTESIAN_POINT('',(59.,-45.85528424436,49.564641278277));
#4887 = CARTESIAN_POINT('',(59.,-45.62206040801,48.072950516241));
#4888 = CARTESIAN_POINT('',(59.,-45.31984285193,46.845764375076));
#4889 = CARTESIAN_POINT('',(59.,-44.94677648785,45.797237179114));
#4890 = CARTESIAN_POINT('',(59.,-44.50066816154,44.882083765105));
#4891 = CARTESIAN_POINT('',(59.,-43.9791687018,44.073204635879));
#4892 = CARTESIAN_POINT('',(59.,-43.3796490723,43.352936009018));
#4893 = CARTESIAN_POINT('',(59.,-42.6989516967,42.708914063995));
#4894 = CARTESIAN_POINT('',(59.,-41.93299537108,42.131963672222));
#4895 = CARTESIAN_POINT('',(59.,-41.07635193082,41.615014869288));
#4896 = CARTESIAN_POINT('',(59.,-40.12181907475,41.152528913141));
#4897 = CARTESIAN_POINT('',(59.,-39.05990315007,40.740148563283));
#4898 = CARTESIAN_POINT('',(59.,-37.87804902335,40.374444286908));
#4899 = CARTESIAN_POINT('',(59.,-36.5593863179,40.052713758842));
#4900 = CARTESIAN_POINT('',(59.,-35.08060520375,39.772823503431));
#4901 = CARTESIAN_POINT('',(59.,-33.40817569948,39.533084882793));
#4902 = CARTESIAN_POINT('',(59.,-31.49107652079,39.33216498585));
#4903 = CARTESIAN_POINT('',(59.,-29.24506871847,39.168984602236));
#4904 = CARTESIAN_POINT('',(59.,-26.51175869571,39.042746909916));
#4905 = CARTESIAN_POINT('',(59.,-22.90811409097,38.952008536901));
#4906 = CARTESIAN_POINT('',(59.,-13.99198276057,38.873868923129));
#4907 = CARTESIAN_POINT('',(59.,3.163357806372,38.92303782932));
#4908 = CARTESIAN_POINT('',(59.,21.137962493047,38.872757203787));
#4909 = CARTESIAN_POINT('',(59.,34.607889856219,38.952094345936));
#4910 = CARTESIAN_POINT('',(59.,40.05159528447,39.042711897956));
#4911 = CARTESIAN_POINT('',(59.,44.180279327847,39.16892960697));
#4912 = CARTESIAN_POINT('',(59.,47.572581646959,39.332028342662));
#4913 = CARTESIAN_POINT('',(59.,50.467758453399,39.53280775034));
#4914 = CARTESIAN_POINT('',(59.,52.993027726239,39.772305633513));
#4915 = CARTESIAN_POINT('',(59.,55.22541848398,40.05180327853));
#4916 = CARTESIAN_POINT('',(59.,57.215538376892,40.372913088927));
#4917 = CARTESIAN_POINT('',(59.,58.998577566528,40.737663882891));
#4918 = CARTESIAN_POINT('',(59.,60.60005569359,41.148624439137));
#4919 = CARTESIAN_POINT('',(59.,62.039087499101,41.609078259742));
#4920 = CARTESIAN_POINT('',(59.,63.330348289433,42.123275325588));
#4921 = CARTESIAN_POINT('',(59.,64.485287166264,42.696792148837));
#4922 = CARTESIAN_POINT('',(59.,65.512851230133,43.337035554167));
#4923 = CARTESIAN_POINT('',(59.,66.419868349168,44.053931008867));
#4924 = CARTESIAN_POINT('',(59.,67.21123235313,44.860891915737));
#4925 = CARTESIAN_POINT('',(59.,67.890194534161,45.776460305523));
#4926 = CARTESIAN_POINT('',(59.,68.458903234043,46.827836623078));
#4927 = CARTESIAN_POINT('',(59.,68.919636128024,48.059525298027));
#4928 = CARTESIAN_POINT('',(59.,69.273858200803,49.556016125895));
#4929 = CARTESIAN_POINT('',(59.,69.530672773692,51.525253471429));
#4930 = CARTESIAN_POINT('',(59.,69.713956400986,56.377372082892));
#4931 = CARTESIAN_POINT('',(59.,69.953033588468,60.671766917521));
#4932 = CARTESIAN_POINT('',(59.,69.392793006797,67.328233082479));
#4933 = PCURVE('',#2909,#4934);
#4934 = DEFINITIONAL_REPRESENTATION('',(#4935),#4939);
#4935 = LINE('',#4936,#4937);
#4936 = CARTESIAN_POINT('',(0.,-59.));
#4937 = VECTOR('',#4938,1.);
#4938 = DIRECTION('',(1.,0.));
#4939 = ( GEOMETRIC_REPRESENTATION_CONTEXT(2) 
PARAMETRIC_REPRESENTATION_CONTEXT() REPRESENTATION_CONTEXT('2D SPACE',''
  ) );
#4940 = PCURVE('',#4509,#4941);
#4941 = DEFINITIONAL_REPRESENTATION('',(#4942),#5042);
#4942 = B_SPLINE_CURVE_WITH_KNOTS('',3,(#4943,#4944,#4945,#4946,#4947,
    #4948,#4949,#4950,#4951,#4952,#4953,#4954,#4955,#4956,#4957,#4958,
    #4959,#4960,#4961,#4962,#4963,#4964,#4965,#4966,#4967,#4968,#4969,
    #4970,#4971,#4972,#4973,#4974,#4975,#4976,#4977,#4978,#4979,#4980,
    #4981,#4982,#4983,#4984,#4985,#4986,#4987,#4988,#4989,#4990,#4991,
    #4992,#4993,#4994,#4995,#4996,#4997,#4998,#4999,#5000,#5001,#5002,
    #5003,#5004,#5005,#5006,#5007,#5008,#5009,#5010,#5011,#5012,#5013,
    #5014,#5015,#5016,#5017,#5018,#5019,#5020,#5021,#5022,#5023,#5024,
    #5025,#5026,#5027,#5028,#5029,#5030,#5031,#5032,#5033,#5034,#5035,
    #5036,#5037,#5038,#5039,#5040,#5041),.UNSPECIFIED.,.F.,.F.,(1,1,2,1,
    1,1,1,1,1,1,1,1,1,1,1,1,1,1,1,1,1,1,1,1,1,1,1,1,1,1,1,1,1,1,1,1,1,1,
    1,1,1,1,1,1,1,1,1,1,1,1,1,1,1,1,1,1,1,1,1,1,1,1,1,1,1,1,1,1,1,1,1,1,
    1,1,1,1,1,1,1,1,1,1,1,1,1,1,1,1,1,1,1,1,1,1,1,1,1,1,2,1,1),(
    -12.73666778934,-10.11296462659,0.,10.112964626598,12.736667789343,
    14.578871698217,16.059501754873,17.34087253809,18.512386283993,
    19.633737618649,20.749168125499,21.893252501555,23.093953567575,
    24.374793080826,25.756694105367,27.259667954987,28.904472277368,
    30.714428146398,32.717701126394,34.950572220252,37.46270307716,
    40.326550251725,43.656193374693,47.65074345976,52.717896433844,
    59.989173996988,88.060266779918,106.64167214322,111.4548782201,
    114.80962960979,117.45542209748,119.66280860007,121.56447523164,
    123.23706455914,124.72996391698,126.0778397072,127.30695642614,
    128.43876151795,129.4921509846,130.48505696623,131.43566760367,
    132.36343928437,133.2900175784,134.24024960608,135.24369187279,
    136.3375029567,137.57276169056,139.02977805141,140.86243531063,
    143.48374440221,153.59651559962,163.70953608713,166.33084517872,
    168.16350243794,169.62051879878,170.85577753265,171.94958861655,
    172.95303088327,173.90326291094,174.82984120498,175.75761288568,
    176.70822352312,177.70112950475,178.75451897139,179.88632406321,
    181.11544078215,182.46331657236,183.9562159302,185.62880525771,
    187.53047188928,189.73785839186,192.38365087956,195.73840226925,
    200.55160834613,219.13247693064,247.2041064925,254.47538405565,
    259.54253702973,263.5370871148,266.86673023777,269.73057741233,
    272.24270826924,274.4755793631,276.47885234309,278.28880821212,
    279.9336125345,281.43658638412,282.81848740867,284.09932692192,
    285.30002798794,286.44411236399,287.55954287084,288.6808942055,
    289.8524079514,291.13377873462,292.61440879127,294.45661270015,
    297.08031586289,307.19328048949,317.30624511609,319.92994827883),
  .UNSPECIFIED.);
#4943 = CARTESIAN_POINT('',(58.571145714644,-3.328162049818));
#4944 = CARTESIAN_POINT('',(58.010905132972,3.32830411514));
#4945 = CARTESIAN_POINT('',(58.397723914788,7.622698949769));
#4946 = CARTESIAN_POINT('',(58.143457373111,12.474817561232));
#4947 = CARTESIAN_POINT('',(57.892921741348,14.444054906766));
#4948 = CARTESIAN_POINT('',(57.537551123298,15.940545734635));
#4949 = CARTESIAN_POINT('',(57.077060261147,17.172234409583));
#4950 = CARTESIAN_POINT('',(56.508295638745,18.223610727138));
#4951 = CARTESIAN_POINT('',(55.829347357869,19.139179116924));
#4952 = CARTESIAN_POINT('',(55.037979685099,19.946140023794));
#4953 = CARTESIAN_POINT('',(54.130963581615,20.663035478494));
#4954 = CARTESIAN_POINT('',(53.103399226431,21.303278883825));
#4955 = CARTESIAN_POINT('',(51.948460435317,21.876795707073));
#4956 = CARTESIAN_POINT('',(50.657199619313,22.390992772919));
#4957 = CARTESIAN_POINT('',(49.218167821587,22.851446593524));
#4958 = CARTESIAN_POINT('',(47.616689692141,23.262407149771));
#4959 = CARTESIAN_POINT('',(45.833650503241,23.627157943734));
#4960 = CARTESIAN_POINT('',(43.843530610101,23.948267754131));
#4961 = CARTESIAN_POINT('',(41.611139852431,24.227765399151));
#4962 = CARTESIAN_POINT('',(39.085870579568,24.467263282306));
#4963 = CARTESIAN_POINT('',(36.190693773137,24.668042690065));
#4964 = CARTESIAN_POINT('',(32.798391454021,24.831141425376));
#4965 = CARTESIAN_POINT('',(28.669707410646,24.957359136303));
#4966 = CARTESIAN_POINT('',(23.226001982387,25.047976677562));
#4967 = CARTESIAN_POINT('',(9.756253544403,25.127312888964));
#4968 = CARTESIAN_POINT('',(-8.218351141604,25.077032976062));
#4969 = CARTESIAN_POINT('',(-25.37369171071,25.126203538401));
#4970 = CARTESIAN_POINT('',(-34.29000196482,25.048062506955));
#4971 = CARTESIAN_POINT('',(-37.89364656953,24.957324120793));
#4972 = CARTESIAN_POINT('',(-40.62695659229,24.831086430811));
#4973 = CARTESIAN_POINT('',(-42.87296439462,24.66790604673));
#4974 = CARTESIAN_POINT('',(-44.79006357331,24.466986149885));
#4975 = CARTESIAN_POINT('',(-46.46249307757,24.227247529226));
#4976 = CARTESIAN_POINT('',(-47.94127419172,23.94735727382));
#4977 = CARTESIAN_POINT('',(-49.25993689717,23.625626745752));
#4978 = CARTESIAN_POINT('',(-50.4417910239,23.259922469378));
#4979 = CARTESIAN_POINT('',(-51.50370694858,22.84754211952));
#4980 = CARTESIAN_POINT('',(-52.45823980465,22.385056163373));
#4981 = CARTESIAN_POINT('',(-53.3148832449,21.868107360439));
#4982 = CARTESIAN_POINT('',(-54.08083957052,21.291156968666));
#4983 = CARTESIAN_POINT('',(-54.76153694613,20.647135023643));
#4984 = CARTESIAN_POINT('',(-55.36105657563,19.926866396782));
#4985 = CARTESIAN_POINT('',(-55.88255603538,19.117987267556));
#4986 = CARTESIAN_POINT('',(-56.32866436165,18.202833853546));
#4987 = CARTESIAN_POINT('',(-56.7017307259,17.154306657586));
#4988 = CARTESIAN_POINT('',(-57.00394828118,15.927120516416));
#4989 = CARTESIAN_POINT('',(-57.23717212143,14.435429754406));
#4990 = CARTESIAN_POINT('',(-57.40435053583,12.470950231879));
#4991 = CARTESIAN_POINT('',(-57.54895133916,7.616259683602));
#4992 = CARTESIAN_POINT('',(-57.46129711548,1.125788692737E-04));
#4993 = CARTESIAN_POINT('',(-57.54895358534,-7.616034535229));
#4994 = CARTESIAN_POINT('',(-57.40435055427,-12.47080816668));
#4995 = CARTESIAN_POINT('',(-57.23717211818,-14.43528768906));
#4996 = CARTESIAN_POINT('',(-57.00394828184,-15.92697845109));
#4997 = CARTESIAN_POINT('',(-56.70173072575,-17.15416459226));
#4998 = CARTESIAN_POINT('',(-56.32866436168,-18.20269178822));
#4999 = CARTESIAN_POINT('',(-55.88255603537,-19.11784520223));
#5000 = CARTESIAN_POINT('',(-55.36105657563,-19.92672433146));
#5001 = CARTESIAN_POINT('',(-54.76153694613,-20.64699295832));
#5002 = CARTESIAN_POINT('',(-54.08083957052,-21.29101490334));
#5003 = CARTESIAN_POINT('',(-53.3148832449,-21.86796529511));
#5004 = CARTESIAN_POINT('',(-52.45823980465,-22.38491409805));
#5005 = CARTESIAN_POINT('',(-51.50370694858,-22.84740005419));
#5006 = CARTESIAN_POINT('',(-50.4417910239,-23.25978040405));
#5007 = CARTESIAN_POINT('',(-49.25993689717,-23.62548468043));
#5008 = CARTESIAN_POINT('',(-47.94127419172,-23.94721520849));
#5009 = CARTESIAN_POINT('',(-46.46249307757,-24.2271054639));
#5010 = CARTESIAN_POINT('',(-44.79006357331,-24.46684408454));
#5011 = CARTESIAN_POINT('',(-42.87296439462,-24.66776398148));
#5012 = CARTESIAN_POINT('',(-40.62695659229,-24.8309443651));
#5013 = CARTESIAN_POINT('',(-37.89364656954,-24.95718205742));
#5014 = CARTESIAN_POINT('',(-34.29000196479,-25.04792043043));
#5015 = CARTESIAN_POINT('',(-25.3738706344,-25.12606004421));
#5016 = CARTESIAN_POINT('',(-8.218530067452,-25.07689113801));
#5017 = CARTESIAN_POINT('',(9.756074619222,-25.12717176355));
#5018 = CARTESIAN_POINT('',(23.226001982395,-25.0478346214));
#5019 = CARTESIAN_POINT('',(28.669707410645,-24.95721706938));
#5020 = CARTESIAN_POINT('',(32.798391454022,-24.83099936036));
#5021 = CARTESIAN_POINT('',(36.190693773135,-24.66790062467));
#5022 = CARTESIAN_POINT('',(39.085870579574,-24.46712121699));
#5023 = CARTESIAN_POINT('',(41.611139852414,-24.22762333382));
#5024 = CARTESIAN_POINT('',(43.843530610155,-23.9481256888));
#5025 = CARTESIAN_POINT('',(45.833650503067,-23.62701587841));
#5026 = CARTESIAN_POINT('',(47.616689692703,-23.26226508444));
#5027 = CARTESIAN_POINT('',(49.218167819765,-22.8513045282));
#5028 = CARTESIAN_POINT('',(50.657199625276,-22.39085070759));
#5029 = CARTESIAN_POINT('',(51.948460415608,-21.87665364175));
#5030 = CARTESIAN_POINT('',(53.103399292439,-21.3031368185));
#5031 = CARTESIAN_POINT('',(54.130963356308,-20.66289341317));
#5032 = CARTESIAN_POINT('',(55.037980475343,-19.94599795847));
#5033 = CARTESIAN_POINT('',(55.829344479305,-19.1390370516));
#5034 = CARTESIAN_POINT('',(56.508306660336,-18.22346866181));
#5035 = CARTESIAN_POINT('',(57.077015360218,-17.17209234426));
#5036 = CARTESIAN_POINT('',(57.537748254199,-15.94040366931));
#5037 = CARTESIAN_POINT('',(57.891970326978,-14.44391284144));
#5038 = CARTESIAN_POINT('',(58.148784899867,-12.47467549591));
#5039 = CARTESIAN_POINT('',(58.332068527161,-7.622556884447));
#5040 = CARTESIAN_POINT('',(58.571145714644,-3.328162049818));
#5041 = CARTESIAN_POINT('',(58.010905132972,3.32830411514));
#5042 = ( GEOMETRIC_REPRESENTATION_CONTEXT(2) 
PARAMETRIC_REPRESENTATION_CONTEXT() REPRESENTATION_CONTEXT('2D SPACE',''
  ) );
#5043 = ORIENTED_EDGE('',*,*,#4770,.T.);
#5044 = ORIENTED_EDGE('',*,*,#4576,.F.);
#5045 = ORIENTED_EDGE('',*,*,#4520,.F.);
#5046 = ORIENTED_EDGE('',*,*,#5047,.T.);
#5047 = EDGE_CURVE('',#4495,#4804,#5048,.T.);
#5048 = SURFACE_CURVE('',#5049,(#5149,#5156),.PCURVE_S1.);
#5049 = B_SPLINE_CURVE_WITH_KNOTS('',3,(#5050,#5051,#5052,#5053,#5054,
    #5055,#5056,#5057,#5058,#5059,#5060,#5061,#5062,#5063,#5064,#5065,
    #5066,#5067,#5068,#5069,#5070,#5071,#5072,#5073,#5074,#5075,#5076,
    #5077,#5078,#5079,#5080,#5081,#5082,#5083,#5084,#5085,#5086,#5087,
    #5088,#5089,#5090,#5091,#5092,#5093,#5094,#5095,#5096,#5097,#5098,
    #5099,#5100,#5101,#5102,#5103,#5104,#5105,#5106,#5107,#5108,#5109,
    #5110,#5111,#5112,#5113,#5114,#5115,#5116,#5117,#5118,#5119,#5120,
    #5121,#5122,#5123,#5124,#5125,#5126,#5127,#5128,#5129,#5130,#5131,
    #5132,#5133,#5134,#5135,#5136,#5137,#5138,#5139,#5140,#5141,#5142,
    #5143,#5144,#5145,#5146,#5147,#5148),.UNSPECIFIED.,.T.,.F.,(1,1,2,1,
    1,1,1,1,1,1,1,1,1,1,1,1,1,1,1,1,1,1,1,1,1,1,1,1,1,1,1,1,1,1,1,1,1,1,
    1,1,1,1,1,1,1,1,1,1,1,1,1,1,1,1,1,1,1,1,1,1,1,1,1,1,1,1,1,1,1,1,1,1,
    1,1,1,1,1,1,1,1,1,1,1,1,1,1,1,1,1,1,1,1,1,1,1,1,1,1,2,1,1),(
    -12.73666778934,-10.11296462659,0.,10.112964626598,12.736667789343,
    14.578871698217,16.059501754873,17.34087253809,18.512386283993,
    19.633737618649,20.749168125499,21.893252501555,23.093953567575,
    24.374793080826,25.756694105367,27.259667954987,28.904472277368,
    30.714428146398,32.717701126394,34.950572220252,37.46270307716,
    40.326550251725,43.656193374693,47.65074345976,52.717896433844,
    59.989173996988,88.060266779918,106.64167214322,111.4548782201,
    114.80962960979,117.45542209748,119.66280860007,121.56447523164,
    123.23706455914,124.72996391698,126.0778397072,127.30695642614,
    128.43876151795,129.4921509846,130.48505696623,131.43566760367,
    132.36343928437,133.2900175784,134.24024960608,135.24369187279,
    136.3375029567,137.57276169056,139.02977805141,140.86243531063,
    143.48374440221,153.59651559962,163.70953608713,166.33084517872,
    168.16350243794,169.62051879878,170.85577753265,171.94958861655,
    172.95303088327,173.90326291094,174.82984120498,175.75761288568,
    176.70822352312,177.70112950475,178.75451897139,179.88632406321,
    181.11544078215,182.46331657236,183.9562159302,185.62880525771,
    187.53047188928,189.73785839186,192.38365087956,195.73840226925,
    200.55160834613,219.13247693064,247.2041064925,254.47538405565,
    259.54253702973,263.5370871148,266.86673023777,269.73057741233,
    272.24270826924,274.4755793631,276.47885234309,278.28880821212,
    279.9336125345,281.43658638412,282.81848740867,284.09932692192,
    285.30002798794,286.44411236399,287.55954287084,288.6808942055,
    289.8524079514,291.13377873462,292.61440879127,294.45661270015,
    297.08031586289,307.19328048949,317.30624511609,319.92994827883),
  .UNSPECIFIED.);
#5050 = CARTESIAN_POINT('',(59.,69.953033588468,60.671766917521));
#5051 = CARTESIAN_POINT('',(59.,69.392793006797,67.328233082479));
#5052 = CARTESIAN_POINT('',(59.,69.779611788613,71.622627917108));
#5053 = CARTESIAN_POINT('',(59.,69.525345246935,76.474746528571));
#5054 = CARTESIAN_POINT('',(59.,69.274809615173,78.443983874105));
#5055 = CARTESIAN_POINT('',(59.,68.919438997123,79.940474701973));
#5056 = CARTESIAN_POINT('',(59.,68.458948134972,81.172163376922));
#5057 = CARTESIAN_POINT('',(59.,67.890183512569,82.223539694477));
#5058 = CARTESIAN_POINT('',(59.,67.211235231694,83.139108084263));
#5059 = CARTESIAN_POINT('',(59.,66.419867558924,83.946068991133));
#5060 = CARTESIAN_POINT('',(59.,65.51285145544,84.662964445833));
#5061 = CARTESIAN_POINT('',(59.,64.485287100256,85.303207851163));
#5062 = CARTESIAN_POINT('',(59.,63.330348309142,85.876724674412));
#5063 = CARTESIAN_POINT('',(59.,62.039087493138,86.390921740258));
#5064 = CARTESIAN_POINT('',(59.,60.600055695412,86.851375560863));
#5065 = CARTESIAN_POINT('',(59.,58.998577565966,87.262336117109));
#5066 = CARTESIAN_POINT('',(59.,57.215538377066,87.627086911073));
#5067 = CARTESIAN_POINT('',(59.,55.225418483925,87.94819672147));
#5068 = CARTESIAN_POINT('',(59.,52.993027726256,88.22769436649));
#5069 = CARTESIAN_POINT('',(59.,50.467758453393,88.467192249645));
#5070 = CARTESIAN_POINT('',(59.,47.572581646961,88.667971657404));
#5071 = CARTESIAN_POINT('',(59.,44.180279327846,88.831070392715));
#5072 = CARTESIAN_POINT('',(59.,40.051595284471,88.957288103642));
#5073 = CARTESIAN_POINT('',(59.,34.607889856211,89.047905644901));
#5074 = CARTESIAN_POINT('',(59.,21.138141418228,89.127241856303));
#5075 = CARTESIAN_POINT('',(59.,3.16353673222,89.076961943401));
#5076 = CARTESIAN_POINT('',(59.,-13.99180383689,89.12613250574));
#5077 = CARTESIAN_POINT('',(59.,-22.90811409099,89.047991474294));
#5078 = CARTESIAN_POINT('',(59.,-26.51175869571,88.957253088132));
#5079 = CARTESIAN_POINT('',(59.,-29.24506871847,88.83101539815));
#5080 = CARTESIAN_POINT('',(59.,-31.49107652079,88.667835014069));
#5081 = CARTESIAN_POINT('',(59.,-33.40817569948,88.466915117224));
#5082 = CARTESIAN_POINT('',(59.,-35.08060520375,88.227176496565));
#5083 = CARTESIAN_POINT('',(59.,-36.5593863179,87.947286241159));
#5084 = CARTESIAN_POINT('',(59.,-37.87804902335,87.625555713091));
#5085 = CARTESIAN_POINT('',(59.,-39.05990315007,87.259851436717));
#5086 = CARTESIAN_POINT('',(59.,-40.12181907475,86.847471086859));
#5087 = CARTESIAN_POINT('',(59.,-41.07635193082,86.384985130712));
#5088 = CARTESIAN_POINT('',(59.,-41.93299537108,85.868036327778));
#5089 = CARTESIAN_POINT('',(59.,-42.6989516967,85.291085936005));
#5090 = CARTESIAN_POINT('',(59.,-43.3796490723,84.647063990982));
#5091 = CARTESIAN_POINT('',(59.,-43.9791687018,83.926795364121));
#5092 = CARTESIAN_POINT('',(59.,-44.50066816155,83.117916234895));
#5093 = CARTESIAN_POINT('',(59.,-44.94677648782,82.202762820885));
#5094 = CARTESIAN_POINT('',(59.,-45.31984285207,81.154235624925));
#5095 = CARTESIAN_POINT('',(59.,-45.62206040736,79.927049483754));
#5096 = CARTESIAN_POINT('',(59.,-45.85528424761,78.435358721745));
#5097 = CARTESIAN_POINT('',(59.,-46.022462662,76.470879199217));
#5098 = CARTESIAN_POINT('',(59.,-46.16706346533,71.616188650941));
#5099 = CARTESIAN_POINT('',(59.,-46.07940924165,64.000041546208));
#5100 = CARTESIAN_POINT('',(59.,-46.16706571151,56.38389443211));
#5101 = CARTESIAN_POINT('',(59.,-46.02246268045,51.529120800657));
#5102 = CARTESIAN_POINT('',(59.,-45.85528424436,49.564641278277));
#5103 = CARTESIAN_POINT('',(59.,-45.62206040801,48.072950516241));
#5104 = CARTESIAN_POINT('',(59.,-45.31984285193,46.845764375076));
#5105 = CARTESIAN_POINT('',(59.,-44.94677648785,45.797237179114));
#5106 = CARTESIAN_POINT('',(59.,-44.50066816154,44.882083765105));
#5107 = CARTESIAN_POINT('',(59.,-43.9791687018,44.073204635879));
#5108 = CARTESIAN_POINT('',(59.,-43.3796490723,43.352936009018));
#5109 = CARTESIAN_POINT('',(59.,-42.6989516967,42.708914063995));
#5110 = CARTESIAN_POINT('',(59.,-41.93299537108,42.131963672222));
#5111 = CARTESIAN_POINT('',(59.,-41.07635193082,41.615014869288));
#5112 = CARTESIAN_POINT('',(59.,-40.12181907475,41.152528913141));
#5113 = CARTESIAN_POINT('',(59.,-39.05990315007,40.740148563283));
#5114 = CARTESIAN_POINT('',(59.,-37.87804902335,40.374444286908));
#5115 = CARTESIAN_POINT('',(59.,-36.5593863179,40.052713758842));
#5116 = CARTESIAN_POINT('',(59.,-35.08060520375,39.772823503431));
#5117 = CARTESIAN_POINT('',(59.,-33.40817569948,39.533084882793));
#5118 = CARTESIAN_POINT('',(59.,-31.49107652079,39.33216498585));
#5119 = CARTESIAN_POINT('',(59.,-29.24506871847,39.168984602236));
#5120 = CARTESIAN_POINT('',(59.,-26.51175869571,39.042746909916));
#5121 = CARTESIAN_POINT('',(59.,-22.90811409097,38.952008536901));
#5122 = CARTESIAN_POINT('',(59.,-13.99198276057,38.873868923129));
#5123 = CARTESIAN_POINT('',(59.,3.163357806372,38.92303782932));
#5124 = CARTESIAN_POINT('',(59.,21.137962493047,38.872757203787));
#5125 = CARTESIAN_POINT('',(59.,34.607889856219,38.952094345936));
#5126 = CARTESIAN_POINT('',(59.,40.05159528447,39.042711897956));
#5127 = CARTESIAN_POINT('',(59.,44.180279327847,39.16892960697));
#5128 = CARTESIAN_POINT('',(59.,47.572581646959,39.332028342662));
#5129 = CARTESIAN_POINT('',(59.,50.467758453399,39.53280775034));
#5130 = CARTESIAN_POINT('',(59.,52.993027726239,39.772305633513));
#5131 = CARTESIAN_POINT('',(59.,55.22541848398,40.05180327853));
#5132 = CARTESIAN_POINT('',(59.,57.215538376892,40.372913088927));
#5133 = CARTESIAN_POINT('',(59.,58.998577566528,40.737663882891));
#5134 = CARTESIAN_POINT('',(59.,60.60005569359,41.148624439137));
#5135 = CARTESIAN_POINT('',(59.,62.039087499101,41.609078259742));
#5136 = CARTESIAN_POINT('',(59.,63.330348289433,42.123275325588));
#5137 = CARTESIAN_POINT('',(59.,64.485287166264,42.696792148837));
#5138 = CARTESIAN_POINT('',(59.,65.512851230133,43.337035554167));
#5139 = CARTESIAN_POINT('',(59.,66.419868349168,44.053931008867));
#5140 = CARTESIAN_POINT('',(59.,67.21123235313,44.860891915737));
#5141 = CARTESIAN_POINT('',(59.,67.890194534161,45.776460305523));
#5142 = CARTESIAN_POINT('',(59.,68.458903234043,46.827836623078));
#5143 = CARTESIAN_POINT('',(59.,68.919636128024,48.059525298027));
#5144 = CARTESIAN_POINT('',(59.,69.273858200803,49.556016125895));
#5145 = CARTESIAN_POINT('',(59.,69.530672773692,51.525253471429));
#5146 = CARTESIAN_POINT('',(59.,69.713956400986,56.377372082892));
#5147 = CARTESIAN_POINT('',(59.,69.953033588468,60.671766917521));
#5148 = CARTESIAN_POINT('',(59.,69.392793006797,67.328233082479));
#5149 = PCURVE('',#2909,#5150);
#5150 = DEFINITIONAL_REPRESENTATION('',(#5151),#5155);
#5151 = LINE('',#5152,#5153);
#5152 = CARTESIAN_POINT('',(0.,-59.));
#5153 = VECTOR('',#5154,1.);
#5154 = DIRECTION('',(1.,0.));
#5155 = ( GEOMETRIC_REPRESENTATION_CONTEXT(2) 
PARAMETRIC_REPRESENTATION_CONTEXT() REPRESENTATION_CONTEXT('2D SPACE',''
  ) );
#5156 = PCURVE('',#4509,#5157);
#5157 = DEFINITIONAL_REPRESENTATION('',(#5158),#5258);
#5158 = B_SPLINE_CURVE_WITH_KNOTS('',3,(#5159,#5160,#5161,#5162,#5163,
    #5164,#5165,#5166,#5167,#5168,#5169,#5170,#5171,#5172,#5173,#5174,
    #5175,#5176,#5177,#5178,#5179,#5180,#5181,#5182,#5183,#5184,#5185,
    #5186,#5187,#5188,#5189,#5190,#5191,#5192,#5193,#5194,#5195,#5196,
    #5197,#5198,#5199,#5200,#5201,#5202,#5203,#5204,#5205,#5206,#5207,
    #5208,#5209,#5210,#5211,#5212,#5213,#5214,#5215,#5216,#5217,#5218,
    #5219,#5220,#5221,#5222,#5223,#5224,#5225,#5226,#5227,#5228,#5229,
    #5230,#5231,#5232,#5233,#5234,#5235,#5236,#5237,#5238,#5239,#5240,
    #5241,#5242,#5243,#5244,#5245,#5246,#5247,#5248,#5249,#5250,#5251,
    #5252,#5253,#5254,#5255,#5256,#5257),.UNSPECIFIED.,.F.,.F.,(1,1,2,1,
    1,1,1,1,1,1,1,1,1,1,1,1,1,1,1,1,1,1,1,1,1,1,1,1,1,1,1,1,1,1,1,1,1,1,
    1,1,1,1,1,1,1,1,1,1,1,1,1,1,1,1,1,1,1,1,1,1,1,1,1,1,1,1,1,1,1,1,1,1,
    1,1,1,1,1,1,1,1,1,1,1,1,1,1,1,1,1,1,1,1,1,1,1,1,1,1,2,1,1),(
    -12.73666778934,-10.11296462659,0.,10.112964626598,12.736667789343,
    14.578871698217,16.059501754873,17.34087253809,18.512386283993,
    19.633737618649,20.749168125499,21.893252501555,23.093953567575,
    24.374793080826,25.756694105367,27.259667954987,28.904472277368,
    30.714428146398,32.717701126394,34.950572220252,37.46270307716,
    40.326550251725,43.656193374693,47.65074345976,52.717896433844,
    59.989173996988,88.060266779918,106.64167214322,111.4548782201,
    114.80962960979,117.45542209748,119.66280860007,121.56447523164,
    123.23706455914,124.72996391698,126.0778397072,127.30695642614,
    128.43876151795,129.4921509846,130.48505696623,131.43566760367,
    132.36343928437,133.2900175784,134.24024960608,135.24369187279,
    136.3375029567,137.57276169056,139.02977805141,140.86243531063,
    143.48374440221,153.59651559962,163.70953608713,166.33084517872,
    168.16350243794,169.62051879878,170.85577753265,171.94958861655,
    172.95303088327,173.90326291094,174.82984120498,175.75761288568,
    176.70822352312,177.70112950475,178.75451897139,179.88632406321,
    181.11544078215,182.46331657236,183.9562159302,185.62880525771,
    187.53047188928,189.73785839186,192.38365087956,195.73840226925,
    200.55160834613,219.13247693064,247.2041064925,254.47538405565,
    259.54253702973,263.5370871148,266.86673023777,269.73057741233,
    272.24270826924,274.4755793631,276.47885234309,278.28880821212,
    279.9336125345,281.43658638412,282.81848740867,284.09932692192,
    285.30002798794,286.44411236399,287.55954287084,288.6808942055,
    289.8524079514,291.13377873462,292.61440879127,294.45661270015,
    297.08031586289,307.19328048949,317.30624511609,319.92994827883),
  .UNSPECIFIED.);
#5159 = CARTESIAN_POINT('',(58.571145714644,-3.328162049818));
#5160 = CARTESIAN_POINT('',(58.010905132972,3.32830411514));
#5161 = CARTESIAN_POINT('',(58.397723914788,7.622698949769));
#5162 = CARTESIAN_POINT('',(58.143457373111,12.474817561232));
#5163 = CARTESIAN_POINT('',(57.892921741348,14.444054906766));
#5164 = CARTESIAN_POINT('',(57.537551123298,15.940545734635));
#5165 = CARTESIAN_POINT('',(57.077060261147,17.172234409583));
#5166 = CARTESIAN_POINT('',(56.508295638745,18.223610727138));
#5167 = CARTESIAN_POINT('',(55.829347357869,19.139179116924));
#5168 = CARTESIAN_POINT('',(55.037979685099,19.946140023794));
#5169 = CARTESIAN_POINT('',(54.130963581615,20.663035478494));
#5170 = CARTESIAN_POINT('',(53.103399226431,21.303278883825));
#5171 = CARTESIAN_POINT('',(51.948460435317,21.876795707073));
#5172 = CARTESIAN_POINT('',(50.657199619313,22.390992772919));
#5173 = CARTESIAN_POINT('',(49.218167821587,22.851446593524));
#5174 = CARTESIAN_POINT('',(47.616689692141,23.262407149771));
#5175 = CARTESIAN_POINT('',(45.833650503241,23.627157943734));
#5176 = CARTESIAN_POINT('',(43.843530610101,23.948267754131));
#5177 = CARTESIAN_POINT('',(41.611139852431,24.227765399151));
#5178 = CARTESIAN_POINT('',(39.085870579568,24.467263282306));
#5179 = CARTESIAN_POINT('',(36.190693773137,24.668042690065));
#5180 = CARTESIAN_POINT('',(32.798391454021,24.831141425376));
#5181 = CARTESIAN_POINT('',(28.669707410646,24.957359136303));
#5182 = CARTESIAN_POINT('',(23.226001982387,25.047976677562));
#5183 = CARTESIAN_POINT('',(9.756253544403,25.127312888964));
#5184 = CARTESIAN_POINT('',(-8.218351141604,25.077032976062));
#5185 = CARTESIAN_POINT('',(-25.37369171071,25.126203538401));
#5186 = CARTESIAN_POINT('',(-34.29000196482,25.048062506955));
#5187 = CARTESIAN_POINT('',(-37.89364656953,24.957324120793));
#5188 = CARTESIAN_POINT('',(-40.62695659229,24.831086430811));
#5189 = CARTESIAN_POINT('',(-42.87296439462,24.66790604673));
#5190 = CARTESIAN_POINT('',(-44.79006357331,24.466986149885));
#5191 = CARTESIAN_POINT('',(-46.46249307757,24.227247529226));
#5192 = CARTESIAN_POINT('',(-47.94127419172,23.94735727382));
#5193 = CARTESIAN_POINT('',(-49.25993689717,23.625626745752));
#5194 = CARTESIAN_POINT('',(-50.4417910239,23.259922469378));
#5195 = CARTESIAN_POINT('',(-51.50370694858,22.84754211952));
#5196 = CARTESIAN_POINT('',(-52.45823980465,22.385056163373));
#5197 = CARTESIAN_POINT('',(-53.3148832449,21.868107360439));
#5198 = CARTESIAN_POINT('',(-54.08083957052,21.291156968666));
#5199 = CARTESIAN_POINT('',(-54.76153694613,20.647135023643));
#5200 = CARTESIAN_POINT('',(-55.36105657563,19.926866396782));
#5201 = CARTESIAN_POINT('',(-55.88255603538,19.117987267556));
#5202 = CARTESIAN_POINT('',(-56.32866436165,18.202833853546));
#5203 = CARTESIAN_POINT('',(-56.7017307259,17.154306657586));
#5204 = CARTESIAN_POINT('',(-57.00394828118,15.927120516416));
#5205 = CARTESIAN_POINT('',(-57.23717212143,14.435429754406));
#5206 = CARTESIAN_POINT('',(-57.40435053583,12.470950231879));
#5207 = CARTESIAN_POINT('',(-57.54895133916,7.616259683602));
#5208 = CARTESIAN_POINT('',(-57.46129711548,1.125788692737E-04));
#5209 = CARTESIAN_POINT('',(-57.54895358534,-7.616034535229));
#5210 = CARTESIAN_POINT('',(-57.40435055427,-12.47080816668));
#5211 = CARTESIAN_POINT('',(-57.23717211818,-14.43528768906));
#5212 = CARTESIAN_POINT('',(-57.00394828184,-15.92697845109));
#5213 = CARTESIAN_POINT('',(-56.70173072575,-17.15416459226));
#5214 = CARTESIAN_POINT('',(-56.32866436168,-18.20269178822));
#5215 = CARTESIAN_POINT('',(-55.88255603537,-19.11784520223));
#5216 = CARTESIAN_POINT('',(-55.36105657563,-19.92672433146));
#5217 = CARTESIAN_POINT('',(-54.76153694613,-20.64699295832));
#5218 = CARTESIAN_POINT('',(-54.08083957052,-21.29101490334));
#5219 = CARTESIAN_POINT('',(-53.3148832449,-21.86796529511));
#5220 = CARTESIAN_POINT('',(-52.45823980465,-22.38491409805));
#5221 = CARTESIAN_POINT('',(-51.50370694858,-22.84740005419));
#5222 = CARTESIAN_POINT('',(-50.4417910239,-23.25978040405));
#5223 = CARTESIAN_POINT('',(-49.25993689717,-23.62548468043));
#5224 = CARTESIAN_POINT('',(-47.94127419172,-23.94721520849));
#5225 = CARTESIAN_POINT('',(-46.46249307757,-24.2271054639));
#5226 = CARTESIAN_POINT('',(-44.79006357331,-24.46684408454));
#5227 = CARTESIAN_POINT('',(-42.87296439462,-24.66776398148));
#5228 = CARTESIAN_POINT('',(-40.62695659229,-24.8309443651));
#5229 = CARTESIAN_POINT('',(-37.89364656954,-24.95718205742));
#5230 = CARTESIAN_POINT('',(-34.29000196479,-25.04792043043));
#5231 = CARTESIAN_POINT('',(-25.3738706344,-25.12606004421));
#5232 = CARTESIAN_POINT('',(-8.218530067452,-25.07689113801));
#5233 = CARTESIAN_POINT('',(9.756074619222,-25.12717176355));
#5234 = CARTESIAN_POINT('',(23.226001982395,-25.0478346214));
#5235 = CARTESIAN_POINT('',(28.669707410645,-24.95721706938));
#5236 = CARTESIAN_POINT('',(32.798391454022,-24.83099936036));
#5237 = CARTESIAN_POINT('',(36.190693773135,-24.66790062467));
#5238 = CARTESIAN_POINT('',(39.085870579574,-24.46712121699));
#5239 = CARTESIAN_POINT('',(41.611139852414,-24.22762333382));
#5240 = CARTESIAN_POINT('',(43.843530610155,-23.9481256888));
#5241 = CARTESIAN_POINT('',(45.833650503067,-23.62701587841));
#5242 = CARTESIAN_POINT('',(47.616689692703,-23.26226508444));
#5243 = CARTESIAN_POINT('',(49.218167819765,-22.8513045282));
#5244 = CARTESIAN_POINT('',(50.657199625276,-22.39085070759));
#5245 = CARTESIAN_POINT('',(51.948460415608,-21.87665364175));
#5246 = CARTESIAN_POINT('',(53.103399292439,-21.3031368185));
#5247 = CARTESIAN_POINT('',(54.130963356308,-20.66289341317));
#5248 = CARTESIAN_POINT('',(55.037980475343,-19.94599795847));
#5249 = CARTESIAN_POINT('',(55.829344479305,-19.1390370516));
#5250 = CARTESIAN_POINT('',(56.508306660336,-18.22346866181));
#5251 = CARTESIAN_POINT('',(57.077015360218,-17.17209234426));
#5252 = CARTESIAN_POINT('',(57.537748254199,-15.94040366931));
#5253 = CARTESIAN_POINT('',(57.891970326978,-14.44391284144));
#5254 = CARTESIAN_POINT('',(58.148784899867,-12.47467549591));
#5255 = CARTESIAN_POINT('',(58.332068527161,-7.622556884447));
#5256 = CARTESIAN_POINT('',(58.571145714644,-3.328162049818));
#5257 = CARTESIAN_POINT('',(58.010905132972,3.32830411514));
#5258 = ( GEOMETRIC_REPRESENTATION_CONTEXT(2) 
PARAMETRIC_REPRESENTATION_CONTEXT() REPRESENTATION_CONTEXT('2D SPACE',''
  ) );
#5259 = ADVANCED_FACE('',(#5260),#4438,.T.);
#5260 = FACE_BOUND('',#5261,.T.);
#5261 = EDGE_LOOP('',(#5262,#5263,#5282,#5283));
#5262 = ORIENTED_EDGE('',*,*,#4726,.F.);
#5263 = ORIENTED_EDGE('',*,*,#5264,.T.);
#5264 = EDGE_CURVE('',#4727,#4472,#5265,.T.);
#5265 = SURFACE_CURVE('',#5266,(#5270,#5276),.PCURVE_S1.);
#5266 = LINE('',#5267,#5268);
#5267 = CARTESIAN_POINT('',(59.,-1.809056063088,52.75));
#5268 = VECTOR('',#5269,1.);
#5269 = DIRECTION('',(0.,-1.,0.));
#5270 = PCURVE('',#4438,#5271);
#5271 = DEFINITIONAL_REPRESENTATION('',(#5272),#5275);
#5272 = B_SPLINE_CURVE_WITH_KNOTS('',1,(#5273,#5274),.UNSPECIFIED.,.F.,
  .F.,(2,2),(-16.80905606308,13.190943936912),.PIECEWISE_BEZIER_KNOTS.);
#5273 = CARTESIAN_POINT('',(27.5,30.));
#5274 = CARTESIAN_POINT('',(27.5,0.));
#5275 = ( GEOMETRIC_REPRESENTATION_CONTEXT(2) 
PARAMETRIC_REPRESENTATION_CONTEXT() REPRESENTATION_CONTEXT('2D SPACE',''
  ) );
#5276 = PCURVE('',#4509,#5277);
#5277 = DEFINITIONAL_REPRESENTATION('',(#5278),#5281);
#5278 = B_SPLINE_CURVE_WITH_KNOTS('',1,(#5279,#5280),.UNSPECIFIED.,.F.,
  .F.,(2,2),(-16.80905606308,13.190943936912),.PIECEWISE_BEZIER_KNOTS.);
#5279 = CARTESIAN_POINT('',(3.618112126175,-11.24992896733));
#5280 = CARTESIAN_POINT('',(-26.38188787382,-11.24992896733));
#5281 = ( GEOMETRIC_REPRESENTATION_CONTEXT(2) 
PARAMETRIC_REPRESENTATION_CONTEXT() REPRESENTATION_CONTEXT('2D SPACE',''
  ) );
#5282 = ORIENTED_EDGE('',*,*,#4471,.T.);
#5283 = ORIENTED_EDGE('',*,*,#4423,.F.);
#5284 = ADVANCED_FACE('',(#5285),#4509,.F.);
#5285 = FACE_BOUND('',#5286,.F.);
#5286 = EDGE_LOOP('',(#5287,#5288,#5289,#5290,#5291));
#5287 = ORIENTED_EDGE('',*,*,#5047,.T.);
#5288 = ORIENTED_EDGE('',*,*,#4831,.T.);
#5289 = ORIENTED_EDGE('',*,*,#4749,.F.);
#5290 = ORIENTED_EDGE('',*,*,#5264,.T.);
#5291 = ORIENTED_EDGE('',*,*,#4494,.T.);
#5292 = ( GEOMETRIC_REPRESENTATION_CONTEXT(3) 
GLOBAL_UNCERTAINTY_ASSIGNED_CONTEXT((#5296)) 
GLOBAL_UNIT_ASSIGNED_CONTEXT((#5293,#5294,#5295)) REPRESENTATION_CONTEXT
('Context #1','3D Context with UNIT and UNCERTAINTY') );
#5293 = ( LENGTH_UNIT() NAMED_UNIT(*) SI_UNIT(.MILLI.,.METRE.) );
#5294 = ( NAMED_UNIT(*) PLANE_ANGLE_UNIT() SI_UNIT($,.RADIAN.) );
#5295 = ( NAMED_UNIT(*) SI_UNIT($,.STERADIAN.) SOLID_ANGLE_UNIT() );
#5296 = UNCERTAINTY_MEASURE_WITH_UNIT(LENGTH_MEASURE(2.E-06),#5293,
  'distance_accuracy_value','confusion accuracy');
#5297 = PRODUCT_RELATED_PRODUCT_CATEGORY('part',$,(#7));
ENDSEC;
END-ISO-10303-21;
